-- file_type
INSERT INTO FILE_TYPE (ID, CODE, LABEL_EN, LABEL_FR) VALUES (39, 'CCT_CT_E_FSTP', 'Supervision file of pytosanitary treatment', 'Fiche de supervision de traitement phytosanitaire');

-- step
INSERT INTO STEP (ID, IS_FINAL, LABELEN, LABELFR, CODE) VALUES (126, 0, 'Supervision request', 'Demande de supervision', 'ST_CT_45');
INSERT INTO STEP (ID, IS_FINAL, LABELEN, LABELFR, CODE) VALUES (127, 0, 'Admissibility - Supervision request', 'Recevabilité - Demande de supervision', 'ST_CT_46');
INSERT INTO STEP (ID, IS_FINAL, LABELEN, LABELFR, CODE) VALUES (128, 0, 'Cotation', 'Cotation', 'ST_CT_47');
INSERT INTO STEP (ID, IS_FINAL, LABELEN, LABELFR, CODE) VALUES (129, 0, 'Confirmation RDV pour traitement', 'Confirmation RDV pour traitement', 'ST_CT_48');
INSERT INTO STEP (ID, IS_FINAL, LABELEN, LABELFR, CODE) VALUES (130, 0, 'Signature Confirmation RDV pour traitement', 'Signature Confirmation RDV pour traitement', 'ST_CT_49');

-- flow
-- first flow
INSERT INTO FLOW (ID, CODE, DURATION, IS_COTA, LABELEN, LABELFR, OUTGOING, FROM_STEP, TO_STEP) VALUES (189, 'FL_CT_99', 24, 0, 'Supervision request', 'Demande de supervision', 0, 126, 127);
-- flow in recevabilité agent
INSERT INTO FLOW (ID, CODE, DURATION, IS_COTA, LABELEN, LABELFR, OUTGOING, FROM_STEP, TO_STEP) VALUES (190, 'FL_CT_100', 24, 0, 'Validation after admissibility - Supervision request', 'Validation Suite Recevabilité - Demande de supervision', 0, 127, 128);
INSERT INTO FLOW (ID, CODE, DURATION, IS_COTA, LABELEN, LABELFR, OUTGOING, FROM_STEP, TO_STEP) VALUES (191, 'FL_CT_101', 24, 0, 'CI - Supervion request', 'CI - Demande de supervision', 1, 127, 126);
INSERT INTO FLOW (ID, CODE, DURATION, IS_COTA, LABELEN, LABELFR, OUTGOING, FROM_STEP, TO_STEP) VALUES (192, 'FL_CT_102', 24, 0, 'Rejet - Supervion request', 'Rejet - Demande de supervision', 1, 127, 5);
--
INSERT INTO FLOW (ID, CODE, DURATION, IS_COTA, LABELEN, LABELFR, OUTGOING, FROM_STEP, TO_STEP) VALUES (193, 'FL_CT_103', 24, 0, 'Cotation', 'Cotation', 0, 128, 129);
INSERT INTO FLOW (ID, CODE, DURATION, IS_COTA, LABELEN, LABELFR, OUTGOING, FROM_STEP, TO_STEP) VALUES (194, 'FL_CT_104', 24, 0, 'Confirmation RDV pour traitement', 'Confirmation RDV pour traitement', 0, 129, 130);
INSERT INTO FLOW (ID, CODE, DURATION, IS_COTA, LABELEN, LABELFR, OUTGOING, FROM_STEP, TO_STEP) VALUES (195, 'FL_CT_105', 24, 0, 'Signature Confirmation RDV pour traitement', 'Signature Confirmation RDV pour traitement', 1, 130, 4);

--
INSERT INTO DATA_TYPE (ID, FLOW_ID, LABEL, REQUIRED, TYPE) VALUES ((SELECT MAX(ID) + 1 FROM DATA_TYPE), 190, 'Observation',  0, 'inputTextarea');
INSERT INTO DATA_TYPE (ID, FLOW_ID, LABEL, REQUIRED, TYPE) VALUES ((SELECT MAX(ID) + 1 FROM DATA_TYPE), 191, 'Observation',  1, 'inputTextarea');
INSERT INTO DATA_TYPE (ID, FLOW_ID, LABEL, REQUIRED, TYPE) VALUES ((SELECT MAX(ID) + 1 FROM DATA_TYPE), 192, 'Observation',  1, 'inputTextarea');
INSERT INTO DATA_TYPE (ID, FLOW_ID, LABEL, REQUIRED, TYPE) VALUES ((SELECT MAX(ID) + 1 FROM DATA_TYPE), 193, 'Observation',  0, 'inputTextarea');
INSERT INTO DATA_TYPE (ID, FLOW_ID, LABEL, LABEL_EN, REQUIRED, TYPE, PROPS) VALUES ((SELECT MAX(ID) + 1 FROM DATA_TYPE), 194, 'Date de traitement', 'Treatment date',  1, 'calendar', 'pattern=dd-MM-yyyy HH:mm');
--INSERT INTO DATA_TYPE (ID, FLOW_ID, LABEL, REQUIRED, TYPE) VALUES ((SELECT MAX(ID) + 1 FROM DATA_TYPE), 194, 'Observation',  0, 'inputTextarea');
INSERT INTO DATA_TYPE (ID, FLOW_ID, LABEL, REQUIRED, TYPE) VALUES ((SELECT MAX(ID) + 1 FROM DATA_TYPE), 195, 'Observation',  0, 'inputTextarea');

-- file_type_flow
INSERT INTO FILE_TYPE_FLOW (LABEL_EN,LABEL_FR,FILE_TYPE_ID,FLOW_ID) VALUES ('Confirmation de RDV pour validation','Confirmation de RDV pour validation',39,31);
INSERT INTO FILE_TYPE_FLOW (LABEL_EN,LABEL_FR,FILE_TYPE_ID,FLOW_ID) VALUES ('Confirmation de RDV pour traitement','Confirmation de RDV pour traitement',39,8);
INSERT INTO FILE_TYPE_FLOW (LABEL_EN,LABEL_FR,FILE_TYPE_ID,FLOW_ID) VALUES ('Refus - Confirmation de RDV','Refus - Confirmation de RDV',39,76);

-- file_type_step
INSERT INTO FILE_TYPE_STEP (IS_AP_DECISION, LABEL_EN, LABEL_FR, FILE_TYPE_ID, STEP_ID) VALUES (0, 'Demande de Traitement', 'Demande de Traitement', 39, 126);
INSERT INTO FILE_TYPE_STEP (IS_AP_DECISION, LABEL_EN, LABEL_FR, FILE_TYPE_ID, STEP_ID) VALUES (0, 'Admissibility study - Supervision request', 'Etude de Recevabilité - Demande de supervision', 39, 127);
INSERT INTO FILE_TYPE_STEP (IS_AP_DECISION, LABEL_EN, LABEL_FR, FILE_TYPE_ID, STEP_ID) VALUES (0, 'Cotation', 'Cotation', 39, 128);
INSERT INTO FILE_TYPE_STEP (IS_AP_DECISION, LABEL_EN, LABEL_FR, FILE_TYPE_ID, STEP_ID) VALUES (0, 'Confirmation RDV pour traitement', 'Confirmation RDV pour traitement', 39, 129);
INSERT INTO FILE_TYPE_STEP (IS_AP_DECISION, LABEL_EN, LABEL_FR, FILE_TYPE_ID, STEP_ID) VALUES (0, 'Signature Confirmation RDV pour traitement', 'Signature Confirmation RDV pour traitement', 39, 130);
INSERT INTO FILE_TYPE_STEP (IS_AP_DECISION, LABEL_EN, LABEL_FR, FILE_TYPE_ID, STEP_ID) VALUES (0, 'Depth study', 'Etude approfondie', 39, 4);
INSERT INTO FILE_TYPE_STEP (IS_AP_DECISION, LABEL_EN, LABEL_FR, FILE_TYPE_ID, STEP_ID) VALUES (0, 'Confirmation de RDV Suite (EA)', 'Confirmation de RDV Suite (EA)', 39, 31);
INSERT INTO FILE_TYPE_STEP (IS_AP_DECISION, LABEL_EN, LABEL_FR, FILE_TYPE_ID, STEP_ID) VALUES (0, 'Fin Rejet', 'Fin Rejet', 39, 5);
INSERT INTO FILE_TYPE_STEP (IS_AP_DECISION, LABEL_EN, LABEL_FR, FILE_TYPE_ID, STEP_ID) VALUES (0, 'Supervion Request End', 'Fin Demande de Supervision', 39, 6);

-- flow_guce_siat
INSERT INTO FLOW_GUCE_SIAT (ID,FLOW_GUCE, FLOW_SIAT, FILE_TYPE_ID) VALUES ((SELECT MAX(ID) + 1 FROM FLOW_GUCE_SIAT),'CTE301','FL_CT_99',39);
INSERT INTO FLOW_GUCE_SIAT (ID,FLOW_GUCE, FLOW_SIAT, FILE_TYPE_ID) VALUES ((SELECT MAX(ID) + 1 FROM FLOW_GUCE_SIAT),'CTE302','FL_CT_101',39);
INSERT INTO FLOW_GUCE_SIAT (ID,FLOW_GUCE, FLOW_SIAT, FILE_TYPE_ID) VALUES ((SELECT MAX(ID) + 1 FROM FLOW_GUCE_SIAT),'CTE311',NULL,39);
INSERT INTO FLOW_GUCE_SIAT (ID,FLOW_GUCE, FLOW_SIAT, FILE_TYPE_ID) VALUES ((SELECT MAX(ID) + 1 FROM FLOW_GUCE_SIAT),'CTE303','FL_CT_102',39);
INSERT INTO FLOW_GUCE_SIAT (ID,FLOW_GUCE, FLOW_SIAT, FILE_TYPE_ID) VALUES ((SELECT MAX(ID) + 1 FROM FLOW_GUCE_SIAT),'CTE303','FL_CT_91',39);
INSERT INTO FLOW_GUCE_SIAT (ID,FLOW_GUCE, FLOW_SIAT, FILE_TYPE_ID) VALUES ((SELECT MAX(ID) + 1 FROM FLOW_GUCE_SIAT),'CTE314','FL_CT_105',39);
INSERT INTO FLOW_GUCE_SIAT (ID,FLOW_GUCE, FLOW_SIAT, FILE_TYPE_ID) VALUES ((SELECT MAX(ID) + 1 FROM FLOW_GUCE_SIAT),'CTE304','FL_CT_08',39);

-- STEP_AUTHORITY
INSERT INTO STEP_AUTHORITY (STEP_ID, AUTHORITY_ID) VALUES (126, 19);
INSERT INTO STEP_AUTHORITY (STEP_ID, AUTHORITY_ID) VALUES (127, 12);
INSERT INTO STEP_AUTHORITY (STEP_ID, AUTHORITY_ID) VALUES (128, 6);
INSERT INTO STEP_AUTHORITY (STEP_ID, AUTHORITY_ID) VALUES (129, 13);
INSERT INTO STEP_AUTHORITY (STEP_ID, AUTHORITY_ID) VALUES (130, 17);

-- file_type_authority
INSERT INTO FILE_TYPE_AUTHORITY (FILE_TYPE_ID, AUTHORITY_ID) VALUES (39, 4);
INSERT INTO FILE_TYPE_AUTHORITY (FILE_TYPE_ID, AUTHORITY_ID) VALUES (39, 6);
INSERT INTO FILE_TYPE_AUTHORITY (FILE_TYPE_ID, AUTHORITY_ID) VALUES (39, 12);
INSERT INTO FILE_TYPE_AUTHORITY (FILE_TYPE_ID, AUTHORITY_ID) VALUES (39, 13);
INSERT INTO FILE_TYPE_AUTHORITY (FILE_TYPE_ID, AUTHORITY_ID) VALUES (39, 17);
INSERT INTO FILE_TYPE_AUTHORITY (FILE_TYPE_ID, AUTHORITY_ID) VALUES (39, 18);
INSERT INTO FILE_TYPE_AUTHORITY (FILE_TYPE_ID, AUTHORITY_ID) VALUES (39, 19);

-- USER_AUTHORIRTY_FILE_TYPE
INSERT INTO USER_AUTHORIRTY_FILE_TYPE (FILE_TYPE_ID, USER_AUTHORITY_ID ) VALUES (39, 312);
INSERT INTO USER_AUTHORIRTY_FILE_TYPE (FILE_TYPE_ID, USER_AUTHORITY_ID ) VALUES (39, 313);
INSERT INTO USER_AUTHORIRTY_FILE_TYPE (FILE_TYPE_ID, USER_AUTHORITY_ID ) VALUES (39, 314);
INSERT INTO USER_AUTHORIRTY_FILE_TYPE (FILE_TYPE_ID, USER_AUTHORITY_ID ) VALUES (39, 315);
INSERT INTO USER_AUTHORIRTY_FILE_TYPE (FILE_TYPE_ID, USER_AUTHORITY_ID ) VALUES (39, 316);
INSERT INTO USER_AUTHORIRTY_FILE_TYPE (FILE_TYPE_ID, USER_AUTHORITY_ID ) VALUES (39, 317);
INSERT INTO USER_AUTHORIRTY_FILE_TYPE (FILE_TYPE_ID, USER_AUTHORITY_ID ) VALUES (39, 318);
INSERT INTO USER_AUTHORIRTY_FILE_TYPE (FILE_TYPE_ID, USER_AUTHORITY_ID ) VALUES (39, 319);

-- file_type_service
INSERT INTO FILE_TYPE_SERVICE (ID,FILE_TYPE_ID,SERVICE_ID) VALUES ((SELECT MAX(ID) + 1 FROM FILE_TYPE_SERVICE), 39, 5);

-- ministry_file_type
INSERT INTO MINISTRY_FILE_TYPE (MINISTRY_ID, FILE_TYPE_ID) VALUES (1, 39);

-- FILE_TYPE_FLOW_REPORT
INSERT INTO FILE_TYPE_FLOW_REPORT (ID, FILE_FIELD_NAME, FILE_TYPE_ID, FLOW_ID, ORGANISM_ID, REPORT_CLASS_NAME, REPORT_NAME) VALUES(39, 'NUMERO_CCT_CT_E_FSTP', 39, 8, 3, 'org.guce.siat.web.reports.exporter.CtCctTreatmentExporter', 'CCT_CT_E_FSTP.pdf');
INSERT INTO FILE_TYPE_FLOW_REPORT (ID, FILE_FIELD_NAME, FILE_TYPE_ID, FLOW_ID, ORGANISM_ID, REPORT_CLASS_NAME, REPORT_NAME) VALUES((SELECT MAX(ID) + 1 FROM FILE_TYPE_FLOW_REPORT), 'NUMERO_CCT_CT_E_FSTP', 39, 89, 3, 'org.guce.siat.web.reports.exporter.CtCctTreatmentExporter', 'CCT_CT_E_FSTP.pdf');

-- REPORT_ORGANISM
INSERT INTO REPORT_ORGANISM(ID, SEQUENCE, VALUE, FILE_TYPE_FLOW_REPORT, ORGANISM) VALUES ((SELECT MAX(ID) + 1 FROM REPORT_ORGANISM), 0, '/PSTP/MINADER/SG/DRCQ', 39, 3);

-- FILE_FIELD
INSERT INTO FILE_FIELD (ID,FILE_TYPE_ID,CODE,LABEL_FR,LABEL_EN,REPEATABLE,GROUP_ID,UPDATABLE) VALUES ((SELECT MAX(ID) + 1 FROM FILE_FIELD),39,'NUMERO_CCT_CT_E_FSTP','Numéro Fiche de supervision de traitement','Numéro Fiche de supervision de traitement',0,1,1);
INSERT INTO FILE_FIELD (ID,FILE_TYPE_ID,CODE,LABEL_FR,LABEL_EN,REPEATABLE,GROUP_ID,UPDATABLE) VALUES ((SELECT MAX(ID) + 1 FROM FILE_FIELD),39,'CODE_BUREAU','Code Bureau','Office Code',0,1,1);
INSERT INTO FILE_FIELD (ID,FILE_TYPE_ID,CODE,LABEL_FR,LABEL_EN,REPEATABLE,GROUP_ID,UPDATABLE) VALUES ((SELECT MAX(ID) + 1 FROM FILE_FIELD),39,'TYPE_DEMANDE','Type de la demande','Type de la demande',0,1,1);
INSERT INTO FILE_FIELD (ID,FILE_TYPE_ID,CODE,LABEL_FR,LABEL_EN,REPEATABLE,GROUP_ID,UPDATABLE) VALUES ((SELECT MAX(ID) + 1 FROM FILE_FIELD),39,'TRANSITAIRE_NUMERO_CONTRIBUABLE','Numéro Contribuable','Taxpayer ID',0,7,1);
INSERT INTO FILE_FIELD (ID,FILE_TYPE_ID,CODE,LABEL_FR,LABEL_EN,REPEATABLE,GROUP_ID,UPDATABLE) VALUES ((SELECT MAX(ID) + 1 FROM FILE_FIELD),39,'TRANSITAIRE_RAISONSOCIALE','Raison Sociale','Name/Business Name',0,7,1);
INSERT INTO FILE_FIELD (ID,FILE_TYPE_ID,CODE,LABEL_FR,LABEL_EN,REPEATABLE,GROUP_ID,UPDATABLE) VALUES ((SELECT MAX(ID) + 1 FROM FILE_FIELD),39,'TRANSITAIRE_ADRESSE_ADRESSE1','Adresse (Adresse 1)','Address (Address 1)',0,7,1);
INSERT INTO FILE_FIELD (ID,FILE_TYPE_ID,CODE,LABEL_FR,LABEL_EN,REPEATABLE,GROUP_ID,UPDATABLE) VALUES ((SELECT MAX(ID) + 1 FROM FILE_FIELD),39,'TRANSITAIRE_ADRESSE_ADRESSE2','Adresse (Adresse 2)','Address (Address 2)',0,7,1);
INSERT INTO FILE_FIELD (ID,FILE_TYPE_ID,CODE,LABEL_FR,LABEL_EN,REPEATABLE,GROUP_ID,UPDATABLE) VALUES ((SELECT MAX(ID) + 1 FROM FILE_FIELD),39,'TRANSITAIRE_ADRESSE_BP','Adresse (BP)','Address (P.O. Box)',0,7,1);
INSERT INTO FILE_FIELD (ID,FILE_TYPE_ID,CODE,LABEL_FR,LABEL_EN,REPEATABLE,GROUP_ID,UPDATABLE) VALUES ((SELECT MAX(ID) + 1 FROM FILE_FIELD),39,'TRANSITAIRE_ADRESSE_PAYSADDRESS_CODEPAYS','Adresse Pays (Code Pays)','Address Country (Country Code)',0,7,1);
INSERT INTO FILE_FIELD (ID,FILE_TYPE_ID,CODE,LABEL_FR,LABEL_EN,REPEATABLE,GROUP_ID,UPDATABLE) VALUES ((SELECT MAX(ID) + 1 FROM FILE_FIELD),39,'TRANSITAIRE_ADRESSE_PAYSADDRESS_NOMPAYS','Adresse Pays (Nom Pays)','Address Country (Country Name)',0,7,1);
INSERT INTO FILE_FIELD (ID,FILE_TYPE_ID,CODE,LABEL_FR,LABEL_EN,REPEATABLE,GROUP_ID,UPDATABLE) VALUES ((SELECT MAX(ID) + 1 FROM FILE_FIELD),39,'TRANSITAIRE_ADRESSE_VILLE','Adresse (Ville)','Address (City)',0,7,1);
INSERT INTO FILE_FIELD (ID,FILE_TYPE_ID,CODE,LABEL_FR,LABEL_EN,REPEATABLE,GROUP_ID,UPDATABLE) VALUES ((SELECT MAX(ID) + 1 FROM FILE_FIELD),39,'TRANSITAIRE_ADRESSE_ADRESSEELECTRONIQUE','Adresse (Adresse Électronique)','Address (e-mail Address)',0,7,1);
INSERT INTO FILE_FIELD (ID,FILE_TYPE_ID,CODE,LABEL_FR,LABEL_EN,REPEATABLE,GROUP_ID,UPDATABLE) VALUES ((SELECT MAX(ID) + 1 FROM FILE_FIELD),39,'TRANSITAIRE_ADRESSE_SITEWEB','Adresse (Site Web)','Address (Web Site)',0,7,1);
INSERT INTO FILE_FIELD (ID,FILE_TYPE_ID,CODE,LABEL_FR,LABEL_EN,REPEATABLE,GROUP_ID,UPDATABLE) VALUES ((SELECT MAX(ID) + 1 FROM FILE_FIELD),39,'TRANSITAIRE_TELEPHONE_FIXE_INDICATIFPAYS','Téléphone Fixe (Indicatif Pays)','Telephone (Country Dialing Code)',0,7,1);
INSERT INTO FILE_FIELD (ID,FILE_TYPE_ID,CODE,LABEL_FR,LABEL_EN,REPEATABLE,GROUP_ID,UPDATABLE) VALUES ((SELECT MAX(ID) + 1 FROM FILE_FIELD),39,'TRANSITAIRE_TELEPHONE_FIXE_NUMERO','Téléphone Fixe (Numéro)','Telephone (Number)',0,7,1);
INSERT INTO FILE_FIELD (ID,FILE_TYPE_ID,CODE,LABEL_FR,LABEL_EN,REPEATABLE,GROUP_ID,UPDATABLE) VALUES ((SELECT MAX(ID) + 1 FROM FILE_FIELD),39,'TRANSITAIRE_TELEPHONE_MOBILE_INDICATIFPAYS','Téléphone Mobile (Indicatif Pays)','Mobile Phone (Country Dialing Code)',0,7,1);
INSERT INTO FILE_FIELD (ID,FILE_TYPE_ID,CODE,LABEL_FR,LABEL_EN,REPEATABLE,GROUP_ID,UPDATABLE) VALUES ((SELECT MAX(ID) + 1 FROM FILE_FIELD),39,'TRANSITAIRE_TELEPHONE_MOBILE_NUMERO','Téléphone Mobile (Numéro)','Mobile Phone (Number)',0,7,1);
INSERT INTO FILE_FIELD (ID,FILE_TYPE_ID,CODE,LABEL_FR,LABEL_EN,REPEATABLE,GROUP_ID,UPDATABLE) VALUES ((SELECT MAX(ID) + 1 FROM FILE_FIELD),39,'TRANSITAIRE_FAX_INDICATIFPAYS','Fax (Indicatif Pays)','Fax (Country Dialing Code)',0,7,1);
INSERT INTO FILE_FIELD (ID,FILE_TYPE_ID,CODE,LABEL_FR,LABEL_EN,REPEATABLE,GROUP_ID,UPDATABLE) VALUES ((SELECT MAX(ID) + 1 FROM FILE_FIELD),39,'TRANSITAIRE_FAX_NUMERO','Fax (Numéro)','Fax (Number)',0,7,1);
INSERT INTO FILE_FIELD (ID,FILE_TYPE_ID,CODE,LABEL_FR,LABEL_EN,REPEATABLE,GROUP_ID,UPDATABLE) VALUES ((SELECT MAX(ID) + 1 FROM FILE_FIELD),39,'SIGNATAIRE_NOM','Nom du Signataire','Signatory Name',0,9,1);
INSERT INTO FILE_FIELD (ID,FILE_TYPE_ID,CODE,LABEL_FR,LABEL_EN,REPEATABLE,GROUP_ID,UPDATABLE) VALUES ((SELECT MAX(ID) + 1 FROM FILE_FIELD),39,'SIGNATAIRE_QUALITE','Qualité du Signataire','Signatory Position',0,9,1);
INSERT INTO FILE_FIELD (ID,FILE_TYPE_ID,CODE,LABEL_FR,LABEL_EN,REPEATABLE,GROUP_ID,UPDATABLE) VALUES ((SELECT MAX(ID) + 1 FROM FILE_FIELD),39,'SIGNATAIRE_LIEU','Lieu de Signature','Place of Signature',0,9,1);
INSERT INTO FILE_FIELD (ID,FILE_TYPE_ID,CODE,LABEL_FR,LABEL_EN,REPEATABLE,GROUP_ID,UPDATABLE) VALUES ((SELECT MAX(ID) + 1 FROM FILE_FIELD),39,'SIGNATAIRE_DATE','Date de Signature','Date of  Signature',0,9,1);
INSERT INTO FILE_FIELD (ID,FILE_TYPE_ID,CODE,LABEL_FR,LABEL_EN,REPEATABLE,GROUP_ID,UPDATABLE) VALUES ((SELECT MAX(ID) + 1 FROM FILE_FIELD),39,'DESTINATAIRE_RAISONSOCIALE','Raison Sociale','Name/Business Name',0,8,1);
INSERT INTO FILE_FIELD (ID,FILE_TYPE_ID,CODE,LABEL_FR,LABEL_EN,REPEATABLE,GROUP_ID,UPDATABLE) VALUES ((SELECT MAX(ID) + 1 FROM FILE_FIELD),39,'DESTINATAIRE_ADRESSE_ADRESSE1','Adresse (Adresse 1)','Address (Address 1)',0,8,1);
INSERT INTO FILE_FIELD (ID,FILE_TYPE_ID,CODE,LABEL_FR,LABEL_EN,REPEATABLE,GROUP_ID,UPDATABLE) VALUES ((SELECT MAX(ID) + 1 FROM FILE_FIELD),39,'DESTINATAIRE_ADRESSE_ADRESSE2','Adresse (Adresse 2)','Address (Address 2)',0,8,1);
INSERT INTO FILE_FIELD (ID,FILE_TYPE_ID,CODE,LABEL_FR,LABEL_EN,REPEATABLE,GROUP_ID,UPDATABLE) VALUES ((SELECT MAX(ID) + 1 FROM FILE_FIELD),39,'DESTINATAIRE_ADRESSE_BP','Adresse (BP)','Address (P.O. Box)',0,8,1);
INSERT INTO FILE_FIELD (ID,FILE_TYPE_ID,CODE,LABEL_FR,LABEL_EN,REPEATABLE,GROUP_ID,UPDATABLE) VALUES ((SELECT MAX(ID) + 1 FROM FILE_FIELD),39,'DESTINATAIRE_ADRESSE_PAYSADDRESS_CODEPAYS','Adresse Pays (Code Pays)','Address Country (Country Code)',0,8,1);
INSERT INTO FILE_FIELD (ID,FILE_TYPE_ID,CODE,LABEL_FR,LABEL_EN,REPEATABLE,GROUP_ID,UPDATABLE) VALUES ((SELECT MAX(ID) + 1 FROM FILE_FIELD),39,'DESTINATAIRE_ADRESSE_PAYSADDRESS_NOMPAYS','Adresse Pays (Nom Pays)','Address Country (Country Name)',0,8,1);
INSERT INTO FILE_FIELD (ID,FILE_TYPE_ID,CODE,LABEL_FR,LABEL_EN,REPEATABLE,GROUP_ID,UPDATABLE) VALUES ((SELECT MAX(ID) + 1 FROM FILE_FIELD),39,'DESTINATAIRE_ADRESSE_VILLE','Adresse (Ville)','Address (City)',0,8,1);
INSERT INTO FILE_FIELD (ID,FILE_TYPE_ID,CODE,LABEL_FR,LABEL_EN,REPEATABLE,GROUP_ID,UPDATABLE) VALUES ((SELECT MAX(ID) + 1 FROM FILE_FIELD),39,'DESTINATAIRE_ADRESSE_ADRESSEELECTRONIQUE','Adresse (Adresse Électronique)','Address (e-mail Address)',0,8,1);
INSERT INTO FILE_FIELD (ID,FILE_TYPE_ID,CODE,LABEL_FR,LABEL_EN,REPEATABLE,GROUP_ID,UPDATABLE) VALUES ((SELECT MAX(ID) + 1 FROM FILE_FIELD),39,'DESTINATAIRE_ADRESSE_SITEWEB','Adresse (Site Web)','Address (Web Site)',0,8,1);
INSERT INTO FILE_FIELD (ID,FILE_TYPE_ID,CODE,LABEL_FR,LABEL_EN,REPEATABLE,GROUP_ID,UPDATABLE) VALUES ((SELECT MAX(ID) + 1 FROM FILE_FIELD),39,'DESTINATAIRE_TELEPHONE_FIXE_INDICATIFPAYS','Téléphone Fixe (Indicatif Pays)','Telephone (Country Dialing Code)',0,8,1);
INSERT INTO FILE_FIELD (ID,FILE_TYPE_ID,CODE,LABEL_FR,LABEL_EN,REPEATABLE,GROUP_ID,UPDATABLE) VALUES ((SELECT MAX(ID) + 1 FROM FILE_FIELD),39,'DESTINATAIRE_TELEPHONE_FIXE_NUMERO','Téléphone Fixe (Numéro)','Telephone (Number)',0,8,1);
INSERT INTO FILE_FIELD (ID,FILE_TYPE_ID,CODE,LABEL_FR,LABEL_EN,REPEATABLE,GROUP_ID,UPDATABLE) VALUES ((SELECT MAX(ID) + 1 FROM FILE_FIELD),39,'DESTINATAIRE_TELEPHONE_MOBILE_INDICATIFPAYS','Téléphone Mobile (Indicatif Pays)','Mobile Phone (Country Dialing Code)',0,8,1);
INSERT INTO FILE_FIELD (ID,FILE_TYPE_ID,CODE,LABEL_FR,LABEL_EN,REPEATABLE,GROUP_ID,UPDATABLE) VALUES ((SELECT MAX(ID) + 1 FROM FILE_FIELD),39,'DESTINATAIRE_TELEPHONE_MOBILE_NUMERO','Téléphone Mobile (Numéro)','Mobile Phone (Number)',0,8,1);
INSERT INTO FILE_FIELD (ID,FILE_TYPE_ID,CODE,LABEL_FR,LABEL_EN,REPEATABLE,GROUP_ID,UPDATABLE) VALUES ((SELECT MAX(ID) + 1 FROM FILE_FIELD),39,'DESTINATAIRE_FAX_INDICATIFPAYS','Fax (Indicatif Pays)','Fax (Country Dialing Code)',0,8,1);
INSERT INTO FILE_FIELD (ID,FILE_TYPE_ID,CODE,LABEL_FR,LABEL_EN,REPEATABLE,GROUP_ID,UPDATABLE) VALUES ((SELECT MAX(ID) + 1 FROM FILE_FIELD),39,'DESTINATAIRE_FAX_NUMERO','Fax (Numéro)','Fax (Number)',0,8,1);
INSERT INTO FILE_FIELD (ID,FILE_TYPE_ID,CODE,LABEL_FR,LABEL_EN,REPEATABLE,GROUP_ID,UPDATABLE) VALUES ((SELECT MAX(ID) + 1 FROM FILE_FIELD),39,'INFORMATIONS_GENERALES_CERTIFICAT_EXPERTISE_NUMERO','Numéro Certificat d''Expertise','Examination Certificate Number',0,12,1);
INSERT INTO FILE_FIELD (ID,FILE_TYPE_ID,CODE,LABEL_FR,LABEL_EN,REPEATABLE,GROUP_ID,UPDATABLE) VALUES ((SELECT MAX(ID) + 1 FROM FILE_FIELD),39,'INFORMATIONS_GENERALES_CERTIFICAT_EXPERTISE_DATE','Date Certificat d''Expertise','Examination Certificate Date',0,12,1);
INSERT INTO FILE_FIELD (ID,FILE_TYPE_ID,CODE,LABEL_FR,LABEL_EN,REPEATABLE,GROUP_ID,UPDATABLE) VALUES ((SELECT MAX(ID) + 1 FROM FILE_FIELD),39,'INFORMATIONS_GENERALES_CONTRAT_COMMERCIAL_TYPE','Type du Conrat Commercial','Commercial Contract Type',0,12,1);
INSERT INTO FILE_FIELD (ID,FILE_TYPE_ID,CODE,LABEL_FR,LABEL_EN,REPEATABLE,GROUP_ID,UPDATABLE) VALUES ((SELECT MAX(ID) + 1 FROM FILE_FIELD),39,'INFORMATIONS_GENERALES_CONTRAT_COMMERCIAL_NUMERO','Numéro du Contrat Commercial','Commercial Contract Number',0,12,1);
INSERT INTO FILE_FIELD (ID,FILE_TYPE_ID,CODE,LABEL_FR,LABEL_EN,REPEATABLE,GROUP_ID,UPDATABLE) VALUES ((SELECT MAX(ID) + 1 FROM FILE_FIELD),39,'INFORMATIONS_GENERALES_CONTRAT_COMMERCIAL_DATE','Date du Contrat Commercial','Commercial Contract Date',0,12,1);
INSERT INTO FILE_FIELD (ID,FILE_TYPE_ID,CODE,LABEL_FR,LABEL_EN,REPEATABLE,GROUP_ID,UPDATABLE) VALUES ((SELECT MAX(ID) + 1 FROM FILE_FIELD),39,'INFORMATIONS_GENERALES_TRANSPORT_MOYEN_TRANSPORT_CODE','Moyen de Transport(Code)','Mean of Transport(Code)',0,12,1);
INSERT INTO FILE_FIELD (ID,FILE_TYPE_ID,CODE,LABEL_FR,LABEL_EN,REPEATABLE,GROUP_ID,UPDATABLE) VALUES ((SELECT MAX(ID) + 1 FROM FILE_FIELD),39,'INFORMATIONS_GENERALES_TRANSPORT_MOYEN_TRANSPORT_LIBELLE','Moyen de Transport (Libellé)','Mean of Transport (Label)',0,12,1);
INSERT INTO FILE_FIELD (ID,FILE_TYPE_ID,CODE,LABEL_FR,LABEL_EN,REPEATABLE,GROUP_ID,UPDATABLE) VALUES ((SELECT MAX(ID) + 1 FROM FILE_FIELD),39,'INFORMATIONS_GENERALES_TRANSPORT_MODE_TRANSPORT_CODE','Mode de Transport (Code)','Transportation Mode (Code)',0,12,1);
INSERT INTO FILE_FIELD (ID,FILE_TYPE_ID,CODE,LABEL_FR,LABEL_EN,REPEATABLE,GROUP_ID,UPDATABLE) VALUES ((SELECT MAX(ID) + 1 FROM FILE_FIELD),39,'INFORMATIONS_GENERALES_TRANSPORT_MODE_TRANSPORT_LIBELLE','Mode de Transport (Libellé)','Transportation Mode (Label)',0,12,1);
INSERT INTO FILE_FIELD (ID,FILE_TYPE_ID,CODE,LABEL_FR,LABEL_EN,REPEATABLE,GROUP_ID,UPDATABLE) VALUES ((SELECT MAX(ID) + 1 FROM FILE_FIELD),39,'INFORMATIONS_GENERALES_TRANSPORT_DATE_ARRIVEE_DEPART','Date d''Arrivée/de Départ','Arrival/Departure Date',0,12,1);
INSERT INTO FILE_FIELD (ID,FILE_TYPE_ID,CODE,LABEL_FR,LABEL_EN,REPEATABLE,GROUP_ID,UPDATABLE) VALUES ((SELECT MAX(ID) + 1 FROM FILE_FIELD),39,'INFORMATIONS_GENERALES_TRANSPORT_NUM_CONNAISSEMENT_LTA','Numéro du Connaissement','Bill of Lading Number',0,12,1);
INSERT INTO FILE_FIELD (ID,FILE_TYPE_ID,CODE,LABEL_FR,LABEL_EN,REPEATABLE,GROUP_ID,UPDATABLE) VALUES ((SELECT MAX(ID) + 1 FROM FILE_FIELD),39,'INFORMATIONS_GENERALES_LIEU_CHARGEMENT_UNLOCODE','Lieu de chargement(UN/Locode)','Loading Place(UN/Locode)',0,12,1);
INSERT INTO FILE_FIELD (ID,FILE_TYPE_ID,CODE,LABEL_FR,LABEL_EN,REPEATABLE,GROUP_ID,UPDATABLE) VALUES ((SELECT MAX(ID) + 1 FROM FILE_FIELD),39,'INFORMATIONS_GENERALES_LIEU_CHARGEMENT_LIBELLE','Lieu de chargement(Libellé)','Loading Place(Label)',0,12,1);
INSERT INTO FILE_FIELD (ID,FILE_TYPE_ID,CODE,LABEL_FR,LABEL_EN,REPEATABLE,GROUP_ID,UPDATABLE) VALUES ((SELECT MAX(ID) + 1 FROM FILE_FIELD),39,'INFORMATIONS_GENERALES_LIEU_TRANSIT_UNLOCODE','Lieu de Transit(UN/Locode)','Transit Place(UN/Locode)',0,12,1);
INSERT INTO FILE_FIELD (ID,FILE_TYPE_ID,CODE,LABEL_FR,LABEL_EN,REPEATABLE,GROUP_ID,UPDATABLE) VALUES ((SELECT MAX(ID) + 1 FROM FILE_FIELD),39,'INFORMATIONS_GENERALES_LIEU_TRANSIT_LIBELLE','Lieu de Transit (Libellé)','Transit Place (Label)',0,12,1);
INSERT INTO FILE_FIELD (ID,FILE_TYPE_ID,CODE,LABEL_FR,LABEL_EN,REPEATABLE,GROUP_ID,UPDATABLE) VALUES ((SELECT MAX(ID) + 1 FROM FILE_FIELD),39,'INFORMATIONS_GENERALES_LIEU_DECHARGEMENT_UNLOCODE','Lieu de Déchargement (UN/Locode)','Unloading Place (UN/Locode)',0,12,1);
INSERT INTO FILE_FIELD (ID,FILE_TYPE_ID,CODE,LABEL_FR,LABEL_EN,REPEATABLE,GROUP_ID,UPDATABLE) VALUES ((SELECT MAX(ID) + 1 FROM FILE_FIELD),39,'INFORMATIONS_GENERALES_LIEU_DECHARGEMENT_LIBELLE','Lieu de déchargement (Libellé)','Unloading Place (Label)',0,12,1);
INSERT INTO FILE_FIELD (ID,FILE_TYPE_ID,CODE,LABEL_FR,LABEL_EN,REPEATABLE,GROUP_ID,UPDATABLE) VALUES ((SELECT MAX(ID) + 1 FROM FILE_FIELD),39,'INFORMATIONS_GENERALES_SIGNATAIRE_NOM','Signataire: Nom','Signatory: Name',0,12,1);
INSERT INTO FILE_FIELD (ID,FILE_TYPE_ID,CODE,LABEL_FR,LABEL_EN,REPEATABLE,GROUP_ID,UPDATABLE) VALUES ((SELECT MAX(ID) + 1 FROM FILE_FIELD),39,'INFORMATIONS_GENERALES_SIGNATAIRE_QUALITE','Signataire: Qualité','Signatory: Position',0,12,1);
INSERT INTO FILE_FIELD (ID,FILE_TYPE_ID,CODE,LABEL_FR,LABEL_EN,REPEATABLE,GROUP_ID,UPDATABLE) VALUES ((SELECT MAX(ID) + 1 FROM FILE_FIELD),39,'INFORMATIONS_GENERALES_SIGNATAIRE_LIEU','Signataire: Lieu','Signature: Place',0,12,1);
INSERT INTO FILE_FIELD (ID,FILE_TYPE_ID,CODE,LABEL_FR,LABEL_EN,REPEATABLE,GROUP_ID,UPDATABLE) VALUES ((SELECT MAX(ID) + 1 FROM FILE_FIELD),39,'INFORMATIONS_GENERALES_SIGNATAIRE_DATE','Signature: Date','Signature: Date',0,12,1);
INSERT INTO FILE_FIELD (ID,FILE_TYPE_ID,CODE,LABEL_FR,LABEL_EN,REPEATABLE,GROUP_ID,UPDATABLE) VALUES ((SELECT MAX(ID) + 1 FROM FILE_FIELD),39,'INFORMATIONS_GENERALES_LIEU_EXPORTATION_UNLOCODE','Lieu d''Exportation(UN/Locode)','Export Location(UN/Locode)',0,12,1);
INSERT INTO FILE_FIELD (ID,FILE_TYPE_ID,CODE,LABEL_FR,LABEL_EN,REPEATABLE,GROUP_ID,UPDATABLE) VALUES ((SELECT MAX(ID) + 1 FROM FILE_FIELD),39,'INFORMATIONS_GENERALES_LIEU_EXPORTATION_LIBELLE','Lieu d''Exportation (Libellé)','Export Location (Label)',0,12,1);
INSERT INTO FILE_FIELD (ID,FILE_TYPE_ID,CODE,LABEL_FR,LABEL_EN,REPEATABLE,GROUP_ID,UPDATABLE) VALUES ((SELECT MAX(ID) + 1 FROM FILE_FIELD),39,'INFORMATIONS_GENERALES_PERMIS_NUMERO_PERMIS','Permis: Numéro','License: Number',0,12,1);
INSERT INTO FILE_FIELD (ID,FILE_TYPE_ID,CODE,LABEL_FR,LABEL_EN,REPEATABLE,GROUP_ID,UPDATABLE) VALUES ((SELECT MAX(ID) + 1 FROM FILE_FIELD),39,'INFORMATIONS_GENERALES_PERMIS_DATE','Permis: Date','License: Date',0,12,1);
INSERT INTO FILE_FIELD (ID,FILE_TYPE_ID,CODE,LABEL_FR,LABEL_EN,REPEATABLE,GROUP_ID,UPDATABLE) VALUES ((SELECT MAX(ID) + 1 FROM FILE_FIELD),39,'INFORMATIONS_GENERALES_PERMIS_DELIVREUR_RAISONSOCIALE','Permis: Délivreur: Raison Sociale','License: Issuer: Name/Business Name',0,12,1);
INSERT INTO FILE_FIELD (ID,FILE_TYPE_ID,CODE,LABEL_FR,LABEL_EN,REPEATABLE,GROUP_ID,UPDATABLE) VALUES ((SELECT MAX(ID) + 1 FROM FILE_FIELD),39,'INFORMATIONS_GENERALES_PERMIS_DELIVREUR_ADRESSE_ADRESSE1','Permis: Délivreur: Adresse (Adresse 1)','License: Issuer: Address (Address 1)',0,12,1);
INSERT INTO FILE_FIELD (ID,FILE_TYPE_ID,CODE,LABEL_FR,LABEL_EN,REPEATABLE,GROUP_ID,UPDATABLE) VALUES ((SELECT MAX(ID) + 1 FROM FILE_FIELD),39,'INFORMATIONS_GENERALES_PERMIS_DELIVREUR_ADRESSE_ADRESSE2','Permis: Délivreur: Adresse (Adresse 2)','License: Issuer: Address (Address 2)',0,12,1);
INSERT INTO FILE_FIELD (ID,FILE_TYPE_ID,CODE,LABEL_FR,LABEL_EN,REPEATABLE,GROUP_ID,UPDATABLE) VALUES ((SELECT MAX(ID) + 1 FROM FILE_FIELD),39,'INFORMATIONS_GENERALES_PERMIS_DELIVREUR_ADRESSE_BP','Permis: Délivreur: Adresse (BP)','License: Issuer: Address (P.O. Box)',0,12,1);
INSERT INTO FILE_FIELD (ID,FILE_TYPE_ID,CODE,LABEL_FR,LABEL_EN,REPEATABLE,GROUP_ID,UPDATABLE) VALUES ((SELECT MAX(ID) + 1 FROM FILE_FIELD),39,'INFORMATIONS_GENERALES_PERMIS_DELIVREUR_ADRESSE_PAYSADDRESS_CODEPAYS','Permis: Délivreur: Pays Adresse (Code Pays)','License: Issuer: Address Country (Country Code)',0,12,1);
INSERT INTO FILE_FIELD (ID,FILE_TYPE_ID,CODE,LABEL_FR,LABEL_EN,REPEATABLE,GROUP_ID,UPDATABLE) VALUES ((SELECT MAX(ID) + 1 FROM FILE_FIELD),39,'INFORMATIONS_GENERALES_PERMIS_DELIVREUR_ADRESSE_PAYSADDRESS_NOMPAYS','Permis: Délivreur: Pays Adresse (Nom Pays)','License: Issuer: Address Country (Country Name)',0,12,1);
INSERT INTO FILE_FIELD (ID,FILE_TYPE_ID,CODE,LABEL_FR,LABEL_EN,REPEATABLE,GROUP_ID,UPDATABLE) VALUES ((SELECT MAX(ID) + 1 FROM FILE_FIELD),39,'INFORMATIONS_GENERALES_PERMIS_DELIVREUR_ADRESSE_VILLE','Permis: Délivreur: Adresse (Ville)','License: Issuer: Address (City)',0,12,1);
INSERT INTO FILE_FIELD (ID,FILE_TYPE_ID,CODE,LABEL_FR,LABEL_EN,REPEATABLE,GROUP_ID,UPDATABLE) VALUES ((SELECT MAX(ID) + 1 FROM FILE_FIELD),39,'INFORMATIONS_GENERALES_PERMIS_DELIVREUR_ADRESSE_ADRESSEELECTRONIQUE','Permis: Délivreur: Adresse (Adresse Électronique)','License: Issuer: Address (e-mail Address)',0,12,1);
INSERT INTO FILE_FIELD (ID,FILE_TYPE_ID,CODE,LABEL_FR,LABEL_EN,REPEATABLE,GROUP_ID,UPDATABLE) VALUES ((SELECT MAX(ID) + 1 FROM FILE_FIELD),39,'INFORMATIONS_GENERALES_PERMIS_DELIVREUR_ADRESSE_SITEWEB','Permis: Délivreur: Adresse (Site Web)','License: Issuer: Address (Web Site)',0,12,1);
INSERT INTO FILE_FIELD (ID,FILE_TYPE_ID,CODE,LABEL_FR,LABEL_EN,REPEATABLE,GROUP_ID,UPDATABLE) VALUES ((SELECT MAX(ID) + 1 FROM FILE_FIELD),39,'INFORMATIONS_GENERALES_PERMIS_DELIVREUR_TELEPHONE_FIXE_INDICATIFPAYS','Permis: Délivreur: Téléphone Fixe (Indicatif Pays)','License: Issuer: Telephone (Country Dialing Code)',0,12,1);
INSERT INTO FILE_FIELD (ID,FILE_TYPE_ID,CODE,LABEL_FR,LABEL_EN,REPEATABLE,GROUP_ID,UPDATABLE) VALUES ((SELECT MAX(ID) + 1 FROM FILE_FIELD),39,'INFORMATIONS_GENERALES_PERMIS_DELIVREUR_TELEPHONE_FIXE_NUMERO','Permis: Délivreur: Téléphone Fixe (Numéro)','License: Issuer: Telephone (Number)',0,12,1);
INSERT INTO FILE_FIELD (ID,FILE_TYPE_ID,CODE,LABEL_FR,LABEL_EN,REPEATABLE,GROUP_ID,UPDATABLE) VALUES ((SELECT MAX(ID) + 1 FROM FILE_FIELD),39,'INFORMATIONS_GENERALES_PERMIS_DELIVREUR_TELEPHONE_MOBILE_INDICATIFPAYS','Permis: Délivreur: Téléphone Mobile (Indicatif Pays)','License: Issuer: Mobile Phone (Country Dialing Code)',0,12,1);
INSERT INTO FILE_FIELD (ID,FILE_TYPE_ID,CODE,LABEL_FR,LABEL_EN,REPEATABLE,GROUP_ID,UPDATABLE) VALUES ((SELECT MAX(ID) + 1 FROM FILE_FIELD),39,'INFORMATIONS_GENERALES_PERMIS_DELIVREUR_TELEPHONE_MOBILE_NUMERO','Permis: Délivreur: Téléphone Mobile (Numéro)','License: Issuer: Mobile Phone (Number)',0,12,1);
INSERT INTO FILE_FIELD (ID,FILE_TYPE_ID,CODE,LABEL_FR,LABEL_EN,REPEATABLE,GROUP_ID,UPDATABLE) VALUES ((SELECT MAX(ID) + 1 FROM FILE_FIELD),39,'INFORMATIONS_GENERALES_PERMIS_DELIVREUR_FAX_INDICATIFPAYS','Permis: Délivreur: Fax (Indicatif Pays)','License: Issuer: Fax (Country Dialing Code)',0,12,1);
INSERT INTO FILE_FIELD (ID,FILE_TYPE_ID,CODE,LABEL_FR,LABEL_EN,REPEATABLE,GROUP_ID,UPDATABLE) VALUES ((SELECT MAX(ID) + 1 FROM FILE_FIELD),39,'INFORMATIONS_GENERALES_PERMIS_DELIVREUR_FAX_NUMERO','Permis: Délivreur: Fax (Numéro)','License: Issuer: Fax (Number)',0,12,1);
INSERT INTO FILE_FIELD (ID,FILE_TYPE_ID,CODE,LABEL_FR,LABEL_EN,REPEATABLE,GROUP_ID,UPDATABLE) VALUES ((SELECT MAX(ID) + 1 FROM FILE_FIELD),39,'INFORMATIONS_GENERALES_PERMIS_PAYS_CODEPAYS','Permis: Pays (Code Pays)','License: Country (Country Code)',0,12,1);
INSERT INTO FILE_FIELD (ID,FILE_TYPE_ID,CODE,LABEL_FR,LABEL_EN,REPEATABLE,GROUP_ID,UPDATABLE) VALUES ((SELECT MAX(ID) + 1 FROM FILE_FIELD),39,'INFORMATIONS_GENERALES_PERMIS_PAYS_NOMPAYS','Permis: Pays (Nom Pays)','License: Country (Country Name)',0,12,1);
INSERT INTO FILE_FIELD (ID,FILE_TYPE_ID,CODE,LABEL_FR,LABEL_EN,REPEATABLE,GROUP_ID,UPDATABLE) VALUES ((SELECT MAX(ID) + 1 FROM FILE_FIELD),39,'INFORMATIONS_GENERALES_LETTRE_TRANSPORT_NUMERO_ESCALE','Lettre de Transport: Numéro d''Escale','Lading Bill: Stopover Number',0,12,1);
INSERT INTO FILE_FIELD (ID,FILE_TYPE_ID,CODE,LABEL_FR,LABEL_EN,REPEATABLE,GROUP_ID,UPDATABLE) VALUES ((SELECT MAX(ID) + 1 FROM FILE_FIELD),39,'INFORMATIONS_GENERALES_LETTRE_TRANSPORT_TYPE_LETTRE_TRANSPORT','Lettre de Transport: Type','Lading Bill: Type',0,12,1);
INSERT INTO FILE_FIELD (ID,FILE_TYPE_ID,CODE,LABEL_FR,LABEL_EN,REPEATABLE,GROUP_ID,UPDATABLE) VALUES ((SELECT MAX(ID) + 1 FROM FILE_FIELD),39,'INFORMATIONS_GENERALES_LETTRE_TRANSPORT_NUMERO_Lettre_TRANSPORT','Lettre de Transport: Numéro','Lading Bill: Number',0,12,1);
INSERT INTO FILE_FIELD (ID,FILE_TYPE_ID,CODE,LABEL_FR,LABEL_EN,REPEATABLE,GROUP_ID,UPDATABLE) VALUES ((SELECT MAX(ID) + 1 FROM FILE_FIELD),39,'INFORMATIONS_GENERALES_LETTRE_TRANSPORT_DATE_LETTRE_TRANSPORT','Lettre de Transport: Date','Lading Bill: Date',0,12,1);
INSERT INTO FILE_FIELD (ID,FILE_TYPE_ID,CODE,LABEL_FR,LABEL_EN,REPEATABLE,GROUP_ID,UPDATABLE) VALUES ((SELECT MAX(ID) + 1 FROM FILE_FIELD),39,'INFORMATIONS_GENERALES_PAYS_TRANSIT_CODEPAYS','Pays de Transit (Code Pays)','Transit Country (Country Code)',0,12,1);
INSERT INTO FILE_FIELD (ID,FILE_TYPE_ID,CODE,LABEL_FR,LABEL_EN,REPEATABLE,GROUP_ID,UPDATABLE) VALUES ((SELECT MAX(ID) + 1 FROM FILE_FIELD),39,'INFORMATIONS_GENERALES_PAYS_TRANSIT_NOMPAYS','Pays de Transit (Nom Pays)','Transit Country (Country Name)',0,12,1);
INSERT INTO FILE_FIELD (ID,FILE_TYPE_ID,CODE,LABEL_FR,LABEL_EN,REPEATABLE,GROUP_ID,UPDATABLE) VALUES ((SELECT MAX(ID) + 1 FROM FILE_FIELD),39,'INFORMATIONS_GENERALES_CONDITIONS','Conditions','Conditions',0,12,1);
INSERT INTO FILE_FIELD (ID,FILE_TYPE_ID,CODE,LABEL_FR,LABEL_EN,REPEATABLE,GROUP_ID,UPDATABLE) VALUES ((SELECT MAX(ID) + 1 FROM FILE_FIELD),39,'INFORMATIONS_GENERALES_TERMES_VENTE_CODE','Termes de Vente (Code)','Sales Terms (Code)',0,12,1);
INSERT INTO FILE_FIELD (ID,FILE_TYPE_ID,CODE,LABEL_FR,LABEL_EN,REPEATABLE,GROUP_ID,UPDATABLE) VALUES ((SELECT MAX(ID) + 1 FROM FILE_FIELD),39,'INFORMATIONS_GENERALES_TERMES_VENTE_LIBELLE','Termes de Vente (Libellé)','Sales Terms (Label)',0,12,1);
INSERT INTO FILE_FIELD (ID,FILE_TYPE_ID,CODE,LABEL_FR,LABEL_EN,REPEATABLE,GROUP_ID,UPDATABLE) VALUES ((SELECT MAX(ID) + 1 FROM FILE_FIELD),39,'INFORMATIONS_GENERALES_TERMES_VENTE_CODE_DEVISE','Termes de Vente (Code Devise)','Sales Terms (Currency Code)',0,12,1);
INSERT INTO FILE_FIELD (ID,FILE_TYPE_ID,CODE,LABEL_FR,LABEL_EN,REPEATABLE,GROUP_ID,UPDATABLE) VALUES ((SELECT MAX(ID) + 1 FROM FILE_FIELD),39,'INFORMATIONS_GENERALES_TERMES_VENTE_MONTANT','Termes de Vente (Montant)','Sales Terms (Amount)',0,12,1);
INSERT INTO FILE_FIELD (ID,FILE_TYPE_ID,CODE,LABEL_FR,LABEL_EN,REPEATABLE,GROUP_ID,UPDATABLE) VALUES ((SELECT MAX(ID) + 1 FROM FILE_FIELD),39,'INFORMATIONS_GENERALES_TERMES_VENTE_MONTANT_TOTAL_DEVISE','Termes de Vente (Montant Total Par Devise)','Sales Terms (Total Amount Per Currency)',0,12,1);
INSERT INTO FILE_FIELD (ID,FILE_TYPE_ID,CODE,LABEL_FR,LABEL_EN,REPEATABLE,GROUP_ID,UPDATABLE) VALUES ((SELECT MAX(ID) + 1 FROM FILE_FIELD),39,'INFORMATIONS_GENERALES_TERMES_MONTANT_TOTAL_FCFA','Termes De Vente (Montant Total Par FCFA)','Sales Terms (Total Amount Per FCFA)',0,12,1);
INSERT INTO FILE_FIELD (ID,FILE_TYPE_ID,CODE,LABEL_FR,LABEL_EN,REPEATABLE,GROUP_ID,UPDATABLE) VALUES ((SELECT MAX(ID) + 1 FROM FILE_FIELD),39,'INFORMATIONS_GENERALES_POINT_ENTREE_UNLOCODE','Point d''Entrée(unlocode)','Entry Point(UN/Locode)',0,12,1);
INSERT INTO FILE_FIELD (ID,FILE_TYPE_ID,CODE,LABEL_FR,LABEL_EN,REPEATABLE,GROUP_ID,UPDATABLE) VALUES ((SELECT MAX(ID) + 1 FROM FILE_FIELD),39,'INFORMATIONS_GENERALES_POINT_ENTREE_LIBELLE','Point d''Entrée(Libellé)','Entry Point(Label)',0,12,1);
INSERT INTO FILE_FIELD (ID,FILE_TYPE_ID,CODE,LABEL_FR,LABEL_EN,REPEATABLE,GROUP_ID,UPDATABLE) VALUES ((SELECT MAX(ID) + 1 FROM FILE_FIELD),39,'INFORMATIONS_GENERALES_AGREMENT_TYPE','Agrément (Type)','Approval (Type)',0,12,1);
INSERT INTO FILE_FIELD (ID,FILE_TYPE_ID,CODE,LABEL_FR,LABEL_EN,REPEATABLE,GROUP_ID,UPDATABLE) VALUES ((SELECT MAX(ID) + 1 FROM FILE_FIELD),39,'INFORMATIONS_GENERALES_AGREMENT_REFERENCE','Agrément (Référence)','Approval (Reference)',0,12,1);
INSERT INTO FILE_FIELD (ID,FILE_TYPE_ID,CODE,LABEL_FR,LABEL_EN,REPEATABLE,GROUP_ID,UPDATABLE) VALUES ((SELECT MAX(ID) + 1 FROM FILE_FIELD),39,'INFORMATIONS_GENERALES_AGREMENT_DATE','Agrément (Date)','Approval (Date)',0,12,1);
INSERT INTO FILE_FIELD (ID,FILE_TYPE_ID,CODE,LABEL_FR,LABEL_EN,REPEATABLE,GROUP_ID,UPDATABLE) VALUES ((SELECT MAX(ID) + 1 FROM FILE_FIELD),39,'INFORMATIONS_GENERALES_PERMIS_EXPLOITATION_NUMERO_FACTURE','Permis d''Exploitation (Numéro Facture)','Operating License (Invoice Number)',0,12,1);
INSERT INTO FILE_FIELD (ID,FILE_TYPE_ID,CODE,LABEL_FR,LABEL_EN,REPEATABLE,GROUP_ID,UPDATABLE) VALUES ((SELECT MAX(ID) + 1 FROM FILE_FIELD),39,'INFORMATIONS_GENERALES_PERMIS_EXPLOITATION_DATE_FACTURE','Permis d''Exploitation (Date Facture)','Operating License (Invoice Date)',0,12,1);
INSERT INTO FILE_FIELD (ID,FILE_TYPE_ID,CODE,LABEL_FR,LABEL_EN,REPEATABLE,GROUP_ID,UPDATABLE) VALUES ((SELECT MAX(ID) + 1 FROM FILE_FIELD),39,'INFORMATIONS_GENERALES_PERMIS_EXPLOITATION_VALIDITE','Permis d''Exploitation (Validité)','Operating License (Validity)',0,12,1);
INSERT INTO FILE_FIELD (ID,FILE_TYPE_ID,CODE,LABEL_FR,LABEL_EN,REPEATABLE,GROUP_ID,UPDATABLE) VALUES ((SELECT MAX(ID) + 1 FROM FILE_FIELD),39,'INFORMATIONS_GENERALES_PERMIS_EXPLOITATION_TITULAIRE','Permis d''Exploitation (Titulaire)','Operating License (Holder)',0,12,1);
INSERT INTO FILE_FIELD (ID,FILE_TYPE_ID,CODE,LABEL_FR,LABEL_EN,REPEATABLE,GROUP_ID,UPDATABLE) VALUES ((SELECT MAX(ID) + 1 FROM FILE_FIELD),39,'INFORMATIONS_GENERALES_DESTINATAIRE_RAISONSOCIALE','Destinataire: Raison Sociale','Recipient: Name/Business Name',0,12,1);
INSERT INTO FILE_FIELD (ID,FILE_TYPE_ID,CODE,LABEL_FR,LABEL_EN,REPEATABLE,GROUP_ID,UPDATABLE) VALUES ((SELECT MAX(ID) + 1 FROM FILE_FIELD),39,'INFORMATIONS_GENERALES_DESTINATAIRE_ADRESSE_ADRESSE1','Destinataire: Adresse  (Adresse 1)','Recipient: Address (Address 1)',0,12,1);
INSERT INTO FILE_FIELD (ID,FILE_TYPE_ID,CODE,LABEL_FR,LABEL_EN,REPEATABLE,GROUP_ID,UPDATABLE) VALUES ((SELECT MAX(ID) + 1 FROM FILE_FIELD),39,'INFORMATIONS_GENERALES_DESTINATAIRE_ADRESSE_ADRESSE2','Destinataire: Adresse (Adresse 2)','Recipient: Address (Address 2)',0,12,1);
INSERT INTO FILE_FIELD (ID,FILE_TYPE_ID,CODE,LABEL_FR,LABEL_EN,REPEATABLE,GROUP_ID,UPDATABLE) VALUES ((SELECT MAX(ID) + 1 FROM FILE_FIELD),39,'INFORMATIONS_GENERALES_DESTINATAIRE_ADRESSE_BP','Destinataire: Adresse (BP)','Recipient: Address (P.O. Box)',0,12,1);
INSERT INTO FILE_FIELD (ID,FILE_TYPE_ID,CODE,LABEL_FR,LABEL_EN,REPEATABLE,GROUP_ID,UPDATABLE) VALUES ((SELECT MAX(ID) + 1 FROM FILE_FIELD),39,'INFORMATIONS_GENERALES_DESTINATAIRE_ADRESSE_PAYSADDRESS_CODEPAYS','Destinataire: Adresse Pays (Code Pays)','Recipient: Address Country (Country Code)',0,12,1);
INSERT INTO FILE_FIELD (ID,FILE_TYPE_ID,CODE,LABEL_FR,LABEL_EN,REPEATABLE,GROUP_ID,UPDATABLE) VALUES ((SELECT MAX(ID) + 1 FROM FILE_FIELD),39,'INFORMATIONS_GENERALES_DESTINATAIRE_ADRESSE_PAYSADDRESS_NOMPAYS','Destinataire: Adresse Pays (Nom Pays)','Recipient: Address Country (Country Name)',0,12,1);
INSERT INTO FILE_FIELD (ID,FILE_TYPE_ID,CODE,LABEL_FR,LABEL_EN,REPEATABLE,GROUP_ID,UPDATABLE) VALUES ((SELECT MAX(ID) + 1 FROM FILE_FIELD),39,'INFORMATIONS_GENERALES_DESTINATAIRE_ADRESSE_VILLE','Adresse (Ville)','Recipient: Address (City)',0,12,1);
INSERT INTO FILE_FIELD (ID,FILE_TYPE_ID,CODE,LABEL_FR,LABEL_EN,REPEATABLE,GROUP_ID,UPDATABLE) VALUES ((SELECT MAX(ID) + 1 FROM FILE_FIELD),39,'INFORMATIONS_GENERALES_DESTINATAIRE_ADRESSE_ADRESSEELECTRONIQUE','Adresse (Adresse Électronique)','Recipient: Address (e-mail Address)',0,12,1);
INSERT INTO FILE_FIELD (ID,FILE_TYPE_ID,CODE,LABEL_FR,LABEL_EN,REPEATABLE,GROUP_ID,UPDATABLE) VALUES ((SELECT MAX(ID) + 1 FROM FILE_FIELD),39,'INFORMATIONS_GENERALES_DESTINATAIRE_ADRESSE_SITEWEB','Destinataire: Adresse (Site Web)','Recipient: Address (Web Site)',0,12,1);
INSERT INTO FILE_FIELD (ID,FILE_TYPE_ID,CODE,LABEL_FR,LABEL_EN,REPEATABLE,GROUP_ID,UPDATABLE) VALUES ((SELECT MAX(ID) + 1 FROM FILE_FIELD),39,'INFORMATIONS_GENERALES_DESTINATAIRE_TELEPHONE_FIXE_INDICATIFPAYS','Destinataire: Téléphone Fixe (Indicatif Pays)','Recipient: Telephone (Country Dialing Code)',0,12,1);
INSERT INTO FILE_FIELD (ID,FILE_TYPE_ID,CODE,LABEL_FR,LABEL_EN,REPEATABLE,GROUP_ID,UPDATABLE) VALUES ((SELECT MAX(ID) + 1 FROM FILE_FIELD),39,'INFORMATIONS_GENERALES_DESTINATAIRE_TELEPHONE_FIXE_NUMERO','Téléphone Fixe (Numéro)','Telephone (Number)',0,12,1);
INSERT INTO FILE_FIELD (ID,FILE_TYPE_ID,CODE,LABEL_FR,LABEL_EN,REPEATABLE,GROUP_ID,UPDATABLE) VALUES ((SELECT MAX(ID) + 1 FROM FILE_FIELD),39,'INFORMATIONS_GENERALES_DESTINATAIRE_TELEPHONE_MOBILE_INDICATIFPAYS','Destinataire: Téléphone Mobile (Indicatif Pays)','Recipient: Mobile Phone (Country Dialing Code)',0,12,1);
INSERT INTO FILE_FIELD (ID,FILE_TYPE_ID,CODE,LABEL_FR,LABEL_EN,REPEATABLE,GROUP_ID,UPDATABLE) VALUES ((SELECT MAX(ID) + 1 FROM FILE_FIELD),39,'INFORMATIONS_GENERALES_DESTINATAIRE_TELEPHONE_MOBILE_NUMERO','Destinataire: Téléphone Mobile (Numéro)','Recipient: Mobile Phone (Number)',0,12,1);
INSERT INTO FILE_FIELD (ID,FILE_TYPE_ID,CODE,LABEL_FR,LABEL_EN,REPEATABLE,GROUP_ID,UPDATABLE) VALUES ((SELECT MAX(ID) + 1 FROM FILE_FIELD),39,'INFORMATIONS_GENERALES_DESTINATAIRE_FAX_INDICATIFPAYS','Destinataire: Fax (Indicatif Pays)','Recipient: Fax (Country Dialing Code)',0,12,1);
INSERT INTO FILE_FIELD (ID,FILE_TYPE_ID,CODE,LABEL_FR,LABEL_EN,REPEATABLE,GROUP_ID,UPDATABLE) VALUES ((SELECT MAX(ID) + 1 FROM FILE_FIELD),39,'INFORMATIONS_GENERALES_DESTINATAIRE_FAX_NUMERO','Destinataire: Fax (Numéro)','Recipient: Fax (Number)',0,12,1);
INSERT INTO FILE_FIELD (ID,FILE_TYPE_ID,CODE,LABEL_FR,LABEL_EN,REPEATABLE,GROUP_ID,UPDATABLE) VALUES ((SELECT MAX(ID) + 1 FROM FILE_FIELD),39,'INFORMATIONS_GENERALES_LIEU_DELIVRANCE_LIEU_DELIVRANCE','Lieu de Délivrance','Place of Issue',0,12,1);
INSERT INTO FILE_FIELD (ID,FILE_TYPE_ID,CODE,LABEL_FR,LABEL_EN,REPEATABLE,GROUP_ID,UPDATABLE) VALUES ((SELECT MAX(ID) + 1 FROM FILE_FIELD),39,'INFORMATIONS_GENERALES_LIEU_DELIVRANCE_ORGANISME','Lieu de délivrance: Organisme','Place of Issue: Organization',0,12,1);
INSERT INTO FILE_FIELD (ID,FILE_TYPE_ID,CODE,LABEL_FR,LABEL_EN,REPEATABLE,GROUP_ID,UPDATABLE) VALUES ((SELECT MAX(ID) + 1 FROM FILE_FIELD),39,'EXPEDITION_DATE_EXPEDITION_DATE','Date d''Expédition (Date)','Expedition Date (Date)',0,45,1);
INSERT INTO FILE_FIELD (ID,FILE_TYPE_ID,CODE,LABEL_FR,LABEL_EN,REPEATABLE,GROUP_ID,UPDATABLE) VALUES ((SELECT MAX(ID) + 1 FROM FILE_FIELD),39,'EXPEDITION_DATE_EXPEDITION_HEURE','Date d''Expédition (Heure)','Expedition Date (Hour)',0,45,1);
INSERT INTO FILE_FIELD (ID,FILE_TYPE_ID,CODE,LABEL_FR,LABEL_EN,REPEATABLE,GROUP_ID,UPDATABLE) VALUES ((SELECT MAX(ID) + 1 FROM FILE_FIELD),39,'INSPECTION_LIEU_INSPECTION_REGION_LIBELLE','Lieu d''Inspection: Région: Libellé','Place of Inspection: Region: Label',0,20,1);
INSERT INTO FILE_FIELD (ID,FILE_TYPE_ID,CODE,LABEL_FR,LABEL_EN,REPEATABLE,GROUP_ID,UPDATABLE) VALUES ((SELECT MAX(ID) + 1 FROM FILE_FIELD),39,'INSPECTION_LIEU_INSPECTION_DEPARTEMENT_CODE','Lieu d''Inspection: Département: Code','Place of Inspection: County: Code',0,20,1);
INSERT INTO FILE_FIELD (ID,FILE_TYPE_ID,CODE,LABEL_FR,LABEL_EN,REPEATABLE,GROUP_ID,UPDATABLE) VALUES ((SELECT MAX(ID) + 1 FROM FILE_FIELD),39,'INSPECTION_LIEU_INSPECTION_DEPARTEMENT_LIBELLE','Lieu d''Inspection: Département: Libellé','Place of Inspection: County: Label',0,20,1);
INSERT INTO FILE_FIELD (ID,FILE_TYPE_ID,CODE,LABEL_FR,LABEL_EN,REPEATABLE,GROUP_ID,UPDATABLE) VALUES ((SELECT MAX(ID) + 1 FROM FILE_FIELD),39,'INSPECTION_LIEU_INSPECTION_ARRONDISSEMENT_CODE','Lieu d''Inspection: Arrondissement: Code','Place of Inspection: District: Code',0,20,1);
INSERT INTO FILE_FIELD (ID,FILE_TYPE_ID,CODE,LABEL_FR,LABEL_EN,REPEATABLE,GROUP_ID,UPDATABLE) VALUES ((SELECT MAX(ID) + 1 FROM FILE_FIELD),39,'INSPECTION_LIEU_INSPECTION_ARRONDISSEMENT_LIBELLE','Lieu inspection: Arrondissement: Libellé','Lieu inspection: Arrondissement: Libellé',0,20,1);
INSERT INTO FILE_FIELD (ID,FILE_TYPE_ID,CODE,LABEL_FR,LABEL_EN,REPEATABLE,GROUP_ID,UPDATABLE) VALUES ((SELECT MAX(ID) + 1 FROM FILE_FIELD),39,'INSPECTION_LIEU_INSPECTION_VILLAGE_CODE','Lieu d''Inspection: Village: Code','Place of Inspection: Village: Code',0,20,1);
INSERT INTO FILE_FIELD (ID,FILE_TYPE_ID,CODE,LABEL_FR,LABEL_EN,REPEATABLE,GROUP_ID,UPDATABLE) VALUES ((SELECT MAX(ID) + 1 FROM FILE_FIELD),39,'INSPECTION_LIEU_INSPECTION_VILLAGE_LIBELLE','Lieu d''Inspection: Village: Libellé','Place of Inspection: Village: Label',0,20,1);
INSERT INTO FILE_FIELD (ID,FILE_TYPE_ID,CODE,LABEL_FR,LABEL_EN,REPEATABLE,GROUP_ID,UPDATABLE) VALUES ((SELECT MAX(ID) + 1 FROM FILE_FIELD),39,'INSPECTION_LIEU_ADRESSE_ADRESSE1','Adresse (Adresse 1)','Address (Address 1)',0,20,1);
INSERT INTO FILE_FIELD (ID,FILE_TYPE_ID,CODE,LABEL_FR,LABEL_EN,REPEATABLE,GROUP_ID,UPDATABLE) VALUES ((SELECT MAX(ID) + 1 FROM FILE_FIELD),39,'INSPECTION_LIEU_ADRESSE_ADRESSE2','Adresse (Adresse 2)','Address (Address 2)',0,20,1);
INSERT INTO FILE_FIELD (ID,FILE_TYPE_ID,CODE,LABEL_FR,LABEL_EN,REPEATABLE,GROUP_ID,UPDATABLE) VALUES ((SELECT MAX(ID) + 1 FROM FILE_FIELD),39,'INSPECTION_LIEU_ADRESSE_BP','Adresse (BP)','Address (P.O. Box)',0,20,1);
INSERT INTO FILE_FIELD (ID,FILE_TYPE_ID,CODE,LABEL_FR,LABEL_EN,REPEATABLE,GROUP_ID,UPDATABLE) VALUES ((SELECT MAX(ID) + 1 FROM FILE_FIELD),39,'INSPECTION_LIEU_ADRESSE_PAYSADDRESS_CODEPAYS','Adresse Pays (Code Pays)','Address Country (Country Code)',0,20,1);
INSERT INTO FILE_FIELD (ID,FILE_TYPE_ID,CODE,LABEL_FR,LABEL_EN,REPEATABLE,GROUP_ID,UPDATABLE) VALUES ((SELECT MAX(ID) + 1 FROM FILE_FIELD),39,'INSPECTION_LIEU_ADRESSE_PAYSADDRESS_NOMPAYS','Adresse Pays (Nom Pays)','Address Country (Country Name)',0,20,1);
INSERT INTO FILE_FIELD (ID,FILE_TYPE_ID,CODE,LABEL_FR,LABEL_EN,REPEATABLE,GROUP_ID,UPDATABLE) VALUES ((SELECT MAX(ID) + 1 FROM FILE_FIELD),39,'INSPECTION_LIEU_ADRESSE_VILLE','Adresse (Ville)','Address (City)',0,20,1);
INSERT INTO FILE_FIELD (ID,FILE_TYPE_ID,CODE,LABEL_FR,LABEL_EN,REPEATABLE,GROUP_ID,UPDATABLE) VALUES ((SELECT MAX(ID) + 1 FROM FILE_FIELD),39,'INSPECTION_LIEU_ADRESSE_ADRESSEELECTRONIQUE','Adresse (Adresse Électronique)','Address (e-mail Address)',0,20,1);
INSERT INTO FILE_FIELD (ID,FILE_TYPE_ID,CODE,LABEL_FR,LABEL_EN,REPEATABLE,GROUP_ID,UPDATABLE) VALUES ((SELECT MAX(ID) + 1 FROM FILE_FIELD),39,'INSPECTION_LIEU_ADRESSE_SITEWEB','Adresse (Site Web)','Address (Web Site)',0,20,1);
INSERT INTO FILE_FIELD (ID,FILE_TYPE_ID,CODE,LABEL_FR,LABEL_EN,REPEATABLE,GROUP_ID,UPDATABLE) VALUES ((SELECT MAX(ID) + 1 FROM FILE_FIELD),39,'INSPECTION_NUMERO_LOT','Numéro de lots','Batch Number',0,20,1);
INSERT INTO FILE_FIELD (ID,FILE_TYPE_ID,CODE,LABEL_FR,LABEL_EN,REPEATABLE,GROUP_ID,UPDATABLE) VALUES ((SELECT MAX(ID) + 1 FROM FILE_FIELD),39,'INSPECTION_CONTENEURS_CONTENEUR','Conteneur','Container',1,20,1);
INSERT INTO FILE_FIELD (ID,FILE_TYPE_ID,CODE,LABEL_FR,LABEL_EN,REPEATABLE,GROUP_ID,UPDATABLE) VALUES ((SELECT MAX(ID) + 1 FROM FILE_FIELD),39,'NATURE_DEMANDE','Nature de la demande','Request nature',1,20,1);
-- new
INSERT INTO FIELD_GROUP (ID, LABEL_EN, LABEL_FR) VALUES (62, 'Treatment Informations', 'Informations Traitement');
INSERT INTO FILE_FIELD (ID,FILE_TYPE_ID,CODE,LABEL_FR,LABEL_EN,REPEATABLE,GROUP_ID,UPDATABLE) VALUES ((SELECT MAX(ID) + 1 FROM FILE_FIELD),39,'TRAITEMENT_SOCIETE_TRAITEMENT_CODE','Code société de traitement','Treatment society code',0,62,1);
INSERT INTO FILE_FIELD (ID,FILE_TYPE_ID,CODE,LABEL_FR,LABEL_EN,REPEATABLE,GROUP_ID,UPDATABLE) VALUES ((SELECT MAX(ID) + 1 FROM FILE_FIELD),39,'TRAITEMENT_SOCIETE_TRAITEMENT_NOM','Nom société de traitement','Treatment society name',0,62,1);
INSERT INTO FILE_FIELD (ID,FILE_TYPE_ID,CODE,LABEL_FR,LABEL_EN,REPEATABLE,GROUP_ID,UPDATABLE) VALUES ((SELECT MAX(ID) + 1 FROM FILE_FIELD),39,'TRAITEMENT_TYPE_TRAITEMENT','Type de traitement','Treatment type',0,62,1);
INSERT INTO FILE_FIELD (ID,FILE_TYPE_ID,CODE,LABEL_FR,LABEL_EN,REPEATABLE,GROUP_ID,UPDATABLE) VALUES ((SELECT MAX(ID) + 1 FROM FILE_FIELD),39,'TRAITEMENT_DATE_TRAITEMENT_PROPOSEE','Date de traitement proposée','Proposed treatment date',0,62,1);
INSERT INTO FILE_FIELD (ID,FILE_TYPE_ID,CODE,LABEL_FR,LABEL_EN,REPEATABLE,GROUP_ID,UPDATABLE) VALUES ((SELECT MAX(ID) + 1 FROM FILE_FIELD),39,'TRAITEMENT_DATE_TRAITEMENT','Date effective de traitement','Treatment effective date',0,62,1);
-- COMMIT
COMMIT;
