/*==============================================================*/
/* Table : AUTHORITY                                            */
/*==============================================================*/

/* Authority of type "ADMINISTRATION" */
INSERT INTO AUTHORITY (ID, ROLE, LABEL_FR, LABEL_EN, AUTHORITY_TYPE) VALUES (1, 'ROOT', 'ROOT', 'ROOT', 'ADMINISTRATION');
INSERT INTO AUTHORITY (ID, ROLE, LABEL_FR, LABEL_EN, AUTHORITY_TYPE) VALUES (2, 'ADMIN_MIN', 'Administrateur Ministère', 'Ministry Administrator', 'ADMINISTRATION');
INSERT INTO AUTHORITY (ID, ROLE, LABEL_FR, LABEL_EN, AUTHORITY_TYPE) VALUES (3, 'ADMIN_ORG', 'Administrateur Organisme', 'Organism Administrator', 'ADMINISTRATION');
/* Authority of type "SUPERVISION" */
INSERT INTO AUTHORITY (ID, ROLE, LABEL_FR, LABEL_EN, AUTHORITY_TYPE) VALUES (4, 'SUPER', 'Superviseur', 'Supervisor', 'SUPERVISION');
INSERT INTO AUTHORITY (ID, ROLE, LABEL_FR, LABEL_EN, AUTHORITY_TYPE) VALUES (5, 'CONS', 'Consulter', 'Consult', 'SUPERVISION');
/* Authority of type "COTATION" */
INSERT INTO AUTHORITY (ID, ROLE, LABEL_FR, LABEL_EN, AUTHORITY_TYPE) VALUES (6, 'AC1', 'Agent de Cotation 1', 'Dispatching Agent 1', 'COTATION');
INSERT INTO AUTHORITY (ID, ROLE, LABEL_FR, LABEL_EN, AUTHORITY_TYPE) VALUES (7, 'AC2', 'Agent de Cotation 2', 'Dispatching Agent 2', 'COTATION');
INSERT INTO AUTHORITY (ID, ROLE, LABEL_FR, LABEL_EN, AUTHORITY_TYPE) VALUES (8, 'AC3', 'Agent de Cotation 3', 'Dispatching Agent 3', 'COTATION');
INSERT INTO AUTHORITY (ID, ROLE, LABEL_FR, LABEL_EN, AUTHORITY_TYPE) VALUES (9, 'AC4', 'Agent de Cotation 4', 'Dispatching Agent 4', 'COTATION');
INSERT INTO AUTHORITY (ID, ROLE, LABEL_FR, LABEL_EN, AUTHORITY_TYPE) VALUES (10, 'AC5', 'Agent de Cotation 5', 'Dispatching Agent 5', 'COTATION');
INSERT INTO AUTHORITY (ID, ROLE, LABEL_FR, LABEL_EN, AUTHORITY_TYPE) VALUES (11, 'AC6', 'Agent de Cotation 6', 'Dispatching Agent 6', 'COTATION');
/* Authority of type "DECISION" */
INSERT INTO AUTHORITY (ID, ROLE, LABEL_FR, LABEL_EN, AUTHORITY_TYPE) VALUES (12, 'AR', 'Agent de Recevabilité', 'Admissibility Agent', 'DECISION');
INSERT INTO AUTHORITY (ID, ROLE, LABEL_FR, LABEL_EN, AUTHORITY_TYPE) VALUES (13, 'INS', 'Inspecteur', 'Inspector', 'DECISION');
INSERT INTO AUTHORITY (ID, ROLE, LABEL_FR, LABEL_EN, AUTHORITY_TYPE) VALUES (14, 'CONT', 'Contrôleur', 'Controller', 'DECISION');
INSERT INTO AUTHORITY (ID, ROLE, LABEL_FR, LABEL_EN, AUTHORITY_TYPE) VALUES (15, 'LAB', 'Laboratoire', 'Laboratory', 'DECISION');
INSERT INTO AUTHORITY (ID, ROLE, LABEL_FR, LABEL_EN, AUTHORITY_TYPE) VALUES (16, 'TREAT', 'Société de Traitement', 'Treatment Company', 'DECISION');
INSERT INTO AUTHORITY (ID, ROLE, LABEL_FR, LABEL_EN, AUTHORITY_TYPE) VALUES (17, 'SIGN', 'Signataire', 'Signatory', 'DECISION');
INSERT INTO AUTHORITY (ID, ROLE, LABEL_FR, LABEL_EN, AUTHORITY_TYPE) VALUES (18, 'RT', 'Responsable de Traitement', 'Processing Manager', 'DECISION');
INSERT INTO AUTHORITY (ID, ROLE, LABEL_FR, LABEL_EN, AUTHORITY_TYPE) VALUES (19, 'IMP', 'Importateur', 'Importer', 'DECISION');
INSERT INTO AUTHORITY (ID, ROLE, LABEL_FR, LABEL_EN, AUTHORITY_TYPE) VALUES (20, 'DOUANE', 'Douane', 'Customs', 'DECISION');
COMMIT;



/*==============================================================*/
/* Table : ADMINISTRATION                                       */
/*==============================================================*/

INSERT INTO ADMINISTRATION (ID,DELETED,LABEL_EN,LABEL_FR) VALUES (1,0,'Minader','Minader');
INSERT INTO ADMINISTRATION (ID,DELETED,LABEL_EN,LABEL_FR) VALUES (2,0,'Direction de la Règlementation et du Contrôle de Qualité des Intrants et des Produits Agricoles','Direction de la Règlementation et du Contrôle de Qualité des Intrants et des Produits Agricoles');
INSERT INTO ADMINISTRATION (ID,DELETED,LABEL_EN,LABEL_FR) VALUES (3,0,'Direction CCT-Minader','Direction CCT-Minader');
INSERT INTO ADMINISTRATION (ID,DELETED,LABEL_EN,LABEL_FR) VALUES (4,0,'Sous Direction CCT-Minader','Sous Direction CCT-Minader');
INSERT INTO ADMINISTRATION (ID,DELETED,LABEL_EN,LABEL_FR) VALUES (5,0,'Service CCT-Minader','Service CCT-Minader');
INSERT INTO ADMINISTRATION (ID,DELETED,LABEL_EN,LABEL_FR) VALUES (6,0,'Sous-Direction de la Règlementation des Pesticides, des Engrais et des Appareils de Traitement','Sous-Direction de la Règlementation des Pesticides, des Engrais et des Appareils de Traitement');
INSERT INTO ADMINISTRATION (ID,DELETED,LABEL_EN,LABEL_FR) VALUES (7,0,'Sous-Direction de la Règlementation des Semences et de la Quarantaine Végétale','Sous-Direction de la Règlementation des Semences et de la Quarantaine Végétale');
INSERT INTO ADMINISTRATION (ID,DELETED,LABEL_EN,LABEL_FR) VALUES (8,0,'Laboratoire National d''Analyse Diagnostique des Produits et des Intrants Agricoles','Laboratoire National d''Analyse Diagnostique des Produits et des Intrants Agricoles');
INSERT INTO ADMINISTRATION (ID,DELETED,LABEL_EN,LABEL_FR) VALUES (9,0,'Service de la Règlementation des Pesticides','Service de la Règlementation des Pesticides');
INSERT INTO ADMINISTRATION (ID,DELETED,LABEL_EN,LABEL_FR) VALUES (10,0,'Bureau Central- Service de la Règlementation des Pesticides','Bureau Central- Service de la Règlementation des Pesticides');
INSERT INTO ADMINISTRATION (ID,DELETED,LABEL_EN,LABEL_FR) VALUES (11,0,'Service de la Règlementation des Appareils de Traitement Phytosanitaire','Service de la Règlementation des Appareils de Traitement Phytosanitaire');
INSERT INTO ADMINISTRATION (ID,DELETED,LABEL_EN,LABEL_FR) VALUES (12,0,'Bureau Central- Service de la Règlementation des Appareils de Traitement Phytosanitaire','Bureau Central- Service de la Règlementation des Appareils de Traitement Phytosanitaire');
INSERT INTO ADMINISTRATION (ID,DELETED,LABEL_EN,LABEL_FR) VALUES (13,0,'Service de la Règlementation des Engrais','Service de la Règlementation des Engrais');
INSERT INTO ADMINISTRATION (ID,DELETED,LABEL_EN,LABEL_FR) VALUES (14,0,'Bureau Central-Service de la Règlementation des Engrais','Bureau Central-Service de la Règlementation des Engrais');
INSERT INTO ADMINISTRATION (ID,DELETED,LABEL_EN,LABEL_FR) VALUES (15,0,'Service de la Certification des Semences et Plants','Service de la Certification des Semences et Plants');
INSERT INTO ADMINISTRATION (ID,DELETED,LABEL_EN,LABEL_FR) VALUES (16,0,'Bureau Central-Service de la Certification des Semences et Plants','Bureau Central-Service de la Certification des Semences et Plants');
INSERT INTO ADMINISTRATION (ID,DELETED,LABEL_EN,LABEL_FR) VALUES (17,0,'Service du Contrôle des Semences et Plants','Service du Contrôle des Semences et Plants');
INSERT INTO ADMINISTRATION (ID,DELETED,LABEL_EN,LABEL_FR) VALUES (18,0,'Bureau Central-Service du Contrôle des Semences et Plants','Bureau Central-Service du Contrôle des Semences et Plants');
INSERT INTO ADMINISTRATION (ID,DELETED,LABEL_EN,LABEL_FR) VALUES (19,0,'Service de la Quarantaine Végétale','Service de la Quarantaine Végétale');
INSERT INTO ADMINISTRATION (ID,DELETED,LABEL_EN,LABEL_FR) VALUES (20,0,'Bureau Central-Service de la Quarantaine Végétale','Bureau Central-Service de la Quarantaine Végétale');
INSERT INTO ADMINISTRATION (ID,DELETED,LABEL_EN,LABEL_FR) VALUES (21,0,'Service des Produits Agricoles, des Semences et Plants','Service des Produits Agricoles, des Semences et Plants');
INSERT INTO ADMINISTRATION (ID,DELETED,LABEL_EN,LABEL_FR) VALUES (22,0,'Bureau Central-Service des Produits Agricoles, des Semences et Plants','Bureau Central-Service des Produits Agricoles, des Semences et Plants');
INSERT INTO ADMINISTRATION (ID,DELETED,LABEL_EN,LABEL_FR) VALUES (23,0,'Service des Produits Phytosanitaires','Service des Produits Phytosanitaires');
INSERT INTO ADMINISTRATION (ID,DELETED,LABEL_EN,LABEL_FR) VALUES (24,0,'Bureau Central- Service des Produits Phytosanitaires','Bureau Central- Service des Produits Phytosanitaires');
INSERT INTO ADMINISTRATION (ID,DELETED,LABEL_EN,LABEL_FR) VALUES (25,0,'Service des Engrais et Fertilisants','Service des Engrais et Fertilisants');
INSERT INTO ADMINISTRATION (ID,DELETED,LABEL_EN,LABEL_FR) VALUES (26,0,'Bureau Central-Service des Engrais et Fertilisants','Bureau Central-Service des Engrais et Fertilisants');
INSERT INTO ADMINISTRATION (ID,DELETED,LABEL_EN,LABEL_FR) VALUES (27,0,'Minepia','Minepia');
INSERT INTO ADMINISTRATION (ID,DELETED,LABEL_EN,LABEL_FR) VALUES (28,0,'Direction CCT-Minepia','Direction CCT-Minepia');
INSERT INTO ADMINISTRATION (ID,DELETED,LABEL_EN,LABEL_FR) VALUES (29,0,'Sous Direction CCT-Minepia','Sous Direction CCT-Minepia');
INSERT INTO ADMINISTRATION (ID,DELETED,LABEL_EN,LABEL_FR) VALUES (30,0,'Service CCT-Minepia','Service CCT-Minepia');
INSERT INTO ADMINISTRATION (ID,DELETED,LABEL_EN,LABEL_FR) VALUES (31,0,'Direction des Services Vétérinaires (DSV)','Direction des Services Vétérinaires (DSV)');
INSERT INTO ADMINISTRATION (ID,DELETED,LABEL_EN,LABEL_FR) VALUES (32,0,'Direction des Pêches, de l''Aquaculture et des Industries Halieutiques','Direction des Pêches, de l''Aquaculture et des Industries Halieutiques');
INSERT INTO ADMINISTRATION (ID,DELETED,LABEL_EN,LABEL_FR) VALUES (33,0,'Direction de Développement des Productions et des Industries Animales','Direction de Développement des Productions et des Industries Animales');
INSERT INTO ADMINISTRATION (ID,DELETED,LABEL_EN,LABEL_FR) VALUES (34,0,'S/D de la Protection Sanitaire et de l''Epidémiosurveillance','S/D de la Protection Sanitaire et de l''Epidémiosurveillance');
INSERT INTO ADMINISTRATION (ID,DELETED,LABEL_EN,LABEL_FR) VALUES (35,0,'S/D de la Pharmacie et du Secteur Privée Vétérinaires','S/D de la Pharmacie et du Secteur Privée Vétérinaires');
INSERT INTO ADMINISTRATION (ID,DELETED,LABEL_EN,LABEL_FR) VALUES (36,0,'S/D de l''Inspection Sanitaire et de la Santé Publique Vétérinaires','S/D de l''Inspection Sanitaire et de la Santé Publique Vétérinaires');
INSERT INTO ADMINISTRATION (ID,DELETED,LABEL_EN,LABEL_FR) VALUES (37,0,'Sous-Direction de l''Aquaculture','Sous-Direction de l''Aquaculture');
INSERT INTO ADMINISTRATION (ID,DELETED,LABEL_EN,LABEL_FR) VALUES (38,0,'Sous-Direction de la Pêche Industrielle et Artisanale','Sous-Direction de la Pêche Industrielle et Artisanale');
INSERT INTO ADMINISTRATION (ID,DELETED,LABEL_EN,LABEL_FR) VALUES (39,0,'Sous-Direction Productions Animales','Sous-Direction Productions Animales');
INSERT INTO ADMINISTRATION (ID,DELETED,LABEL_EN,LABEL_FR) VALUES (40,0,'Service de la Santé des Animaux Domestiques','Service de la Santé des Animaux Domestiques');
INSERT INTO ADMINISTRATION (ID,DELETED,LABEL_EN,LABEL_FR) VALUES (41,0,'Bureau Central-Service de la Santé des Animaux Domestiques','Bureau Central-Service de la Santé des Animaux Domestiques');
INSERT INTO ADMINISTRATION (ID,DELETED,LABEL_EN,LABEL_FR) VALUES (42,0,'Service de la Pharmacie Vétérinaire','Service de la Pharmacie Vétérinaire');
INSERT INTO ADMINISTRATION (ID,DELETED,LABEL_EN,LABEL_FR) VALUES (43,0,'Bureau Central-Service de la Pharmacie Vétérinaire','Bureau Central-Service de la Pharmacie Vétérinaire');
INSERT INTO ADMINISTRATION (ID,DELETED,LABEL_EN,LABEL_FR) VALUES (44,0,'Service du Secteur Privée Vétérinaire','Service du Secteur Privée Vétérinaire');
INSERT INTO ADMINISTRATION (ID,DELETED,LABEL_EN,LABEL_FR) VALUES (45,0,'Bureau Central-Service du Secteur Privée Vétérinaire','Bureau Central-Service du Secteur Privée Vétérinaire');
INSERT INTO ADMINISTRATION (ID,DELETED,LABEL_EN,LABEL_FR) VALUES (46,0,'Service de l''Inspection Sanitaire Vétérinaire','Service de l''Inspection Sanitaire Vétérinaire');
INSERT INTO ADMINISTRATION (ID,DELETED,LABEL_EN,LABEL_FR) VALUES (47,0,'Bureau Central-Service de l''Inspection Sanitaire Vétérinaire','Bureau Central-Service de l''Inspection Sanitaire Vétérinaire');
INSERT INTO ADMINISTRATION (ID,DELETED,LABEL_EN,LABEL_FR) VALUES (48,0,'Service du Contrôle de Qualité et de la Certification Vétérinaire','Service du Contrôle de Qualité et de la Certification Vétérinaire');
INSERT INTO ADMINISTRATION (ID,DELETED,LABEL_EN,LABEL_FR) VALUES (49,0,'Bureau Centra l- Service du Contrôle de Qualité et de la Certification Vétérinaire','Bureau Centra l- Service du Contrôle de Qualité et de la Certification Vétérinaire');
INSERT INTO ADMINISTRATION (ID,DELETED,LABEL_EN,LABEL_FR) VALUES (50,0,'Service de l''Aquaculture','Service de l''Aquaculture');
INSERT INTO ADMINISTRATION (ID,DELETED,LABEL_EN,LABEL_FR) VALUES (51,0,'Bureau Central-Service de l''Aquaculture','Bureau Central-Service de l''Aquaculture');
INSERT INTO ADMINISTRATION (ID,DELETED,LABEL_EN,LABEL_FR) VALUES (52,0,'Service de la Pêche Industrielle','Service de la Pêche Industrielle');
INSERT INTO ADMINISTRATION (ID,DELETED,LABEL_EN,LABEL_FR) VALUES (53,0,'Bureau Central-Service de la Pêche Industrielle','Bureau Central-Service de la Pêche Industrielle');
INSERT INTO ADMINISTRATION (ID,DELETED,LABEL_EN,LABEL_FR) VALUES (54,0,'Service de la Pêche Continentale et Artisanale Maritime','Service de la Pêche Continentale et Artisanale Maritime');
INSERT INTO ADMINISTRATION (ID,DELETED,LABEL_EN,LABEL_FR) VALUES (55,0,'Bureau Central-Service de la Pêche Continentale et Artisanale Maritime','Bureau Central-Service de la Pêche Continentale et Artisanale Maritime');
INSERT INTO ADMINISTRATION (ID,DELETED,LABEL_EN,LABEL_FR) VALUES (56,0,'Service des Elevages du Petit Bétail, de la Volaille et de la Cuniculture','Service des Elevages du Petit Bétail, de la Volaille et de la Cuniculture');
INSERT INTO ADMINISTRATION (ID,DELETED,LABEL_EN,LABEL_FR) VALUES (57,0,'Bureau Central-Service des Elevages du Petit Bétail, de la Volaille et de la Cuniculture','Bureau Central-Service des Elevages du Petit Bétail, de la Volaille et de la Cuniculture');
INSERT INTO ADMINISTRATION (ID,DELETED,LABEL_EN,LABEL_FR) VALUES (58,0,'Service des Elevages du Gros Bétail, des Camelins, des Equins et des Asins','Service des Elevages du Gros Bétail, des Camelins, des Equins et des Asins');
INSERT INTO ADMINISTRATION (ID,DELETED,LABEL_EN,LABEL_FR) VALUES (59,0,'Bureau Central-Service des Elevages du Gros Bétail, des Camelins, des Equins et des Asins','Bureau Central-Service des Elevages du Gros Bétail, des Camelins, des Equins et des Asins');
INSERT INTO ADMINISTRATION (ID,DELETED,LABEL_EN,LABEL_FR) VALUES (60,0,'Service des Elevages non Conventionnels, de l''Apiculture et des Animaux de Compagnie','Service des Elevages non Conventionnels, de l''Apiculture et des Animaux de Compagnie');
INSERT INTO ADMINISTRATION (ID,DELETED,LABEL_EN,LABEL_FR) VALUES (61,0,'Bureau Central-Service des Elevages non Conventionnels, de l''Apiculture et des Animaux de Compagnie','Bureau Central-Service des Elevages non Conventionnels, de l''Apiculture et des Animaux de Compagnie');
INSERT INTO ADMINISTRATION (ID,DELETED,LABEL_EN,LABEL_FR) VALUES (62,0,'Minepded','Minepded');
INSERT INTO ADMINISTRATION (ID,DELETED,LABEL_EN,LABEL_FR) VALUES (63,0,'Direction CCT-Minepded','Direction CCT-Minepded');
INSERT INTO ADMINISTRATION (ID,DELETED,LABEL_EN,LABEL_FR) VALUES (64,0,'Sous Direction CCT-Minepded','Sous Direction CCT-Minepded');
INSERT INTO ADMINISTRATION (ID,DELETED,LABEL_EN,LABEL_FR) VALUES (65,0,'Service CCT-Minepded','Service CCT-Minepded');
INSERT INTO ADMINISTRATION (ID,DELETED,LABEL_EN,LABEL_FR) VALUES (66,0,'Direction des Normes et du Contrôle','Direction des Normes et du Contrôle');
INSERT INTO ADMINISTRATION (ID,DELETED,LABEL_EN,LABEL_FR) VALUES (67,0,'Sous-Direction des Normes et de la Réglementation Environnementales','Sous-Direction des Normes et de la Réglementation Environnementales');
INSERT INTO ADMINISTRATION (ID,DELETED,LABEL_EN,LABEL_FR) VALUES (68,0,'Service des Normes et Procédures','Service des Normes et Procédures');
INSERT INTO ADMINISTRATION (ID,DELETED,LABEL_EN,LABEL_FR) VALUES (69,0,'Bureau Central-Service des Normes et Procédures','Bureau Central-Service des Normes et Procédures');
INSERT INTO ADMINISTRATION (ID,DELETED,LABEL_EN,LABEL_FR) VALUES (70,0,'Service de la Réglementation, des Agréments et des Visas','Service de la Réglementation, des Agréments et des Visas');
INSERT INTO ADMINISTRATION (ID,DELETED,LABEL_EN,LABEL_FR) VALUES (71,0,'Bureau Central-Service de la Réglementation, des Agréments et des Visas','Bureau Central-Service de la Réglementation, des Agréments et des Visas');
INSERT INTO ADMINISTRATION (ID,DELETED,LABEL_EN,LABEL_FR) VALUES (72,0,'Bureau Central-Service CCT-Minader','Bureau Central-Service CCT-Minader');
INSERT INTO ADMINISTRATION (ID,DELETED,LABEL_EN,LABEL_FR) VALUES (73,0,'Bureau Central-Service CCT-Minepia','Bureau Central-Service CCT-Minepia');
INSERT INTO ADMINISTRATION (ID,DELETED,LABEL_EN,LABEL_FR) VALUES (74,0,'Bureau Central-Service CCT-Minepded','Bureau Central-Service CCT-Minepded');
INSERT INTO ADMINISTRATION (ID,DELETED,LABEL_EN,LABEL_FR) VALUES (75,0,'Treatment company-Service CCT-Minepia','Treatment company-Service CCT-Minepia');
INSERT INTO ADMINISTRATION (ID,DELETED,LABEL_EN,LABEL_FR) VALUES (76,1,'Treatment company-Service CCT-Minepded','Treatment company-Service CCT-Minepded');
INSERT INTO ADMINISTRATION (ID,DELETED,LABEL_EN,LABEL_FR) VALUES (77,0,'Minatest','Minatest');
INSERT INTO ADMINISTRATION (ID,DELETED,LABEL_EN,LABEL_FR) VALUES (78,0,'Laboratoire CCT-Minepded','Laboratoire CCT-Minepded');
COMMIT;
/*==============================================================*/
/* Table : MINISTRY                                             */
/*==============================================================*/
INSERT INTO MINISTRY(ID) VALUES (1);
INSERT INTO MINISTRY(ID) VALUES (27);
INSERT INTO MINISTRY(ID) VALUES (62);
COMMIT;

/*==============================================================*/
/* Table : ORGANISM                                             */
/*==============================================================*/
INSERT INTO ORGANISM(ID, ABREVIATION,MINISTRY_ID) VALUES (2, 'DRCQIPA',1);
INSERT INTO ORGANISM(ID, ABREVIATION,MINISTRY_ID) VALUES (3, 'D-CCT-Minader',1);
INSERT INTO ORGANISM(ID, ABREVIATION,MINISTRY_ID) VALUES (28, 'D-CCT-Minepia',27);
INSERT INTO ORGANISM(ID, ABREVIATION,MINISTRY_ID) VALUES (31, 'DSV', 27);
INSERT INTO ORGANISM(ID, ABREVIATION,MINISTRY_ID) VALUES (32, 'DPAIH',27);
INSERT INTO ORGANISM(ID, ABREVIATION,MINISTRY_ID) VALUES (33, 'DDPIA',27);
INSERT INTO ORGANISM(ID, ABREVIATION,MINISTRY_ID) VALUES (63, 'D-CCT-Minepded',62);
INSERT INTO ORGANISM(ID, ABREVIATION,MINISTRY_ID) VALUES (66, 'DNC',62);
INSERT INTO ORGANISM(ID, ABREVIATION,MINISTRY_ID) VALUES (77, 'MT',62);
COMMIT;

/*==============================================================*/
/* Table : SUB_DEPARTMENT                                       */
/*==============================================================*/
INSERT INTO SUB_DEPARTMENT(ID, ABREVIATION, ORGANISM_ID ) VALUES(4, 'SDCCT-Minader',3);
INSERT INTO SUB_DEPARTMENT(ID, ABREVIATION, ORGANISM_ID ) VALUES(6, 'SDRPEAT',2);
INSERT INTO SUB_DEPARTMENT(ID, ABREVIATION, ORGANISM_ID ) VALUES(7, 'SDRSQV',2);
INSERT INTO SUB_DEPARTMENT(ID, ABREVIATION, ORGANISM_ID ) VALUES(8, 'LNADPIA',2);
INSERT INTO SUB_DEPARTMENT(ID, ABREVIATION, ORGANISM_ID ) VALUES(29, 'SDCCT-Minepia',28);
INSERT INTO SUB_DEPARTMENT(ID, ABREVIATION, ORGANISM_ID ) VALUES(34, 'SDPSE',31);
INSERT INTO SUB_DEPARTMENT(ID, ABREVIATION, ORGANISM_ID ) VALUES(35, 'SDPSPV',31);
INSERT INTO SUB_DEPARTMENT(ID, ABREVIATION, ORGANISM_ID ) VALUES(36, 'SDISSPV',31);
INSERT INTO SUB_DEPARTMENT(ID, ABREVIATION, ORGANISM_ID ) VALUES(37, 'SDA',32);
INSERT INTO SUB_DEPARTMENT(ID, ABREVIATION, ORGANISM_ID ) VALUES(38, 'SDPIA',32);
INSERT INTO SUB_DEPARTMENT(ID, ABREVIATION, ORGANISM_ID ) VALUES(39, 'SDPA',33);
INSERT INTO SUB_DEPARTMENT(ID, ABREVIATION, ORGANISM_ID ) VALUES(64, 'SDCCT-Minepded',63);
INSERT INTO SUB_DEPARTMENT(ID, ABREVIATION, ORGANISM_ID ) VALUES(67, 'SDNRE',66);
COMMIT;

/*==============================================================*/
/* Table : SERVICE                                              */
/*==============================================================*/
INSERT INTO SERVICE(ID, ABREVIATION, SUB_DEPARTMENT_ID) VALUES (5,'SCCT-Minader',4);
INSERT INTO SERVICE(ID, ABREVIATION, SUB_DEPARTMENT_ID) VALUES (9,'SRP',6);
INSERT INTO SERVICE(ID, ABREVIATION, SUB_DEPARTMENT_ID) VALUES (11,'SRATP',6);
INSERT INTO SERVICE(ID, ABREVIATION, SUB_DEPARTMENT_ID) VALUES (13,'SRE',6);
INSERT INTO SERVICE(ID, ABREVIATION, SUB_DEPARTMENT_ID) VALUES (15,'SCERSP',7);
INSERT INTO SERVICE(ID, ABREVIATION, SUB_DEPARTMENT_ID) VALUES (17,'SCONSP',7);
INSERT INTO SERVICE(ID, ABREVIATION, SUB_DEPARTMENT_ID) VALUES (19,'SQV',7);
INSERT INTO SERVICE(ID, ABREVIATION, SUB_DEPARTMENT_ID) VALUES (21,'SPASP',8);
INSERT INTO SERVICE(ID, ABREVIATION, SUB_DEPARTMENT_ID) VALUES (23,'Sdes Produits Phytosanitaires',8);
INSERT INTO SERVICE(ID, ABREVIATION, SUB_DEPARTMENT_ID) VALUES (25,'SEF',8);
INSERT INTO SERVICE(ID, ABREVIATION, SUB_DEPARTMENT_ID) VALUES (30,'SCCT-Minepia',29);
INSERT INTO SERVICE(ID, ABREVIATION, SUB_DEPARTMENT_ID) VALUES (40,'SSAD',34);
INSERT INTO SERVICE(ID, ABREVIATION, SUB_DEPARTMENT_ID) VALUES (42,'SPV',35);
INSERT INTO SERVICE(ID, ABREVIATION, SUB_DEPARTMENT_ID) VALUES (44,'SSPV',35);
INSERT INTO SERVICE(ID, ABREVIATION, SUB_DEPARTMENT_ID) VALUES (46,'SISV',36);
INSERT INTO SERVICE(ID, ABREVIATION, SUB_DEPARTMENT_ID) VALUES (48,'CQCV',36);
INSERT INTO SERVICE(ID, ABREVIATION, SUB_DEPARTMENT_ID) VALUES (50,'SAQ',37);
INSERT INTO SERVICE(ID, ABREVIATION, SUB_DEPARTMENT_ID) VALUES (52,'SPIND',38);
INSERT INTO SERVICE(ID, ABREVIATION, SUB_DEPARTMENT_ID) VALUES (54,'SPCAM',38);
INSERT INTO SERVICE(ID, ABREVIATION, SUB_DEPARTMENT_ID) VALUES (56,'SEPBVC',39);
INSERT INTO SERVICE(ID, ABREVIATION, SUB_DEPARTMENT_ID) VALUES (58,'SEGBCEA',39);
INSERT INTO SERVICE(ID, ABREVIATION, SUB_DEPARTMENT_ID) VALUES (60,'SECAAC',39);
INSERT INTO SERVICE(ID, ABREVIATION, SUB_DEPARTMENT_ID) VALUES (65,'SCCT-Minepded',64);
INSERT INTO SERVICE(ID, ABREVIATION, SUB_DEPARTMENT_ID) VALUES (68,'SNP',67);
INSERT INTO SERVICE(ID, ABREVIATION, SUB_DEPARTMENT_ID) VALUES (70,'SRAV',67);
COMMIT;

/*==============================================================*/
/* Table : ENTITY                                               */
/*==============================================================*/
INSERT INTO ENTITY(ID, CODE, ADDRESS, EMAIL, FAX, TELEPHONE, SERVICE_ID) VALUES (10, 'BC-SRP', 'Address BC-SRP', 'bc-srp@siat.com', '00237612345678', '00237158702903',9);
INSERT INTO ENTITY(ID, CODE, ADDRESS, EMAIL, FAX, TELEPHONE, SERVICE_ID) VALUES (12, 'BC-SRATP', 'Address BC-SRATP', 'bc-sratp@siat.com', '00237612345678', '00237158702903',11);
INSERT INTO ENTITY(ID, CODE, ADDRESS, EMAIL, FAX, TELEPHONE, SERVICE_ID) VALUES (14, 'BC-SRE', 'Address BC-SRE', 'bc-sre@siat.com', '00237612345678', '00237158702903',13);
INSERT INTO ENTITY(ID, CODE, ADDRESS, EMAIL, FAX, TELEPHONE, SERVICE_ID) VALUES (16, 'BC-SCSP', 'Address BC-SCSP', 'bc-scsp@siat.com', '00237612345678', '00237158702903',15);
INSERT INTO ENTITY(ID, CODE, ADDRESS, EMAIL, FAX, TELEPHONE, SERVICE_ID) VALUES (18, 'BC-SCSP', 'Address BC-SCSP', 'bc-scsp@siat.com', '00237612345678', '00237158702903',17);
INSERT INTO ENTITY(ID, CODE, ADDRESS, EMAIL, FAX, TELEPHONE, SERVICE_ID) VALUES (20, 'BC-SQV', 'Address BC-SQV', 'bc-sqv@siat.com', '00237612345678', '00237158702903',19);
INSERT INTO ENTITY(ID, CODE, ADDRESS, EMAIL, FAX, TELEPHONE, SERVICE_ID) VALUES (22, 'BC-SPASP', 'Address BC-SPASP', 'bc-spasp@siat.com', '00237612345678', '00237158702903',21);
INSERT INTO ENTITY(ID, CODE, ADDRESS, EMAIL, FAX, TELEPHONE, SERVICE_ID) VALUES (24, 'BC-SPP', 'Address BC-SPP', 'bc-spp@siat.com', '00237612345678', '00237158702903',23);
INSERT INTO ENTITY(ID, CODE, ADDRESS, EMAIL, FAX, TELEPHONE, SERVICE_ID) VALUES (26, 'BC-SEF', 'Address BC-SEF', 'bc-sef@siat.com', '00237612345678', '00237158702903',25);
INSERT INTO ENTITY(ID, CODE, ADDRESS, EMAIL, FAX, TELEPHONE, SERVICE_ID) VALUES (41, 'BC-SSAD', 'Address BC-SSAD', 'bc-ssad@siat.com', '00237612345678', '00237158702903',40);
INSERT INTO ENTITY(ID, CODE, ADDRESS, EMAIL, FAX, TELEPHONE, SERVICE_ID) VALUES (43, 'BC-SPV', 'Address BC-SPV', 'bc-spv@siat.com', '00237612345678', '00237158702903',42);
INSERT INTO ENTITY(ID, CODE, ADDRESS, EMAIL, FAX, TELEPHONE, SERVICE_ID) VALUES (45, 'BC-SSPV', 'Address BC-SSPV', 'bc-sspv@siat.com', '00237612345678', '00237158702903',44);
INSERT INTO ENTITY(ID, CODE, ADDRESS, EMAIL, FAX, TELEPHONE, SERVICE_ID) VALUES (47, 'BC-SISV', 'Address BC-SISV', 'bc-sisv@siat.com', '00237612345678', '00237158702903',46);
INSERT INTO ENTITY(ID, CODE, ADDRESS, EMAIL, FAX, TELEPHONE, SERVICE_ID) VALUES (49, 'BC-SCQCV', 'Address BC-SCQCV', 'bc-scqcv@siat.com', '00237612345678', '00237158702903',48);
INSERT INTO ENTITY(ID, CODE, ADDRESS, EMAIL, FAX, TELEPHONE, SERVICE_ID) VALUES (51, 'BC-SA', 'Address BC-SA', 'bc-sa@siat.com', '00237612345678', '00237158702903',50);
INSERT INTO ENTITY(ID, CODE, ADDRESS, EMAIL, FAX, TELEPHONE, SERVICE_ID) VALUES (53, 'BC-SPI', 'Address BC-SPI', 'bc-spi@siat.com', '00237612345678', '00237158702903',52);
INSERT INTO ENTITY(ID, CODE, ADDRESS, EMAIL, FAX, TELEPHONE, SERVICE_ID) VALUES (55, 'BC-SPCAM', 'Address BC-SPCAM', 'bc-spcam@siat.com', '00237612345678', '00237158702903',54);
INSERT INTO ENTITY(ID, CODE, ADDRESS, EMAIL, FAX, TELEPHONE, SERVICE_ID) VALUES (57, 'BC-SEPBVC', 'Address BC-SEPBVC', 'bc-sepbvc@siat.com', '00237612345678', '00237158702903',56);
INSERT INTO ENTITY(ID, CODE, ADDRESS, EMAIL, FAX, TELEPHONE, SERVICE_ID) VALUES (59, 'BC-SEGCEA', 'Address BC-SEGCEA', 'bc-segcea@siat.com', '00237612345678', '00237158702903',58);
INSERT INTO ENTITY(ID, CODE, ADDRESS, EMAIL, FAX, TELEPHONE, SERVICE_ID) VALUES (61, 'BC-SECAAC', 'Address BC-SECAAC', 'bc-secaac@siat.com', '00237612345678', '00237158702903',60);
INSERT INTO ENTITY(ID, CODE, ADDRESS, EMAIL, FAX, TELEPHONE, SERVICE_ID) VALUES (69, 'BC-SNP', 'Address BC-SNP', 'bc-snp@siat.com', '00237612345678', '00237158702903',68);
INSERT INTO ENTITY(ID, CODE, ADDRESS, EMAIL, FAX, TELEPHONE, SERVICE_ID) VALUES (71, 'BC-SRAV', 'Address BC-SRAV', 'bc-srav@siat.com', '00237612345678', '00237158702903',70);
INSERT INTO ENTITY(ID, CODE, ADDRESS, EMAIL, FAX, TELEPHONE, SERVICE_ID) VALUES (72, 'BCCCT-Minader', 'Address BCCCT-Minader', 'bccct-minader@siat.com', '00237612345678', '00237158702903',5);
INSERT INTO ENTITY(ID, CODE, ADDRESS, EMAIL, FAX, TELEPHONE, SERVICE_ID) VALUES (73, 'BCCCT-Minipea', 'Address BCCCT-Minipea', 'bccct-minipea@siat.com', '00237612345678', '00237158702903',30);
INSERT INTO ENTITY(ID, CODE, ADDRESS, EMAIL, FAX, TELEPHONE, SERVICE_ID) VALUES (74, 'BCCCT-Minepded', 'Address BCCCT-Minepded', 'bccct-minepded@siat.com', '00237612345678', '00237158702903',65);
INSERT INTO ENTITY(ID, CODE, ADDRESS, EMAIL, FAX, TELEPHONE, SERVICE_ID) VALUES (75, 'TC-Minipea', 'Address TC-Minipea', 'tc-minipea@siat.com', '00237612345678', '00237158702903',30);
INSERT INTO ENTITY(ID, CODE, ADDRESS, EMAIL, FAX, TELEPHONE, SERVICE_ID) VALUES (76, 'TC-Minepded', 'Address TC-Minepded', 'tc-minepded@siat.com', '00237612345678', '00237158702903',65);
INSERT INTO ENTITY(ID, CODE, ADDRESS, EMAIL, FAX, TELEPHONE, SERVICE_ID) VALUES (78, 'LAB-Minepded', 'Address LAB-Minepded', 'lab-minepded@siat.com', '00237612345678', '00237158702903',65);

COMMIT;

/*==============================================================*/
/* Table : BUREAU                                               */
/*==============================================================*/
INSERT INTO BUREAU(ID, BUREAU_TYPE) VALUES (10, 'BUREAU_CENTRAL');
INSERT INTO BUREAU(ID, BUREAU_TYPE) VALUES (12, 'BUREAU_CENTRAL');
INSERT INTO BUREAU(ID, BUREAU_TYPE) VALUES (14, 'BUREAU_CENTRAL');
INSERT INTO BUREAU(ID, BUREAU_TYPE) VALUES (16, 'BUREAU_CENTRAL');
INSERT INTO BUREAU(ID, BUREAU_TYPE) VALUES (18, 'BUREAU_CENTRAL');
INSERT INTO BUREAU(ID, BUREAU_TYPE) VALUES (20, 'BUREAU_CENTRAL');
INSERT INTO BUREAU(ID, BUREAU_TYPE) VALUES (22, 'BUREAU_CENTRAL');
INSERT INTO BUREAU(ID, BUREAU_TYPE) VALUES (24, 'BUREAU_CENTRAL');
INSERT INTO BUREAU(ID, BUREAU_TYPE) VALUES (26, 'BUREAU_CENTRAL');
INSERT INTO BUREAU(ID, BUREAU_TYPE) VALUES (41, 'BUREAU_CENTRAL');
INSERT INTO BUREAU(ID, BUREAU_TYPE) VALUES (43, 'BUREAU_CENTRAL');
INSERT INTO BUREAU(ID, BUREAU_TYPE) VALUES (45, 'BUREAU_CENTRAL');
INSERT INTO BUREAU(ID, BUREAU_TYPE) VALUES (47, 'BUREAU_CENTRAL');
INSERT INTO BUREAU(ID, BUREAU_TYPE) VALUES (49, 'BUREAU_CENTRAL');
INSERT INTO BUREAU(ID, BUREAU_TYPE) VALUES (51, 'BUREAU_CENTRAL');
INSERT INTO BUREAU(ID, BUREAU_TYPE) VALUES (53, 'BUREAU_CENTRAL');
INSERT INTO BUREAU(ID, BUREAU_TYPE) VALUES (55, 'BUREAU_CENTRAL');
INSERT INTO BUREAU(ID, BUREAU_TYPE) VALUES (57, 'BUREAU_CENTRAL');
INSERT INTO BUREAU(ID, BUREAU_TYPE) VALUES (59, 'BUREAU_CENTRAL');
INSERT INTO BUREAU(ID, BUREAU_TYPE) VALUES (61, 'BUREAU_CENTRAL');
INSERT INTO BUREAU(ID, BUREAU_TYPE) VALUES (69, 'BUREAU_CENTRAL');
INSERT INTO BUREAU(ID, BUREAU_TYPE) VALUES (71, 'BUREAU_CENTRAL');
INSERT INTO BUREAU(ID, BUREAU_TYPE) VALUES (72, 'BUREAU_CENTRAL');
INSERT INTO BUREAU(ID, BUREAU_TYPE) VALUES (73, 'BUREAU_CENTRAL');
INSERT INTO BUREAU(ID, BUREAU_TYPE) VALUES (74, 'BUREAU_CENTRAL');
COMMIT;

/*==============================================================*/
/* Table : LABORATORY                                              */
/*==============================================================*/
INSERT INTO LABORATORY(ID) VALUES (78);

COMMIT;

/*==============================================================*/
/* Table : USERS                                                */
/*==============================================================*/
INSERT INTO USERS (ID,ACCOUNT_NON_EXPIRED,ACCOUNT_NON_LOCKED,ATTEMPTS,CREDENTIALS_NON_EXPIRED,DELETED,EMAIL,ENABLED,FIRST_LOGIN,FIRST_NAME,LAST_ATTEMPTS_TIME,LAST_NAME,LOGIN,PASSWORD,POSITION,PREFERED_LANGUAGE,TELEPHONE,ADMINISTRATION_ID) VALUES (1,1,1,0,1,0,'ct-root@siat.com',1,0,'root',null,'root','ROOT','5ef055d79cdf63695cdfd9e17088bf9f3f98c8d3f71664b269217a3b8124b8e70d9d7af42d3b847e','ADMINISTRATEUR','FR',null,null);
INSERT INTO USERS (ID,ACCOUNT_NON_EXPIRED,ACCOUNT_NON_LOCKED,ATTEMPTS,CREDENTIALS_NON_EXPIRED,DELETED,EMAIL,ENABLED,FIRST_LOGIN,FIRST_NAME,LAST_ATTEMPTS_TIME,LAST_NAME,LOGIN,PASSWORD,POSITION,PREFERED_LANGUAGE,TELEPHONE,ADMINISTRATION_ID) VALUES (2,1,1,0,1,0,'minepia-min@siat.com',1,0,'MINEPIA-MIN',null,'MINEPIA-MIN','MINEPIA-MIN','5bc3942b9fd150b777579260b670838eb8c3ce0c1616bc6887461664dd8db83524fad200d92933a2','MINISTRE','FR',null,'27');
INSERT INTO USERS (ID,ACCOUNT_NON_EXPIRED,ACCOUNT_NON_LOCKED,ATTEMPTS,CREDENTIALS_NON_EXPIRED,DELETED,EMAIL,ENABLED,FIRST_LOGIN,FIRST_NAME,LAST_ATTEMPTS_TIME,LAST_NAME,LOGIN,PASSWORD,POSITION,PREFERED_LANGUAGE,TELEPHONE,ADMINISTRATION_ID) VALUES (3,1,1,0,1,0,'minepia-sg@siat.com',1,0,'MINEPIA-SG',null,'MINEPIA-SG','MINEPIA-SG','277162eb21d4ebb1ca8d7ed79ef3923cac244ae124ba254ecd0e18868ca02a4565cf40b89109794f','SECRETAIRE_GENERAL','FR',null,'27');
INSERT INTO USERS (ID,ACCOUNT_NON_EXPIRED,ACCOUNT_NON_LOCKED,ATTEMPTS,CREDENTIALS_NON_EXPIRED,DELETED,EMAIL,ENABLED,FIRST_LOGIN,FIRST_NAME,LAST_ATTEMPTS_TIME,LAST_NAME,LOGIN,PASSWORD,POSITION,PREFERED_LANGUAGE,TELEPHONE,ADMINISTRATION_ID) VALUES (4,1,1,0,1,0,'minepia-d-dsv@siat.com',1,0,'MINEPIA-D-DSV',null,'MINEPIA-D-DSV','MINEPIA-D-DSV','97b49b36d2351840aba7958a03c9e6e4d3a7a43f918d5a287fdfdfc6234ec4185ecbcb432a825cb4','DIRECTEUR','FR',null,'31');
INSERT INTO USERS (ID,ACCOUNT_NON_EXPIRED,ACCOUNT_NON_LOCKED,ATTEMPTS,CREDENTIALS_NON_EXPIRED,DELETED,EMAIL,ENABLED,FIRST_LOGIN,FIRST_NAME,LAST_ATTEMPTS_TIME,LAST_NAME,LOGIN,PASSWORD,POSITION,PREFERED_LANGUAGE,TELEPHONE,ADMINISTRATION_ID) VALUES (5,1,1,0,1,0,'minepia-d-dpaih@siat.com',1,0,'MINEPIA-D-DPAIH',null,'MINEPIA-D-DPAIH','MINEPIA-D-DPAIH','360b9884c2b0cc260c083010c16cca59b8f8014d6138aca5a33a864c4ac6a8a662bb1d72914e12bd','DIRECTEUR','FR',null,'32');
INSERT INTO USERS (ID,ACCOUNT_NON_EXPIRED,ACCOUNT_NON_LOCKED,ATTEMPTS,CREDENTIALS_NON_EXPIRED,DELETED,EMAIL,ENABLED,FIRST_LOGIN,FIRST_NAME,LAST_ATTEMPTS_TIME,LAST_NAME,LOGIN,PASSWORD,POSITION,PREFERED_LANGUAGE,TELEPHONE,ADMINISTRATION_ID) VALUES (6,1,1,0,1,0,'minepia-d-ddpia@siat.com',1,0,'MINEPIA-D-DDPIA',null,'MINEPIA-D-DDPIA','MINEPIA-D-DDPIA','e08b57a2f24383d45603c0e671a5f83dc08b67545ab4b1152474b3657897349f51626a362c4533bc','DIRECTEUR','FR',null,'33');
INSERT INTO USERS (ID,ACCOUNT_NON_EXPIRED,ACCOUNT_NON_LOCKED,ATTEMPTS,CREDENTIALS_NON_EXPIRED,DELETED,EMAIL,ENABLED,FIRST_LOGIN,FIRST_NAME,LAST_ATTEMPTS_TIME,LAST_NAME,LOGIN,PASSWORD,POSITION,PREFERED_LANGUAGE,TELEPHONE,ADMINISTRATION_ID) VALUES (7,1,1,0,1,0,'minepia-sd-sdcct-minepia@siat.com',1,0,'MINEPIA-SD-SDCCT-MINEPIA',null,'MINEPIA-SD-SDCCT-MINEPIA','MINEPIA-SD-SDCCT-MINEPIA','c388e37ddc4b9195b37564dfc0e309f28598bdca06c6a2f06c1f5ca78e1e85b46ad817653b3bd8e0','SOUS_DIRECTEUR','FR',null,'29');
INSERT INTO USERS (ID,ACCOUNT_NON_EXPIRED,ACCOUNT_NON_LOCKED,ATTEMPTS,CREDENTIALS_NON_EXPIRED,DELETED,EMAIL,ENABLED,FIRST_LOGIN,FIRST_NAME,LAST_ATTEMPTS_TIME,LAST_NAME,LOGIN,PASSWORD,POSITION,PREFERED_LANGUAGE,TELEPHONE,ADMINISTRATION_ID) VALUES (8,1,1,0,1,0,'minepia-sd-sdpse@siat.com',1,0,'MINEPIA-SD-SDPSE',null,'MINEPIA-SD-SDPSE','MINEPIA-SD-SDPSE','0e4d04126258e69240022bce9ee3c402d51b38fef7c8a6d8c4328a76df4d122e2fd1445626fc8810','SOUS_DIRECTEUR','FR',null,'34');
INSERT INTO USERS (ID,ACCOUNT_NON_EXPIRED,ACCOUNT_NON_LOCKED,ATTEMPTS,CREDENTIALS_NON_EXPIRED,DELETED,EMAIL,ENABLED,FIRST_LOGIN,FIRST_NAME,LAST_ATTEMPTS_TIME,LAST_NAME,LOGIN,PASSWORD,POSITION,PREFERED_LANGUAGE,TELEPHONE,ADMINISTRATION_ID) VALUES (9,1,1,0,1,0,'minepia-sd-sdpspv@siat.com',1,0,'MINEPIA-SD-SDPSPV',null,'MINEPIA-SD-SDPSPV','MINEPIA-SD-SDPSPV','20f6b82988fe8ad67724d566bf714f71cf243f86c7a4b2e6da75ae6710a99347359e59d7a5aad95e','SOUS_DIRECTEUR','FR',null,'35');
INSERT INTO USERS (ID,ACCOUNT_NON_EXPIRED,ACCOUNT_NON_LOCKED,ATTEMPTS,CREDENTIALS_NON_EXPIRED,DELETED,EMAIL,ENABLED,FIRST_LOGIN,FIRST_NAME,LAST_ATTEMPTS_TIME,LAST_NAME,LOGIN,PASSWORD,POSITION,PREFERED_LANGUAGE,TELEPHONE,ADMINISTRATION_ID) VALUES (10,1,1,0,1,0,'minepia-sd-sdisspv@siat.com',1,0,'MINEPIA-SD-SDISSPV',null,'MINEPIA-SD-SDISSPV','MINEPIA-SD-SDISSPV','457f3bb90e6481362d55cc64102030552b78a4ae21b1cc06d67fecb9c06524e0cbdb0be3d8647109','SOUS_DIRECTEUR','FR',null,'36');
INSERT INTO USERS (ID,ACCOUNT_NON_EXPIRED,ACCOUNT_NON_LOCKED,ATTEMPTS,CREDENTIALS_NON_EXPIRED,DELETED,EMAIL,ENABLED,FIRST_LOGIN,FIRST_NAME,LAST_ATTEMPTS_TIME,LAST_NAME,LOGIN,PASSWORD,POSITION,PREFERED_LANGUAGE,TELEPHONE,ADMINISTRATION_ID) VALUES (11,1,1,0,1,0,'minepia-sd-sda@siat.com',1,0,'MINEPIA-SD-SDA',null,'MINEPIA-SD-SDA','MINEPIA-SD-SDA','0ba691555ed80c16467501f57eb2c991bf7e569d3d66b671df16099043c7d51cb4ffe0869a9d476b','SOUS_DIRECTEUR','FR',null,'37');
INSERT INTO USERS (ID,ACCOUNT_NON_EXPIRED,ACCOUNT_NON_LOCKED,ATTEMPTS,CREDENTIALS_NON_EXPIRED,DELETED,EMAIL,ENABLED,FIRST_LOGIN,FIRST_NAME,LAST_ATTEMPTS_TIME,LAST_NAME,LOGIN,PASSWORD,POSITION,PREFERED_LANGUAGE,TELEPHONE,ADMINISTRATION_ID) VALUES (12,1,1,0,1,0,'minepia-sd-sdpia@siat.com',1,0,'MINEPIA-SD-SDPIA',null,'MINEPIA-SD-SDPIA','MINEPIA-SD-SDPIA','5386a89f6b611dc019b7b561e7e92ba18e0a5f8e848f0ccfa2b515813ed9440f97d0808f741a54e3','SOUS_DIRECTEUR','FR',null,'38');
INSERT INTO USERS (ID,ACCOUNT_NON_EXPIRED,ACCOUNT_NON_LOCKED,ATTEMPTS,CREDENTIALS_NON_EXPIRED,DELETED,EMAIL,ENABLED,FIRST_LOGIN,FIRST_NAME,LAST_ATTEMPTS_TIME,LAST_NAME,LOGIN,PASSWORD,POSITION,PREFERED_LANGUAGE,TELEPHONE,ADMINISTRATION_ID) VALUES (13,1,1,0,1,0,'minepia-sd-sdpa@siat.com',1,0,'MINEPIA-SD-SDPA',null,'MINEPIA-SD-SDPA','MINEPIA-SD-SDPA','4e8453efd4bc5fa91b1e71020e5dbc6790d639a312b9931ec7cb39db3367e15709343ad2e8c083cf','SOUS_DIRECTEUR','FR',null,'39');
INSERT INTO USERS (ID,ACCOUNT_NON_EXPIRED,ACCOUNT_NON_LOCKED,ATTEMPTS,CREDENTIALS_NON_EXPIRED,DELETED,EMAIL,ENABLED,FIRST_LOGIN,FIRST_NAME,LAST_ATTEMPTS_TIME,LAST_NAME,LOGIN,PASSWORD,POSITION,PREFERED_LANGUAGE,TELEPHONE,ADMINISTRATION_ID) VALUES (14,1,1,0,1,0,'minepia-cs-scct-minepia@siat.com',1,0,'MINEPIA-CS-SCCT-MINEPIA',null,'MINEPIA-CS-SCCT-MINEPIA','MINEPIA-CS-SCCT-MINEPIA','82b5c188ec82c41d59e7274ada24f3ea6bbd09a8886501dd5a7fedf25b4234c644164f17b9f85be0','CHEF_SERVICE','FR',null,'30');
INSERT INTO USERS (ID,ACCOUNT_NON_EXPIRED,ACCOUNT_NON_LOCKED,ATTEMPTS,CREDENTIALS_NON_EXPIRED,DELETED,EMAIL,ENABLED,FIRST_LOGIN,FIRST_NAME,LAST_ATTEMPTS_TIME,LAST_NAME,LOGIN,PASSWORD,POSITION,PREFERED_LANGUAGE,TELEPHONE,ADMINISTRATION_ID) VALUES (15,1,1,0,1,0,'minepia-cs-ssad@siat.com',1,0,'MINEPIA-CS-SSAD',null,'MINEPIA-CS-SSAD','MINEPIA-CS-SSAD','ddee3ba11ae99c5a56ef92fc801371190079c93678cd0b854cee4c4e4b347d884b0043a8b7d6bfb8','CHEF_SERVICE','FR',null,'40');
INSERT INTO USERS (ID,ACCOUNT_NON_EXPIRED,ACCOUNT_NON_LOCKED,ATTEMPTS,CREDENTIALS_NON_EXPIRED,DELETED,EMAIL,ENABLED,FIRST_LOGIN,FIRST_NAME,LAST_ATTEMPTS_TIME,LAST_NAME,LOGIN,PASSWORD,POSITION,PREFERED_LANGUAGE,TELEPHONE,ADMINISTRATION_ID) VALUES (16,1,1,0,1,0,'minepia-cs-spv@siat.com',1,0,'MINEPIA-CS-SPV',null,'MINEPIA-CS-SPV','MINEPIA-CS-SPV','3b6d559fa3e611a954a20a047b56f1bfa7b9e2db8e70dfcc165b11f9b4a53050bd4a8d67ae45e9d8','CHEF_SERVICE','FR',null,'42');
INSERT INTO USERS (ID,ACCOUNT_NON_EXPIRED,ACCOUNT_NON_LOCKED,ATTEMPTS,CREDENTIALS_NON_EXPIRED,DELETED,EMAIL,ENABLED,FIRST_LOGIN,FIRST_NAME,LAST_ATTEMPTS_TIME,LAST_NAME,LOGIN,PASSWORD,POSITION,PREFERED_LANGUAGE,TELEPHONE,ADMINISTRATION_ID) VALUES (17,1,1,0,1,0,'minepia-cs-sspv@siat.com',1,0,'MINEPIA-CS-SSPV',null,'MINEPIA-CS-SSPV','MINEPIA-CS-SSPV','50da93842b3479903691ec10b3668b9fc455ef03bfd94d4cb88f99c6490ce793d1594005374de115','CHEF_SERVICE','FR',null,'44');
INSERT INTO USERS (ID,ACCOUNT_NON_EXPIRED,ACCOUNT_NON_LOCKED,ATTEMPTS,CREDENTIALS_NON_EXPIRED,DELETED,EMAIL,ENABLED,FIRST_LOGIN,FIRST_NAME,LAST_ATTEMPTS_TIME,LAST_NAME,LOGIN,PASSWORD,POSITION,PREFERED_LANGUAGE,TELEPHONE,ADMINISTRATION_ID) VALUES (18,1,1,0,1,0,'minepia-cs-sisv@siat.com',1,0,'MINEPIA-CS-SISV',null,'MINEPIA-CS-SISV','MINEPIA-CS-SISV','6f5e58e4e6206196fde1e364c4d21aef6478bd9f569172535fdbe5040b9aedf1721cf21566246280','CHEF_SERVICE','FR',null,'46');
INSERT INTO USERS (ID,ACCOUNT_NON_EXPIRED,ACCOUNT_NON_LOCKED,ATTEMPTS,CREDENTIALS_NON_EXPIRED,DELETED,EMAIL,ENABLED,FIRST_LOGIN,FIRST_NAME,LAST_ATTEMPTS_TIME,LAST_NAME,LOGIN,PASSWORD,POSITION,PREFERED_LANGUAGE,TELEPHONE,ADMINISTRATION_ID) VALUES (19,1,1,0,1,0,'minepia-cs-cqcv@siat.com',1,0,'MINEPIA-CS-CQCV',null,'MINEPIA-CS-CQCV','MINEPIA-CS-CQCV','33771109fc021910dcfa109516ee7a2965cf4bda108d50e2d16e40fa72288dd2a365828cc5832cdd','CHEF_SERVICE','FR',null,'48');
INSERT INTO USERS (ID,ACCOUNT_NON_EXPIRED,ACCOUNT_NON_LOCKED,ATTEMPTS,CREDENTIALS_NON_EXPIRED,DELETED,EMAIL,ENABLED,FIRST_LOGIN,FIRST_NAME,LAST_ATTEMPTS_TIME,LAST_NAME,LOGIN,PASSWORD,POSITION,PREFERED_LANGUAGE,TELEPHONE,ADMINISTRATION_ID) VALUES (20,1,1,0,1,0,'minepia-cs-saq@siat.com',1,0,'MINEPIA-CS-SAQ',null,'MINEPIA-CS-SAQ','MINEPIA-CS-SAQ','33771109fc021910dcfa109516ee7a2965cf4bda108d50e2d16e40fa72288dd2a365828cc5832cdd','CHEF_SERVICE','FR',null,'50');
INSERT INTO USERS (ID,ACCOUNT_NON_EXPIRED,ACCOUNT_NON_LOCKED,ATTEMPTS,CREDENTIALS_NON_EXPIRED,DELETED,EMAIL,ENABLED,FIRST_LOGIN,FIRST_NAME,LAST_ATTEMPTS_TIME,LAST_NAME,LOGIN,PASSWORD,POSITION,PREFERED_LANGUAGE,TELEPHONE,ADMINISTRATION_ID) VALUES (21,1,1,0,1,0,'minepia-cs-spind@siat.com',1,0,'MINEPIA-CS-SPIND',null,'MINEPIA-CS-SPIND','MINEPIA-CS-SPIND','33771109fc021910dcfa109516ee7a2965cf4bda108d50e2d16e40fa72288dd2a365828cc5832cdd','CHEF_SERVICE','FR',null,'52');
INSERT INTO USERS (ID,ACCOUNT_NON_EXPIRED,ACCOUNT_NON_LOCKED,ATTEMPTS,CREDENTIALS_NON_EXPIRED,DELETED,EMAIL,ENABLED,FIRST_LOGIN,FIRST_NAME,LAST_ATTEMPTS_TIME,LAST_NAME,LOGIN,PASSWORD,POSITION,PREFERED_LANGUAGE,TELEPHONE,ADMINISTRATION_ID) VALUES (22,1,1,0,1,0,'minepia-cs-spcam@siat.com',1,0,'MINEPIA-CS-SPCAM',null,'MINEPIA-CS-SPCAM','MINEPIA-CS-SPCAM','33771109fc021910dcfa109516ee7a2965cf4bda108d50e2d16e40fa72288dd2a365828cc5832cdd','CHEF_SERVICE','FR',null,'54');
INSERT INTO USERS (ID,ACCOUNT_NON_EXPIRED,ACCOUNT_NON_LOCKED,ATTEMPTS,CREDENTIALS_NON_EXPIRED,DELETED,EMAIL,ENABLED,FIRST_LOGIN,FIRST_NAME,LAST_ATTEMPTS_TIME,LAST_NAME,LOGIN,PASSWORD,POSITION,PREFERED_LANGUAGE,TELEPHONE,ADMINISTRATION_ID) VALUES (23,1,1,0,1,0,'minepia-cs-sepbvc@siat.com',1,0,'MINEPIA-CS-SEPBVC',null,'MINEPIA-CS-SEPBVC','MINEPIA-CS-SEPBVC','33771109fc021910dcfa109516ee7a2965cf4bda108d50e2d16e40fa72288dd2a365828cc5832cdd','CHEF_SERVICE','FR',null,'56');
INSERT INTO USERS (ID,ACCOUNT_NON_EXPIRED,ACCOUNT_NON_LOCKED,ATTEMPTS,CREDENTIALS_NON_EXPIRED,DELETED,EMAIL,ENABLED,FIRST_LOGIN,FIRST_NAME,LAST_ATTEMPTS_TIME,LAST_NAME,LOGIN,PASSWORD,POSITION,PREFERED_LANGUAGE,TELEPHONE,ADMINISTRATION_ID) VALUES (24,1,1,0,1,0,'minepia-cs-segbcea@siat.com',1,0,'MINEPIA-CS-SEGBCEA',null,'MINEPIA-CS-SEGBCEA','MINEPIA-CS-SEGBCEA','33771109fc021910dcfa109516ee7a2965cf4bda108d50e2d16e40fa72288dd2a365828cc5832cdd','CHEF_SERVICE','FR',null,'58');
INSERT INTO USERS (ID,ACCOUNT_NON_EXPIRED,ACCOUNT_NON_LOCKED,ATTEMPTS,CREDENTIALS_NON_EXPIRED,DELETED,EMAIL,ENABLED,FIRST_LOGIN,FIRST_NAME,LAST_ATTEMPTS_TIME,LAST_NAME,LOGIN,PASSWORD,POSITION,PREFERED_LANGUAGE,TELEPHONE,ADMINISTRATION_ID) VALUES (25,1,1,0,1,0,'minepia-cs-secaac@siat.com',1,0,'MINEPIA-CS-SECAAC',null,'MINEPIA-CS-SECAAC','MINEPIA-CS-SECAAC','33771109fc021910dcfa109516ee7a2965cf4bda108d50e2d16e40fa72288dd2a365828cc5832cdd','CHEF_SERVICE','FR',null,'60');
INSERT INTO USERS (ID,ACCOUNT_NON_EXPIRED,ACCOUNT_NON_LOCKED,ATTEMPTS,CREDENTIALS_NON_EXPIRED,DELETED,EMAIL,ENABLED,FIRST_LOGIN,FIRST_NAME,LAST_ATTEMPTS_TIME,LAST_NAME,LOGIN,PASSWORD,POSITION,PREFERED_LANGUAGE,TELEPHONE,ADMINISTRATION_ID) VALUES (26,1,1,0,1,0,'minepia-cb-bccct@siat.com',1,0,'MINEPIA-CB-BCCCT',null,'MINEPIA-CB-BCCCT','MINEPIA-CB-BCCCT','33771109fc021910dcfa109516ee7a2965cf4bda108d50e2d16e40fa72288dd2a365828cc5832cdd','CHEF_BUREAU','FR',null,'73');
INSERT INTO USERS (ID,ACCOUNT_NON_EXPIRED,ACCOUNT_NON_LOCKED,ATTEMPTS,CREDENTIALS_NON_EXPIRED,DELETED,EMAIL,ENABLED,FIRST_LOGIN,FIRST_NAME,LAST_ATTEMPTS_TIME,LAST_NAME,LOGIN,PASSWORD,POSITION,PREFERED_LANGUAGE,TELEPHONE,ADMINISTRATION_ID) VALUES (27,1,1,0,1,0,'minepia-cb-bc-ssad@siat.com',1,0,'MINEPIA-CB-BC-SSAD',null,'MINEPIA-CB-BC-SSAD','MINEPIA-CB-BC-SSAD','33771109fc021910dcfa109516ee7a2965cf4bda108d50e2d16e40fa72288dd2a365828cc5832cdd','CHEF_BUREAU','FR',null,'41');
INSERT INTO USERS (ID,ACCOUNT_NON_EXPIRED,ACCOUNT_NON_LOCKED,ATTEMPTS,CREDENTIALS_NON_EXPIRED,DELETED,EMAIL,ENABLED,FIRST_LOGIN,FIRST_NAME,LAST_ATTEMPTS_TIME,LAST_NAME,LOGIN,PASSWORD,POSITION,PREFERED_LANGUAGE,TELEPHONE,ADMINISTRATION_ID) VALUES (28,1,1,0,1,0,'minepia-cb-bc-spv@siat.com',1,0,'MINEPIA-CB-BC-SPV',null,'MINEPIA-CB-BC-SPV','MINEPIA-CB-BC-SPV','33771109fc021910dcfa109516ee7a2965cf4bda108d50e2d16e40fa72288dd2a365828cc5832cdd','CHEF_BUREAU','FR',null,'43');
INSERT INTO USERS (ID,ACCOUNT_NON_EXPIRED,ACCOUNT_NON_LOCKED,ATTEMPTS,CREDENTIALS_NON_EXPIRED,DELETED,EMAIL,ENABLED,FIRST_LOGIN,FIRST_NAME,LAST_ATTEMPTS_TIME,LAST_NAME,LOGIN,PASSWORD,POSITION,PREFERED_LANGUAGE,TELEPHONE,ADMINISTRATION_ID) VALUES (29,1,1,0,1,0,'minepia-cb-bc-sspv@siat.com',1,0,'MINEPIA-CB-BC-SSPV',null,'MINEPIA-CB-BC-SSPV','MINEPIA-CB-BC-SSPV','33771109fc021910dcfa109516ee7a2965cf4bda108d50e2d16e40fa72288dd2a365828cc5832cdd','CHEF_BUREAU','FR',null,'45');
INSERT INTO USERS (ID,ACCOUNT_NON_EXPIRED,ACCOUNT_NON_LOCKED,ATTEMPTS,CREDENTIALS_NON_EXPIRED,DELETED,EMAIL,ENABLED,FIRST_LOGIN,FIRST_NAME,LAST_ATTEMPTS_TIME,LAST_NAME,LOGIN,PASSWORD,POSITION,PREFERED_LANGUAGE,TELEPHONE,ADMINISTRATION_ID) VALUES (30,1,1,0,1,0,'minepia-cb-bc-sisv@siat.com',1,0,'MINEPIA-CB-BC-SISV',null,'MINEPIA-CB-BC-SISV','MINEPIA-CB-BC-SISV','33771109fc021910dcfa109516ee7a2965cf4bda108d50e2d16e40fa72288dd2a365828cc5832cdd','CHEF_BUREAU','FR',null,'47');
INSERT INTO USERS (ID,ACCOUNT_NON_EXPIRED,ACCOUNT_NON_LOCKED,ATTEMPTS,CREDENTIALS_NON_EXPIRED,DELETED,EMAIL,ENABLED,FIRST_LOGIN,FIRST_NAME,LAST_ATTEMPTS_TIME,LAST_NAME,LOGIN,PASSWORD,POSITION,PREFERED_LANGUAGE,TELEPHONE,ADMINISTRATION_ID) VALUES (31,1,1,0,1,0,'minepia-cb-bc-scqcv@siat.com',1,0,'MINEPIA-CB-BC-SCQCV',null,'MINEPIA-CB-BC-SCQCV','MINEPIA-CB-BC-SCQCV','33771109fc021910dcfa109516ee7a2965cf4bda108d50e2d16e40fa72288dd2a365828cc5832cdd','CHEF_BUREAU','FR',null,'49');
INSERT INTO USERS (ID,ACCOUNT_NON_EXPIRED,ACCOUNT_NON_LOCKED,ATTEMPTS,CREDENTIALS_NON_EXPIRED,DELETED,EMAIL,ENABLED,FIRST_LOGIN,FIRST_NAME,LAST_ATTEMPTS_TIME,LAST_NAME,LOGIN,PASSWORD,POSITION,PREFERED_LANGUAGE,TELEPHONE,ADMINISTRATION_ID) VALUES (32,1,1,0,1,0,'minepia-cb-bc-sa@siat.com',1,0,'MINEPIA-CB-BC-SA',null,'MINEPIA-CB-BC-SA','MINEPIA-CB-BC-SA','33771109fc021910dcfa109516ee7a2965cf4bda108d50e2d16e40fa72288dd2a365828cc5832cdd','CHEF_BUREAU','FR',null,'51');
INSERT INTO USERS (ID,ACCOUNT_NON_EXPIRED,ACCOUNT_NON_LOCKED,ATTEMPTS,CREDENTIALS_NON_EXPIRED,DELETED,EMAIL,ENABLED,FIRST_LOGIN,FIRST_NAME,LAST_ATTEMPTS_TIME,LAST_NAME,LOGIN,PASSWORD,POSITION,PREFERED_LANGUAGE,TELEPHONE,ADMINISTRATION_ID) VALUES (33,1,1,0,1,0,'minepia-cb-bc-spi@siat.com',1,0,'MINEPIA-CB-BC-SPI',null,'MINEPIA-CB-BC-SPI','MINEPIA-CB-BC-SPI','33771109fc021910dcfa109516ee7a2965cf4bda108d50e2d16e40fa72288dd2a365828cc5832cdd','CHEF_BUREAU','FR',null,'53');
INSERT INTO USERS (ID,ACCOUNT_NON_EXPIRED,ACCOUNT_NON_LOCKED,ATTEMPTS,CREDENTIALS_NON_EXPIRED,DELETED,EMAIL,ENABLED,FIRST_LOGIN,FIRST_NAME,LAST_ATTEMPTS_TIME,LAST_NAME,LOGIN,PASSWORD,POSITION,PREFERED_LANGUAGE,TELEPHONE,ADMINISTRATION_ID) VALUES (34,1,1,0,1,0,'minepia-cb-bc-spcam@siat.com',1,0,'MINEPIA-CB-BC-SPCAM',null,'MINEPIA-CB-BC-SPCAM','MINEPIA-CB-BC-SPCAM','33771109fc021910dcfa109516ee7a2965cf4bda108d50e2d16e40fa72288dd2a365828cc5832cdd','CHEF_BUREAU','FR',null,'55');
INSERT INTO USERS (ID,ACCOUNT_NON_EXPIRED,ACCOUNT_NON_LOCKED,ATTEMPTS,CREDENTIALS_NON_EXPIRED,DELETED,EMAIL,ENABLED,FIRST_LOGIN,FIRST_NAME,LAST_ATTEMPTS_TIME,LAST_NAME,LOGIN,PASSWORD,POSITION,PREFERED_LANGUAGE,TELEPHONE,ADMINISTRATION_ID) VALUES (35,1,1,0,1,0,'minepia-cb-bc-sepbvc@siat.com',1,0,'MINEPIA-CB-BC-SEPBVC',null,'MINEPIA-CB-BC-SEPBVC','MINEPIA-CB-BC-SEPBVC','33771109fc021910dcfa109516ee7a2965cf4bda108d50e2d16e40fa72288dd2a365828cc5832cdd','CHEF_BUREAU','FR',null,'57');
INSERT INTO USERS (ID,ACCOUNT_NON_EXPIRED,ACCOUNT_NON_LOCKED,ATTEMPTS,CREDENTIALS_NON_EXPIRED,DELETED,EMAIL,ENABLED,FIRST_LOGIN,FIRST_NAME,LAST_ATTEMPTS_TIME,LAST_NAME,LOGIN,PASSWORD,POSITION,PREFERED_LANGUAGE,TELEPHONE,ADMINISTRATION_ID) VALUES (36,1,1,0,1,0,'minepia-cb-bc-segcea@siat.com',1,0,'MINEPIA-CB-BC-SEGCEA',null,'MINEPIA-CB-BC-SEGCEA','MINEPIA-CB-BC-SEGCEA','33771109fc021910dcfa109516ee7a2965cf4bda108d50e2d16e40fa72288dd2a365828cc5832cdd','CHEF_BUREAU','FR',null,'59');
INSERT INTO USERS (ID,ACCOUNT_NON_EXPIRED,ACCOUNT_NON_LOCKED,ATTEMPTS,CREDENTIALS_NON_EXPIRED,DELETED,EMAIL,ENABLED,FIRST_LOGIN,FIRST_NAME,LAST_ATTEMPTS_TIME,LAST_NAME,LOGIN,PASSWORD,POSITION,PREFERED_LANGUAGE,TELEPHONE,ADMINISTRATION_ID) VALUES (37,1,1,0,1,0,'minepia-cb-bc-s ecaac@siat.com',1,0,'MINEPIA-CB-BC-S ECAAC',null,'MINEPIA-CB-BC-S ECAAC','MINEPIA-CB-BC-S ECAAC','33771109fc021910dcfa109516ee7a2965cf4bda108d50e2d16e40fa72288dd2a365828cc5832cdd','CHEF_BUREAU','FR',null,'61');
INSERT INTO USERS (ID,ACCOUNT_NON_EXPIRED,ACCOUNT_NON_LOCKED,ATTEMPTS,CREDENTIALS_NON_EXPIRED,DELETED,EMAIL,ENABLED,FIRST_LOGIN,FIRST_NAME,LAST_ATTEMPTS_TIME,LAST_NAME,LOGIN,PASSWORD,POSITION,PREFERED_LANGUAGE,TELEPHONE,ADMINISTRATION_ID) VALUES (38,1,1,0,1,0,'minepia-ag-ar@siat.com',1,0,'MINEPIA-AG-AR',null,'MINEPIA-AG-AR','MINEPIA-AG-AR','33771109fc021910dcfa109516ee7a2965cf4bda108d50e2d16e40fa72288dd2a365828cc5832cdd','AGENT','FR',null,'73');
INSERT INTO USERS (ID,ACCOUNT_NON_EXPIRED,ACCOUNT_NON_LOCKED,ATTEMPTS,CREDENTIALS_NON_EXPIRED,DELETED,EMAIL,ENABLED,FIRST_LOGIN,FIRST_NAME,LAST_ATTEMPTS_TIME,LAST_NAME,LOGIN,PASSWORD,POSITION,PREFERED_LANGUAGE,TELEPHONE,ADMINISTRATION_ID) VALUES (39,1,1,0,1,0,'minepia-ag-rt@siat.com',1,0,'MINEPIA-AG-RT',null,'MINEPIA-AG-RT','MINEPIA-AG-RT','33771109fc021910dcfa109516ee7a2965cf4bda108d50e2d16e40fa72288dd2a365828cc5832cdd','AGENT','FR',null,'73');
INSERT INTO USERS (ID,ACCOUNT_NON_EXPIRED,ACCOUNT_NON_LOCKED,ATTEMPTS,CREDENTIALS_NON_EXPIRED,DELETED,EMAIL,ENABLED,FIRST_LOGIN,FIRST_NAME,LAST_ATTEMPTS_TIME,LAST_NAME,LOGIN,PASSWORD,POSITION,PREFERED_LANGUAGE,TELEPHONE,ADMINISTRATION_ID) VALUES (40,1,1,0,1,0,'minepia-ag-con@siat.com',1,0,'MINEPIA-AG-CON',null,'MINEPIA-AG-CON','MINEPIA-AG-CON','33771109fc021910dcfa109516ee7a2965cf4bda108d50e2d16e40fa72288dd2a365828cc5832cdd','AGENT','FR',null,'73');
INSERT INTO USERS (ID,ACCOUNT_NON_EXPIRED,ACCOUNT_NON_LOCKED,ATTEMPTS,CREDENTIALS_NON_EXPIRED,DELETED,EMAIL,ENABLED,FIRST_LOGIN,FIRST_NAME,LAST_ATTEMPTS_TIME,LAST_NAME,LOGIN,PASSWORD,POSITION,PREFERED_LANGUAGE,TELEPHONE,ADMINISTRATION_ID) VALUES (41,1,1,0,1,0,'minepia-ag-insp@siat.com',1,0,'MINEPIA-AG-INSP',null,'MINEPIA-AG-INSP','MINEPIA-AG-INSP','33771109fc021910dcfa109516ee7a2965cf4bda108d50e2d16e40fa72288dd2a365828cc5832cdd','AGENT','FR',null,'73');
INSERT INTO USERS (ID,ACCOUNT_NON_EXPIRED,ACCOUNT_NON_LOCKED,ATTEMPTS,CREDENTIALS_NON_EXPIRED,DELETED,EMAIL,ENABLED,FIRST_LOGIN,FIRST_NAME,LAST_ATTEMPTS_TIME,LAST_NAME,LOGIN,PASSWORD,POSITION,PREFERED_LANGUAGE,TELEPHONE,ADMINISTRATION_ID) VALUES (42,1,1,0,1,0,'minepia-ag-labo@siat.com',1,0,'MINEPIA-AG-LABO',null,'MINEPIA-AG-LABO','MINEPIA-AG-LABO','33771109fc021910dcfa109516ee7a2965cf4bda108d50e2d16e40fa72288dd2a365828cc5832cdd','AGENT','FR',null,'73');
INSERT INTO USERS (ID,ACCOUNT_NON_EXPIRED,ACCOUNT_NON_LOCKED,ATTEMPTS,CREDENTIALS_NON_EXPIRED,DELETED,EMAIL,ENABLED,FIRST_LOGIN,FIRST_NAME,LAST_ATTEMPTS_TIME,LAST_NAME,LOGIN,PASSWORD,POSITION,PREFERED_LANGUAGE,TELEPHONE,ADMINISTRATION_ID) VALUES (43,1,1,0,1,0,'minepia-ag-trait@siat.com',1,0,'MINEPIA-AG-TRAIT',null,'MINEPIA-AG-TRAIT','MINEPIA-AG-TRAIT','33771109fc021910dcfa109516ee7a2965cf4bda108d50e2d16e40fa72288dd2a365828cc5832cdd','AGENT','FR',null,'73');
INSERT INTO USERS (ID,ACCOUNT_NON_EXPIRED,ACCOUNT_NON_LOCKED,ATTEMPTS,CREDENTIALS_NON_EXPIRED,DELETED,EMAIL,ENABLED,FIRST_LOGIN,FIRST_NAME,LAST_ATTEMPTS_TIME,LAST_NAME,LOGIN,PASSWORD,POSITION,PREFERED_LANGUAGE,TELEPHONE,ADMINISTRATION_ID) VALUES (44,1,1,0,1,0,'minepia-ag-sign@siat.com',1,0,'MINEPIA-AG-SIGN',null,'MINEPIA-AG-SIGN','MINEPIA-AG-SIGN','3f8ebcf0f114487ea9c62b9e4624bfb31ca8c8da133414de303469606c57378816f86e39a60a4978','AGENT','FR',null,'73');
INSERT INTO USERS (ID,ACCOUNT_NON_EXPIRED,ACCOUNT_NON_LOCKED,ATTEMPTS,CREDENTIALS_NON_EXPIRED,DELETED,EMAIL,ENABLED,FIRST_LOGIN,FIRST_NAME,LAST_ATTEMPTS_TIME,LAST_NAME,LOGIN,PASSWORD,POSITION,PREFERED_LANGUAGE,TELEPHONE,ADMINISTRATION_ID) VALUES (45,1,1,0,1,0,'minepia-admin-min@siat.com',1,0,'MINEPIA-ADMIN-MIN',null,'MINEPIA-ADMIN-MIN','MINEPIA-ADMIN-MIN','71d7af80e4fe6b85fae34e288eb7a32709f3bcf64804b08d6cd0e188a14b2c84b326fdbaf5850110','ADMINISTRATEUR','FR',null,'27');
INSERT INTO USERS (ID,ACCOUNT_NON_EXPIRED,ACCOUNT_NON_LOCKED,ATTEMPTS,CREDENTIALS_NON_EXPIRED,DELETED,EMAIL,ENABLED,FIRST_LOGIN,FIRST_NAME,LAST_ATTEMPTS_TIME,LAST_NAME,LOGIN,PASSWORD,POSITION,PREFERED_LANGUAGE,TELEPHONE,ADMINISTRATION_ID) VALUES (46,1,1,0,1,0,'minepia-admin-org1@siat.com',1,0,'MINEPIA-ADMIN-ORG1',null,'MINEPIA-ADMIN-ORG1','MINEPIA-ADMIN-ORG1','8eef38dd821e8503e56af6729a9f3ca52eb0e5e175b5f55c80ce9c8e4253fa55c9953ea9851d6815','ADMINISTRATEUR','FR',null,'31');
INSERT INTO USERS (ID,ACCOUNT_NON_EXPIRED,ACCOUNT_NON_LOCKED,ATTEMPTS,CREDENTIALS_NON_EXPIRED,DELETED,EMAIL,ENABLED,FIRST_LOGIN,FIRST_NAME,LAST_ATTEMPTS_TIME,LAST_NAME,LOGIN,PASSWORD,POSITION,PREFERED_LANGUAGE,TELEPHONE,ADMINISTRATION_ID) VALUES (47,1,1,0,1,0,'minepia-admin-org2@siat.com',1,0,'MINEPIA-ADMIN-ORG2',null,'MINEPIA-ADMIN-ORG2','MINEPIA-ADMIN-ORG2','8eef38dd821e8503e56af6729a9f3ca52eb0e5e175b5f55c80ce9c8e4253fa55c9953ea9851d6815','ADMINISTRATEUR','FR',null,'28');
INSERT INTO USERS (ID,ACCOUNT_NON_EXPIRED,ACCOUNT_NON_LOCKED,ATTEMPTS,CREDENTIALS_NON_EXPIRED,DELETED,EMAIL,ENABLED,FIRST_LOGIN,FIRST_NAME,LAST_ATTEMPTS_TIME,LAST_NAME,LOGIN,PASSWORD,POSITION,PREFERED_LANGUAGE,TELEPHONE,ADMINISTRATION_ID) VALUES (48,1,1,0,1,0,'minepia-admin-org3@siat.com',1,0,'MINEPIA-ADMIN-ORG3',null,'MINEPIA-ADMIN-ORG3','MINEPIA-ADMIN-ORG3','8eef38dd821e8503e56af6729a9f3ca52eb0e5e175b5f55c80ce9c8e4253fa55c9953ea9851d6815','ADMINISTRATEUR','FR',null,'32');
INSERT INTO USERS (ID,ACCOUNT_NON_EXPIRED,ACCOUNT_NON_LOCKED,ATTEMPTS,CREDENTIALS_NON_EXPIRED,DELETED,EMAIL,ENABLED,FIRST_LOGIN,FIRST_NAME,LAST_ATTEMPTS_TIME,LAST_NAME,LOGIN,PASSWORD,POSITION,PREFERED_LANGUAGE,TELEPHONE,ADMINISTRATION_ID) VALUES (49,1,1,0,1,0,'minader-min@siat.com',1,0,'MINADER-MIN',null,'MINADER-MIN','MINADER-MIN','5bc3942b9fd150b777579260b670838eb8c3ce0c1616bc6887461664dd8db83524fad200d92933a2','MINISTRE','FR',null,'1');
INSERT INTO USERS (ID,ACCOUNT_NON_EXPIRED,ACCOUNT_NON_LOCKED,ATTEMPTS,CREDENTIALS_NON_EXPIRED,DELETED,EMAIL,ENABLED,FIRST_LOGIN,FIRST_NAME,LAST_ATTEMPTS_TIME,LAST_NAME,LOGIN,PASSWORD,POSITION,PREFERED_LANGUAGE,TELEPHONE,ADMINISTRATION_ID) VALUES (50,1,1,0,1,0,'minader-sg@siat.com',1,0,'MINADER-SG',null,'MINADER-SG','MINADER-SG','277162eb21d4ebb1ca8d7ed79ef3923cac244ae124ba254ecd0e18868ca02a4565cf40b89109794f','SECRETAIRE_GENERAL','FR',null,'1');
INSERT INTO USERS (ID,ACCOUNT_NON_EXPIRED,ACCOUNT_NON_LOCKED,ATTEMPTS,CREDENTIALS_NON_EXPIRED,DELETED,EMAIL,ENABLED,FIRST_LOGIN,FIRST_NAME,LAST_ATTEMPTS_TIME,LAST_NAME,LOGIN,PASSWORD,POSITION,PREFERED_LANGUAGE,TELEPHONE,ADMINISTRATION_ID) VALUES (51,1,1,0,1,0,'minader-admin-min@siat.com',1,0,'MINADER-ADMIN-MIN',null,'MINADER-ADMIN-MIN','MINADER-ADMIN-MIN','71d7af80e4fe6b85fae34e288eb7a32709f3bcf64804b08d6cd0e188a14b2c84b326fdbaf5850110','ADMINISTRATEUR','FR',null,'1');
INSERT INTO USERS (ID,ACCOUNT_NON_EXPIRED,ACCOUNT_NON_LOCKED,ATTEMPTS,CREDENTIALS_NON_EXPIRED,DELETED,EMAIL,ENABLED,FIRST_LOGIN,FIRST_NAME,LAST_ATTEMPTS_TIME,LAST_NAME,LOGIN,PASSWORD,POSITION,PREFERED_LANGUAGE,TELEPHONE,ADMINISTRATION_ID) VALUES (52,1,1,0,1,0,'minepded-min@siat.com',1,0,'MINEPDED-MIN',null,'MINEPDED-MIN','MINEPDED-MIN','5bc3942b9fd150b777579260b670838eb8c3ce0c1616bc6887461664dd8db83524fad200d92933a2','MINISTRE','FR',null,'62');
INSERT INTO USERS (ID,ACCOUNT_NON_EXPIRED,ACCOUNT_NON_LOCKED,ATTEMPTS,CREDENTIALS_NON_EXPIRED,DELETED,EMAIL,ENABLED,FIRST_LOGIN,FIRST_NAME,LAST_ATTEMPTS_TIME,LAST_NAME,LOGIN,PASSWORD,POSITION,PREFERED_LANGUAGE,TELEPHONE,ADMINISTRATION_ID) VALUES (53,1,1,0,1,0,'minepded-sg@siat.com',1,0,'MINEPDED-SG',null,'MINEPDED-SG','MINEPDED-SG','277162eb21d4ebb1ca8d7ed79ef3923cac244ae124ba254ecd0e18868ca02a4565cf40b89109794f','SECRETAIRE_GENERAL','FR',null,'62');
INSERT INTO USERS (ID,ACCOUNT_NON_EXPIRED,ACCOUNT_NON_LOCKED,ATTEMPTS,CREDENTIALS_NON_EXPIRED,DELETED,EMAIL,ENABLED,FIRST_LOGIN,FIRST_NAME,LAST_ATTEMPTS_TIME,LAST_NAME,LOGIN,PASSWORD,POSITION,PREFERED_LANGUAGE,TELEPHONE,ADMINISTRATION_ID) VALUES (54,1,1,0,1,0,'minepded-admin-min@siat.com',1,0,'MINEPDED-ADMIN-MIN',null,'MINEPDED-ADMIN-MIN','MINEPDED-ADMIN-MIN','71d7af80e4fe6b85fae34e288eb7a32709f3bcf64804b08d6cd0e188a14b2c84b326fdbaf5850110','ADMINISTRATEUR','FR',null,'62');
INSERT INTO USERS (ID,ACCOUNT_NON_EXPIRED,ACCOUNT_NON_LOCKED,ATTEMPTS,CREDENTIALS_NON_EXPIRED,DELETED,EMAIL,ENABLED,FIRST_LOGIN,FIRST_NAME,LAST_ATTEMPTS_TIME,LAST_NAME,LOGIN,PASSWORD,POSITION,PREFERED_LANGUAGE,TELEPHONE,ADMINISTRATION_ID) VALUES (55,1,1,0,1,0,'minader-d-cct@siat.com',1,0,'MINADER-D-CCT',null,'MINADER-D-CCT','MINADER-D-CCT','71d7af80e4fe6b85fae34e288eb7a32709f3bcf64804b08d6cd0e188a14b2c84b326fdbaf5850110','DIRECTEUR','FR',null,'3');
INSERT INTO USERS (ID,ACCOUNT_NON_EXPIRED,ACCOUNT_NON_LOCKED,ATTEMPTS,CREDENTIALS_NON_EXPIRED,DELETED,EMAIL,ENABLED,FIRST_LOGIN,FIRST_NAME,LAST_ATTEMPTS_TIME,LAST_NAME,LOGIN,PASSWORD,POSITION,PREFERED_LANGUAGE,TELEPHONE,ADMINISTRATION_ID) VALUES (56,1,1,0,1,0,'minader-sd-sdcct@siat.com',1,0,'MINADER-SD-SDCCT',null,'MINADER-SD-SDCCT','MINADER-SD-SDCCT','71d7af80e4fe6b85fae34e288eb7a32709f3bcf64804b08d6cd0e188a14b2c84b326fdbaf5850110','SOUS_DIRECTEUR','FR',null,'4');
INSERT INTO USERS (ID,ACCOUNT_NON_EXPIRED,ACCOUNT_NON_LOCKED,ATTEMPTS,CREDENTIALS_NON_EXPIRED,DELETED,EMAIL,ENABLED,FIRST_LOGIN,FIRST_NAME,LAST_ATTEMPTS_TIME,LAST_NAME,LOGIN,PASSWORD,POSITION,PREFERED_LANGUAGE,TELEPHONE,ADMINISTRATION_ID) VALUES (57,1,1,0,1,0,'minader-cs-cct@siat.com',1,0,'MINADER-CS-CCT',null,'MINADER-CS-CCT','MINADER-CS-CCT','71d7af80e4fe6b85fae34e288eb7a32709f3bcf64804b08d6cd0e188a14b2c84b326fdbaf5850110','CHEF_SERVICE','FR',null,'5');
INSERT INTO USERS (ID,ACCOUNT_NON_EXPIRED,ACCOUNT_NON_LOCKED,ATTEMPTS,CREDENTIALS_NON_EXPIRED,DELETED,EMAIL,ENABLED,FIRST_LOGIN,FIRST_NAME,LAST_ATTEMPTS_TIME,LAST_NAME,LOGIN,PASSWORD,POSITION,PREFERED_LANGUAGE,TELEPHONE,ADMINISTRATION_ID) VALUES (58,1,1,0,1,0,'minader-ds-sdrpeat@siat.com',1,0,'MINADER-SD-SDRPEAT',null,'MINADER-SD-SDRPEAT','MINADER-SD-SDRPEAT','71d7af80e4fe6b85fae34e288eb7a32709f3bcf64804b08d6cd0e188a14b2c84b326fdbaf5850110','SOUS_DIRECTEUR','FR',null,'6');
INSERT INTO USERS (ID,ACCOUNT_NON_EXPIRED,ACCOUNT_NON_LOCKED,ATTEMPTS,CREDENTIALS_NON_EXPIRED,DELETED,EMAIL,ENABLED,FIRST_LOGIN,FIRST_NAME,LAST_ATTEMPTS_TIME,LAST_NAME,LOGIN,PASSWORD,POSITION,PREFERED_LANGUAGE,TELEPHONE,ADMINISTRATION_ID) VALUES (59,1,1,0,1,0,'minader-ds-sdrsqv@siat.com',1,0,'MINADER-SD-SDRSQV',null,'MINADER-SD-SDRSQV','MINADER-SD-SDRSQV','71d7af80e4fe6b85fae34e288eb7a32709f3bcf64804b08d6cd0e188a14b2c84b326fdbaf5850110','SOUS_DIRECTEUR','FR',null,'7');
INSERT INTO USERS (ID,ACCOUNT_NON_EXPIRED,ACCOUNT_NON_LOCKED,ATTEMPTS,CREDENTIALS_NON_EXPIRED,DELETED,EMAIL,ENABLED,FIRST_LOGIN,FIRST_NAME,LAST_ATTEMPTS_TIME,LAST_NAME,LOGIN,PASSWORD,POSITION,PREFERED_LANGUAGE,TELEPHONE,ADMINISTRATION_ID) VALUES (60,1,1,0,1,0,'minader-ds-lnadpia@siat.com',1,0,'MINADER-SD-LNADPIA',null,'MINADER-SD-LNADPIA','MINADER-SD-LNADPIA','71d7af80e4fe6b85fae34e288eb7a32709f3bcf64804b08d6cd0e188a14b2c84b326fdbaf5850110','SOUS_DIRECTEUR','FR',null,'8');
INSERT INTO USERS (ID,ACCOUNT_NON_EXPIRED,ACCOUNT_NON_LOCKED,ATTEMPTS,CREDENTIALS_NON_EXPIRED,DELETED,EMAIL,ENABLED,FIRST_LOGIN,FIRST_NAME,LAST_ATTEMPTS_TIME,LAST_NAME,LOGIN,PASSWORD,POSITION,PREFERED_LANGUAGE,TELEPHONE,ADMINISTRATION_ID) VALUES (61,1,1,0,1,0,'minader-cs-srp@siat.com',1,0,'MINADER-CS-SRP',null,'MINADER-CS-SRP','MINADER-CS-SRP','71d7af80e4fe6b85fae34e288eb7a32709f3bcf64804b08d6cd0e188a14b2c84b326fdbaf5850110','CHEF_SERVICE','FR',null,'9');
INSERT INTO USERS (ID,ACCOUNT_NON_EXPIRED,ACCOUNT_NON_LOCKED,ATTEMPTS,CREDENTIALS_NON_EXPIRED,DELETED,EMAIL,ENABLED,FIRST_LOGIN,FIRST_NAME,LAST_ATTEMPTS_TIME,LAST_NAME,LOGIN,PASSWORD,POSITION,PREFERED_LANGUAGE,TELEPHONE,ADMINISTRATION_ID) VALUES (62,1,1,0,1,0,'minader-cb-bc-srp@siat.com',1,0,'MINADER-CB-BC-SRP',null,'MINADER-CB-BC-SRP','MINADER-CB-BC-SRP','33771109fc021910dcfa109516ee7a2965cf4bda108d50e2d16e40fa72288dd2a365828cc5832cdd','CHEF_BUREAU','FR',null,'10');
INSERT INTO USERS (ID,ACCOUNT_NON_EXPIRED,ACCOUNT_NON_LOCKED,ATTEMPTS,CREDENTIALS_NON_EXPIRED,DELETED,EMAIL,ENABLED,FIRST_LOGIN,FIRST_NAME,LAST_ATTEMPTS_TIME,LAST_NAME,LOGIN,PASSWORD,POSITION,PREFERED_LANGUAGE,TELEPHONE,ADMINISTRATION_ID) VALUES (63,1,1,0,1,0,'minader-cs-sratp@siat.com',1,0,'MINADER-CS-SRATP',null,'MINADER-CS-SRATP','MINADER-CS-SRATP','33771109fc021910dcfa109516ee7a2965cf4bda108d50e2d16e40fa72288dd2a365828cc5832cdd','CHEF_SERVICE','FR',null,'11');
INSERT INTO USERS (ID,ACCOUNT_NON_EXPIRED,ACCOUNT_NON_LOCKED,ATTEMPTS,CREDENTIALS_NON_EXPIRED,DELETED,EMAIL,ENABLED,FIRST_LOGIN,FIRST_NAME,LAST_ATTEMPTS_TIME,LAST_NAME,LOGIN,PASSWORD,POSITION,PREFERED_LANGUAGE,TELEPHONE,ADMINISTRATION_ID) VALUES (64,1,1,0,1,0,'minader-cb-bc-sratp@siat.com',1,0,'MINADER-CB-BC-SRATP',null,'MINADER-CB-BC-SRATP','MINADER-CB-BC-SRATP','33771109fc021910dcfa109516ee7a2965cf4bda108d50e2d16e40fa72288dd2a365828cc5832cdd','CHEF_BUREAU','FR',null,'12');
INSERT INTO USERS (ID,ACCOUNT_NON_EXPIRED,ACCOUNT_NON_LOCKED,ATTEMPTS,CREDENTIALS_NON_EXPIRED,DELETED,EMAIL,ENABLED,FIRST_LOGIN,FIRST_NAME,LAST_ATTEMPTS_TIME,LAST_NAME,LOGIN,PASSWORD,POSITION,PREFERED_LANGUAGE,TELEPHONE,ADMINISTRATION_ID) VALUES (65,1,1,0,1,0,'minader-cs-sre@siat.com',1,0,'MINADER-CS-SRE',null,'MINADER-CS-SRE','MINADER-CS-SRE','33771109fc021910dcfa109516ee7a2965cf4bda108d50e2d16e40fa72288dd2a365828cc5832cdd','CHEF_SERVICE','FR',null, null);
INSERT INTO USERS (ID,ACCOUNT_NON_EXPIRED,ACCOUNT_NON_LOCKED,ATTEMPTS,CREDENTIALS_NON_EXPIRED,DELETED,EMAIL,ENABLED,FIRST_LOGIN,FIRST_NAME,LAST_ATTEMPTS_TIME,LAST_NAME,LOGIN,PASSWORD,POSITION,PREFERED_LANGUAGE,TELEPHONE,ADMINISTRATION_ID) VALUES (66,1,1,0,1,0,'minader-cb-bc-sre@siat.com',1,0,'MINADER-CB-BC-SRE',null,'MINADER-CB-BC-SRE','MINADER-CB-BC-SRE','33771109fc021910dcfa109516ee7a2965cf4bda108d50e2d16e40fa72288dd2a365828cc5832cdd','CHEF_BUREAU','FR',null,'14');
INSERT INTO USERS (ID,ACCOUNT_NON_EXPIRED,ACCOUNT_NON_LOCKED,ATTEMPTS,CREDENTIALS_NON_EXPIRED,DELETED,EMAIL,ENABLED,FIRST_LOGIN,FIRST_NAME,LAST_ATTEMPTS_TIME,LAST_NAME,LOGIN,PASSWORD,POSITION,PREFERED_LANGUAGE,TELEPHONE,ADMINISTRATION_ID) VALUES (67,1,1,0,1,0,'minader-cs-scersp@siat.com',1,0,'MINADER-CS-SCERSP',null,'MINADER-CS-SCERSP','MINADER-CS-SCERSP','33771109fc021910dcfa109516ee7a2965cf4bda108d50e2d16e40fa72288dd2a365828cc5832cdd','CHEF_SERVICE','FR',null,'15');
INSERT INTO USERS (ID,ACCOUNT_NON_EXPIRED,ACCOUNT_NON_LOCKED,ATTEMPTS,CREDENTIALS_NON_EXPIRED,DELETED,EMAIL,ENABLED,FIRST_LOGIN,FIRST_NAME,LAST_ATTEMPTS_TIME,LAST_NAME,LOGIN,PASSWORD,POSITION,PREFERED_LANGUAGE,TELEPHONE,ADMINISTRATION_ID) VALUES (68,1,1,0,1,0,'minader-cb-bc-scsp@siat.com',1,0,'MINADER-CB-BC-SCSP',null,'MINADER-CB-BC-SCSP','MINADER-CB-BC-SCSP','33771109fc021910dcfa109516ee7a2965cf4bda108d50e2d16e40fa72288dd2a365828cc5832cdd','CHEF_BUREAU','FR',null,'16');
INSERT INTO USERS (ID,ACCOUNT_NON_EXPIRED,ACCOUNT_NON_LOCKED,ATTEMPTS,CREDENTIALS_NON_EXPIRED,DELETED,EMAIL,ENABLED,FIRST_LOGIN,FIRST_NAME,LAST_ATTEMPTS_TIME,LAST_NAME,LOGIN,PASSWORD,POSITION,PREFERED_LANGUAGE,TELEPHONE,ADMINISTRATION_ID) VALUES (69,1,1,0,1,0,'minader-cs-sconsp@siat.com',1,0,'MINADER-CS-SCONSP',null,'MINADER-CS-SCONSP','MINADER-CS-SCONSP','33771109fc021910dcfa109516ee7a2965cf4bda108d50e2d16e40fa72288dd2a365828cc5832cdd','CHEF_SERVICE','FR',null,'17');
INSERT INTO USERS (ID,ACCOUNT_NON_EXPIRED,ACCOUNT_NON_LOCKED,ATTEMPTS,CREDENTIALS_NON_EXPIRED,DELETED,EMAIL,ENABLED,FIRST_LOGIN,FIRST_NAME,LAST_ATTEMPTS_TIME,LAST_NAME,LOGIN,PASSWORD,POSITION,PREFERED_LANGUAGE,TELEPHONE,ADMINISTRATION_ID) VALUES (70,1,1,0,1,0,'minader-cb-bc-sconsp@siat.com',1,0,'MINADER-CB-BC-SCONSP',null,'MINADER-CB-BC-SCONSP','MINADER-CB-BC-SCONSP','33771109fc021910dcfa109516ee7a2965cf4bda108d50e2d16e40fa72288dd2a365828cc5832cdd','CHEF_BUREAU','FR',null,'18');
INSERT INTO USERS (ID,ACCOUNT_NON_EXPIRED,ACCOUNT_NON_LOCKED,ATTEMPTS,CREDENTIALS_NON_EXPIRED,DELETED,EMAIL,ENABLED,FIRST_LOGIN,FIRST_NAME,LAST_ATTEMPTS_TIME,LAST_NAME,LOGIN,PASSWORD,POSITION,PREFERED_LANGUAGE,TELEPHONE,ADMINISTRATION_ID) VALUES (71,1,1,0,1,0,'minader-cs-sqv@siat.com',1,0,'MINADER-CS-SQV',null,'MINADER-CS-SQV','MINADER-CS-SQV','33771109fc021910dcfa109516ee7a2965cf4bda108d50e2d16e40fa72288dd2a365828cc5832cdd','CHEF_SERVICE','FR',null,'19');
INSERT INTO USERS (ID,ACCOUNT_NON_EXPIRED,ACCOUNT_NON_LOCKED,ATTEMPTS,CREDENTIALS_NON_EXPIRED,DELETED,EMAIL,ENABLED,FIRST_LOGIN,FIRST_NAME,LAST_ATTEMPTS_TIME,LAST_NAME,LOGIN,PASSWORD,POSITION,PREFERED_LANGUAGE,TELEPHONE,ADMINISTRATION_ID) VALUES (72,1,1,0,1,0,'minader-cb-bc-sqv@siat.com',1,0,'MINADER-CB-BC-SQV',null,'MINADER-CB-BC-SQV','MINADER-CB-BC-SQV','33771109fc021910dcfa109516ee7a2965cf4bda108d50e2d16e40fa72288dd2a365828cc5832cdd','CHEF_BUREAU','FR',null,'20');
INSERT INTO USERS (ID,ACCOUNT_NON_EXPIRED,ACCOUNT_NON_LOCKED,ATTEMPTS,CREDENTIALS_NON_EXPIRED,DELETED,EMAIL,ENABLED,FIRST_LOGIN,FIRST_NAME,LAST_ATTEMPTS_TIME,LAST_NAME,LOGIN,PASSWORD,POSITION,PREFERED_LANGUAGE,TELEPHONE,ADMINISTRATION_ID) VALUES (73,1,1,0,1,0,'minader-cs-spasp@siat.com',1,0,'MINADER-CS-SPASP',null,'MINADER-CS-SPASP','MINADER-CS-SPASP','33771109fc021910dcfa109516ee7a2965cf4bda108d50e2d16e40fa72288dd2a365828cc5832cdd','CHEF_SERVICE','FR',null,'21');
INSERT INTO USERS (ID,ACCOUNT_NON_EXPIRED,ACCOUNT_NON_LOCKED,ATTEMPTS,CREDENTIALS_NON_EXPIRED,DELETED,EMAIL,ENABLED,FIRST_LOGIN,FIRST_NAME,LAST_ATTEMPTS_TIME,LAST_NAME,LOGIN,PASSWORD,POSITION,PREFERED_LANGUAGE,TELEPHONE,ADMINISTRATION_ID) VALUES (74,1,1,0,1,0,'minader-cb-bc-spasp@siat.com',1,0,'MINADER-CB-BC-SPASP',null,'MINADER-CB-BC-SPASP','MINADER-CB-BC-SPASP','33771109fc021910dcfa109516ee7a2965cf4bda108d50e2d16e40fa72288dd2a365828cc5832cdd','CHEF_BUREAU','FR',null,'22');
INSERT INTO USERS (ID,ACCOUNT_NON_EXPIRED,ACCOUNT_NON_LOCKED,ATTEMPTS,CREDENTIALS_NON_EXPIRED,DELETED,EMAIL,ENABLED,FIRST_LOGIN,FIRST_NAME,LAST_ATTEMPTS_TIME,LAST_NAME,LOGIN,PASSWORD,POSITION,PREFERED_LANGUAGE,TELEPHONE,ADMINISTRATION_ID) VALUES (75,1,1,0,1,0,'minader-cs-spp@siat.com',1,0,'MINADER-CS-SPP',null,'MINADER-CS-SPP','MINADER-CS-SPP','33771109fc021910dcfa109516ee7a2965cf4bda108d50e2d16e40fa72288dd2a365828cc5832cdd','CHEF_SERVICE','FR',null,'23');
INSERT INTO USERS (ID,ACCOUNT_NON_EXPIRED,ACCOUNT_NON_LOCKED,ATTEMPTS,CREDENTIALS_NON_EXPIRED,DELETED,EMAIL,ENABLED,FIRST_LOGIN,FIRST_NAME,LAST_ATTEMPTS_TIME,LAST_NAME,LOGIN,PASSWORD,POSITION,PREFERED_LANGUAGE,TELEPHONE,ADMINISTRATION_ID) VALUES (76,1,1,0,1,0,'minader-cb-bc-spp@siat.com',1,0,'MINADER-CB-BC-SPP',null,'MINADER-CB-BC-SPP','MINADER-CB-BC-SPP','33771109fc021910dcfa109516ee7a2965cf4bda108d50e2d16e40fa72288dd2a365828cc5832cdd','CHEF_BUREAU','FR',null,'24');
INSERT INTO USERS (ID,ACCOUNT_NON_EXPIRED,ACCOUNT_NON_LOCKED,ATTEMPTS,CREDENTIALS_NON_EXPIRED,DELETED,EMAIL,ENABLED,FIRST_LOGIN,FIRST_NAME,LAST_ATTEMPTS_TIME,LAST_NAME,LOGIN,PASSWORD,POSITION,PREFERED_LANGUAGE,TELEPHONE,ADMINISTRATION_ID) VALUES (77,1,1,0,1,0,'minader-cs-sef@siat.com',1,0,'MINADER-CS-SEF',null,'MINADER-CS-SEF','MINADER-CS-SEF','33771109fc021910dcfa109516ee7a2965cf4bda108d50e2d16e40fa72288dd2a365828cc5832cdd','CHEF_SERVICE','FR',null,'25');
INSERT INTO USERS (ID,ACCOUNT_NON_EXPIRED,ACCOUNT_NON_LOCKED,ATTEMPTS,CREDENTIALS_NON_EXPIRED,DELETED,EMAIL,ENABLED,FIRST_LOGIN,FIRST_NAME,LAST_ATTEMPTS_TIME,LAST_NAME,LOGIN,PASSWORD,POSITION,PREFERED_LANGUAGE,TELEPHONE,ADMINISTRATION_ID) VALUES (78,1,1,0,1,0,'minader-cb-bc-sef@siat.com',1,0,'MINADER-CB-BC-SEF',null,'MINADER-CB-BC-SEF','MINADER-CB-BC-SEF','33771109fc021910dcfa109516ee7a2965cf4bda108d50e2d16e40fa72288dd2a365828cc5832cdd','CHEF_BUREAU','FR',null,'26');
INSERT INTO USERS (ID,ACCOUNT_NON_EXPIRED,ACCOUNT_NON_LOCKED,ATTEMPTS,CREDENTIALS_NON_EXPIRED,DELETED,EMAIL,ENABLED,FIRST_LOGIN,FIRST_NAME,LAST_ATTEMPTS_TIME,LAST_NAME,LOGIN,PASSWORD,POSITION,PREFERED_LANGUAGE,TELEPHONE,ADMINISTRATION_ID) VALUES (79,1,1,0,1,0,'minepded-d-cct@siat.com',1,0,'MINEPDED-D-CCT',null,'MINEPDED-D-CCT','MINEPDED-D-CCT','71d7af80e4fe6b85fae34e288eb7a32709f3bcf64804b08d6cd0e188a14b2c84b326fdbaf5850110','DIRECTEUR','FR',null,'63');
INSERT INTO USERS (ID,ACCOUNT_NON_EXPIRED,ACCOUNT_NON_LOCKED,ATTEMPTS,CREDENTIALS_NON_EXPIRED,DELETED,EMAIL,ENABLED,FIRST_LOGIN,FIRST_NAME,LAST_ATTEMPTS_TIME,LAST_NAME,LOGIN,PASSWORD,POSITION,PREFERED_LANGUAGE,TELEPHONE,ADMINISTRATION_ID) VALUES (80,1,1,0,1,0,'minepded-sd-sdcct@siat.com',1,0,'MINEPDED-SD-SDCCT',null,'MINEPDED-SD-SDCCT','MINEPDED-SD-SDCCT','71d7af80e4fe6b85fae34e288eb7a32709f3bcf64804b08d6cd0e188a14b2c84b326fdbaf5850110','SOUS_DIRECTEUR','FR',null,'64');
INSERT INTO USERS (ID,ACCOUNT_NON_EXPIRED,ACCOUNT_NON_LOCKED,ATTEMPTS,CREDENTIALS_NON_EXPIRED,DELETED,EMAIL,ENABLED,FIRST_LOGIN,FIRST_NAME,LAST_ATTEMPTS_TIME,LAST_NAME,LOGIN,PASSWORD,POSITION,PREFERED_LANGUAGE,TELEPHONE,ADMINISTRATION_ID) VALUES (81,1,1,0,1,0,'minepded-cs-scct@siat.com',1,0,'MINEPDED-CS-SCCT',null,'MINEPDED-CS-SCCT','MINEPDED-CS-SCCT','33771109fc021910dcfa109516ee7a2965cf4bda108d50e2d16e40fa72288dd2a365828cc5832cdd','CHEF_SERVICE','FR',null,'65');
INSERT INTO USERS (ID,ACCOUNT_NON_EXPIRED,ACCOUNT_NON_LOCKED,ATTEMPTS,CREDENTIALS_NON_EXPIRED,DELETED,EMAIL,ENABLED,FIRST_LOGIN,FIRST_NAME,LAST_ATTEMPTS_TIME,LAST_NAME,LOGIN,PASSWORD,POSITION,PREFERED_LANGUAGE,TELEPHONE,ADMINISTRATION_ID) VALUES (82,1,1,0,1,0,'minepded-cb-bccct@siat.com',1,0,'MINEPDED-CB-BCCCT',null,'MINEPDED-CB-BCCCT','MINEPDED-CB-BCCCT','33771109fc021910dcfa109516ee7a2965cf4bda108d50e2d16e40fa72288dd2a365828cc5832cdd','CHEF_BUREAU','FR',null,'72');
INSERT INTO USERS (ID,ACCOUNT_NON_EXPIRED,ACCOUNT_NON_LOCKED,ATTEMPTS,CREDENTIALS_NON_EXPIRED,DELETED,EMAIL,ENABLED,FIRST_LOGIN,FIRST_NAME,LAST_ATTEMPTS_TIME,LAST_NAME,LOGIN,PASSWORD,POSITION,PREFERED_LANGUAGE,TELEPHONE,ADMINISTRATION_ID) VALUES (83,1,1,0,1,0,'minepded-d-dnc@siat.com',1,0,'MINEPDED-D-DNC',null,'MINEPDED-D-DNC','MINEPDED-D-DNC','71d7af80e4fe6b85fae34e288eb7a32709f3bcf64804b08d6cd0e188a14b2c84b326fdbaf5850110','DIRECTEUR','FR',null,'66');
INSERT INTO USERS (ID,ACCOUNT_NON_EXPIRED,ACCOUNT_NON_LOCKED,ATTEMPTS,CREDENTIALS_NON_EXPIRED,DELETED,EMAIL,ENABLED,FIRST_LOGIN,FIRST_NAME,LAST_ATTEMPTS_TIME,LAST_NAME,LOGIN,PASSWORD,POSITION,PREFERED_LANGUAGE,TELEPHONE,ADMINISTRATION_ID) VALUES (84,1,1,0,1,0,'minepded-sd-sdnre@siat.com',1,0,'MINEPDED-SD-SDNRE',null,'MINEPDED-SD-SDNRE','MINEPDED-SD-SDNRE','71d7af80e4fe6b85fae34e288eb7a32709f3bcf64804b08d6cd0e188a14b2c84b326fdbaf5850110','SOUS_DIRECTEUR','FR',null,'67');
INSERT INTO USERS (ID,ACCOUNT_NON_EXPIRED,ACCOUNT_NON_LOCKED,ATTEMPTS,CREDENTIALS_NON_EXPIRED,DELETED,EMAIL,ENABLED,FIRST_LOGIN,FIRST_NAME,LAST_ATTEMPTS_TIME,LAST_NAME,LOGIN,PASSWORD,POSITION,PREFERED_LANGUAGE,TELEPHONE,ADMINISTRATION_ID) VALUES (85,1,1,0,1,0,'minepded-cs-sqv@siat.com',1,0,'MINEPDED-CS-SNP',null,'MINEPDED-CS-SNP','MINEPDED-CS-SNP','33771109fc021910dcfa109516ee7a2965cf4bda108d50e2d16e40fa72288dd2a365828cc5832cdd','CHEF_SERVICE','FR',null,'68');
INSERT INTO USERS (ID,ACCOUNT_NON_EXPIRED,ACCOUNT_NON_LOCKED,ATTEMPTS,CREDENTIALS_NON_EXPIRED,DELETED,EMAIL,ENABLED,FIRST_LOGIN,FIRST_NAME,LAST_ATTEMPTS_TIME,LAST_NAME,LOGIN,PASSWORD,POSITION,PREFERED_LANGUAGE,TELEPHONE,ADMINISTRATION_ID) VALUES (86,1,1,0,1,0,'minepded-cb-bc-snp@siat.com',1,0,'MINEPDED-CB-BC-SNP',null,'MINEPDED-CB-BC-SNP','MINEPDED-CB-BC-SNP','33771109fc021910dcfa109516ee7a2965cf4bda108d50e2d16e40fa72288dd2a365828cc5832cdd','CHEF_BUREAU','FR',null,'69');
INSERT INTO USERS (ID,ACCOUNT_NON_EXPIRED,ACCOUNT_NON_LOCKED,ATTEMPTS,CREDENTIALS_NON_EXPIRED,DELETED,EMAIL,ENABLED,FIRST_LOGIN,FIRST_NAME,LAST_ATTEMPTS_TIME,LAST_NAME,LOGIN,PASSWORD,POSITION,PREFERED_LANGUAGE,TELEPHONE,ADMINISTRATION_ID) VALUES (87,1,1,0,1,0,'minepded-cs-srav@siat.com',1,0,'MINEPDED-CS-SRAV',null,'MINEPDED-CS-SRAV','MINEPDED-CS-SRAV','33771109fc021910dcfa109516ee7a2965cf4bda108d50e2d16e40fa72288dd2a365828cc5832cdd','CHEF_SERVICE','FR',null,'70');
INSERT INTO USERS (ID,ACCOUNT_NON_EXPIRED,ACCOUNT_NON_LOCKED,ATTEMPTS,CREDENTIALS_NON_EXPIRED,DELETED,EMAIL,ENABLED,FIRST_LOGIN,FIRST_NAME,LAST_ATTEMPTS_TIME,LAST_NAME,LOGIN,PASSWORD,POSITION,PREFERED_LANGUAGE,TELEPHONE,ADMINISTRATION_ID) VALUES (88,1,1,0,1,0,'minepded-cb-bc-srav@siat.com',1,0,'MINEPDED-CB-BC-SRAV',null,'MINEPDED-CB-BC-SRAV','MINEPDED-CB-BC-SRAV','33771109fc021910dcfa109516ee7a2965cf4bda108d50e2d16e40fa72288dd2a365828cc5832cdd','CHEF_BUREAU','FR',null,'71');
INSERT INTO USERS (ID,ACCOUNT_NON_EXPIRED,ACCOUNT_NON_LOCKED,ATTEMPTS,CREDENTIALS_NON_EXPIRED,DELETED,EMAIL,ENABLED,FIRST_LOGIN,FIRST_NAME,LAST_ATTEMPTS_TIME,LAST_NAME,LOGIN,PASSWORD,POSITION,PREFERED_LANGUAGE,TELEPHONE,ADMINISTRATION_ID) VALUES (89,1,1,0,1,0,'minader-cb-bc-bccct@siat.com',1,0,'MINADER-CB-BC-BCCCT',null,'MINADER-CB-BC-BCCCT','MINADER-CB-BC-BCCCT','33771109fc021910dcfa109516ee7a2965cf4bda108d50e2d16e40fa72288dd2a365828cc5832cdd','CHEF_BUREAU','FR',null,'74');
INSERT INTO USERS (ID,ACCOUNT_NON_EXPIRED,ACCOUNT_NON_LOCKED,ATTEMPTS,CREDENTIALS_NON_EXPIRED,DELETED,EMAIL,ENABLED,FIRST_LOGIN,FIRST_NAME,LAST_ATTEMPTS_TIME,LAST_NAME,LOGIN,PASSWORD,POSITION,PREFERED_LANGUAGE,TELEPHONE,ADMINISTRATION_ID) VALUES (90,1,1,0,1,0,'minader-admin-org1@siat.com',1,0,'MINADER-ADMIN-ORG1',null,'MINADER-ADMIN-ORG1','MINADER-ADMIN-ORG1','33771109fc021910dcfa109516ee7a2965cf4bda108d50e2d16e40fa72288dd2a365828cc5832cdd','ADMINISTRATEUR','FR',null,'2');
INSERT INTO USERS (ID,ACCOUNT_NON_EXPIRED,ACCOUNT_NON_LOCKED,ATTEMPTS,CREDENTIALS_NON_EXPIRED,DELETED,EMAIL,ENABLED,FIRST_LOGIN,FIRST_NAME,LAST_ATTEMPTS_TIME,LAST_NAME,LOGIN,PASSWORD,POSITION,PREFERED_LANGUAGE,TELEPHONE,ADMINISTRATION_ID) VALUES (91,1,1,0,1,0,'minepded-admin-org1@siat.com',1,0,'MINEPDED-ADMIN-ORG1',null,'MINEPDED-ADMIN-ORG1','MINEPDED-ADMIN-ORG1','33771109fc021910dcfa109516ee7a2965cf4bda108d50e2d16e40fa72288dd2a365828cc5832cdd','ADMINISTRATEUR','FR',null,'63');
INSERT INTO USERS (ID,ACCOUNT_NON_EXPIRED,ACCOUNT_NON_LOCKED,ATTEMPTS,CREDENTIALS_NON_EXPIRED,DELETED,EMAIL,ENABLED,FIRST_LOGIN,FIRST_NAME,LAST_ATTEMPTS_TIME,LAST_NAME,LOGIN,PASSWORD,POSITION,PREFERED_LANGUAGE,TELEPHONE,ADMINISTRATION_ID) VALUES (92,1,1,0,1,0,'minader-admin-org2@siat.com',1,0,'MINADER-ADMIN-ORG2',null,'MINADER-ADMIN-ORG2','MINADER-ADMIN-ORG2','33771109fc021910dcfa109516ee7a2965cf4bda108d50e2d16e40fa72288dd2a365828cc5832cdd','ADMINISTRATEUR','FR',null,'3');
INSERT INTO USERS (ID,ACCOUNT_NON_EXPIRED,ACCOUNT_NON_LOCKED,ATTEMPTS,CREDENTIALS_NON_EXPIRED,DELETED,EMAIL,ENABLED,FIRST_LOGIN,FIRST_NAME,LAST_ATTEMPTS_TIME,LAST_NAME,LOGIN,PASSWORD,POSITION,PREFERED_LANGUAGE,TELEPHONE,ADMINISTRATION_ID) VALUES (93,1,1,0,1,0,'minepded-admin-org2@siat.com',1,0,'MINEPDED-ADMIN-ORG2',null,'MINEPDED-ADMIN-ORG2','MINEPDED-ADMIN-ORG2','33771109fc021910dcfa109516ee7a2965cf4bda108d50e2d16e40fa72288dd2a365828cc5832cdd','ADMINISTRATEUR','FR',null,'66');
INSERT INTO USERS (ID,ACCOUNT_NON_EXPIRED,ACCOUNT_NON_LOCKED,ATTEMPTS,CREDENTIALS_NON_EXPIRED,DELETED,EMAIL,ENABLED,FIRST_LOGIN,FIRST_NAME,LAST_ATTEMPTS_TIME,LAST_NAME,LOGIN,PASSWORD,POSITION,PREFERED_LANGUAGE,TELEPHONE,ADMINISTRATION_ID) VALUES (94,1,1,0,1,0,'minepia-admin-org4@siat.com',1,0,'MINEPIA-ADMIN-ORG4',null,'MINEPIA-ADMIN-ORG4','MINEPIA-ADMIN-ORG4','8eef38dd821e8503e56af6729a9f3ca52eb0e5e175b5f55c80ce9c8e4253fa55c9953ea9851d6815','ADMINISTRATEUR','FR',null,'33');
INSERT INTO USERS (ID,ACCOUNT_NON_EXPIRED,ACCOUNT_NON_LOCKED,ATTEMPTS,CREDENTIALS_NON_EXPIRED,DELETED,EMAIL,ENABLED,FIRST_LOGIN,FIRST_NAME,LAST_ATTEMPTS_TIME,LAST_NAME,LOGIN,PASSWORD,POSITION,PREFERED_LANGUAGE,TELEPHONE,ADMINISTRATION_ID) VALUES (95,1,1,0,1,0,'minader-d-drcqipa@siat.com',1,0,'MINADER-D-DRCQIPA',null,'MINADER-D-DRCQIPA','MINADER-D-DRCQIPA','71d7af80e4fe6b85fae34e288eb7a32709f3bcf64804b08d6cd0e188a14b2c84b326fdbaf5850110','DIRECTEUR','FR',null,'2');
INSERT INTO USERS (ID,ACCOUNT_NON_EXPIRED,ACCOUNT_NON_LOCKED,ATTEMPTS,CREDENTIALS_NON_EXPIRED,DELETED,EMAIL,ENABLED,FIRST_LOGIN,FIRST_NAME,LAST_ATTEMPTS_TIME,LAST_NAME,LOGIN,PASSWORD,POSITION,PREFERED_LANGUAGE,TELEPHONE,ADMINISTRATION_ID) VALUES (96,1,1,0,1,0,'minepia-d-cct@siat.com',1,0,'MINEPIA-D-CCT',null,'MINEPIA-D-CCT','MINEPIA-D-CCT','e08b57a2f24383d45603c0e671a5f83dc08b67545ab4b1152474b3657897349f51626a362c4533bc','DIRECTEUR','FR',null,'28');
INSERT INTO USERS (ID,ACCOUNT_NON_EXPIRED,ACCOUNT_NON_LOCKED,ATTEMPTS,CREDENTIALS_NON_EXPIRED,DELETED,EMAIL,ENABLED,FIRST_LOGIN,FIRST_NAME,LAST_ATTEMPTS_TIME,LAST_NAME,LOGIN,PASSWORD,POSITION,PREFERED_LANGUAGE,TELEPHONE,ADMINISTRATION_ID) VALUES (97,1,1,0,1,0,'minader-ag-con1@siat.com',1,0,'MINADER-AG-CON1',null,'MINADER-AG-CON1','MINADER-AG-CON1','33771109fc021910dcfa109516ee7a2965cf4bda108d50e2d16e40fa72288dd2a365828cc5832cdd','AGENT','FR',null,'10');
INSERT INTO USERS (ID,ACCOUNT_NON_EXPIRED,ACCOUNT_NON_LOCKED,ATTEMPTS,CREDENTIALS_NON_EXPIRED,DELETED,EMAIL,ENABLED,FIRST_LOGIN,FIRST_NAME,LAST_ATTEMPTS_TIME,LAST_NAME,LOGIN,PASSWORD,POSITION,PREFERED_LANGUAGE,TELEPHONE,ADMINISTRATION_ID) VALUES (98,1,1,0,1,0,'minader-ag-con2@siat.com',1,0,'MINADER-AG-CON2',null,'MINADER-AG-CON2','MINADER-AG-CON2','33771109fc021910dcfa109516ee7a2965cf4bda108d50e2d16e40fa72288dd2a365828cc5832cdd','AGENT','FR',null,'12');
INSERT INTO USERS (ID,ACCOUNT_NON_EXPIRED,ACCOUNT_NON_LOCKED,ATTEMPTS,CREDENTIALS_NON_EXPIRED,DELETED,EMAIL,ENABLED,FIRST_LOGIN,FIRST_NAME,LAST_ATTEMPTS_TIME,LAST_NAME,LOGIN,PASSWORD,POSITION,PREFERED_LANGUAGE,TELEPHONE,ADMINISTRATION_ID) VALUES (99,1,1,0,1,0,'minader-ag-con3@siat.com',1,0,'MINADER-AG-CON3',null,'MINADER-AG-CON3','MINADER-AG-CON3','33771109fc021910dcfa109516ee7a2965cf4bda108d50e2d16e40fa72288dd2a365828cc5832cdd','AGENT','FR',null,'14');
INSERT INTO USERS (ID,ACCOUNT_NON_EXPIRED,ACCOUNT_NON_LOCKED,ATTEMPTS,CREDENTIALS_NON_EXPIRED,DELETED,EMAIL,ENABLED,FIRST_LOGIN,FIRST_NAME,LAST_ATTEMPTS_TIME,LAST_NAME,LOGIN,PASSWORD,POSITION,PREFERED_LANGUAGE,TELEPHONE,ADMINISTRATION_ID) VALUES (100,1,1,0,1,0,'minader-ag-con4@siat.com',1,0,'MINADER-AG-CON4',null,'MINADER-AG-CON4','MINADER-AG-CON4','33771109fc021910dcfa109516ee7a2965cf4bda108d50e2d16e40fa72288dd2a365828cc5832cdd','AGENT','FR',null,'16');
INSERT INTO USERS (ID,ACCOUNT_NON_EXPIRED,ACCOUNT_NON_LOCKED,ATTEMPTS,CREDENTIALS_NON_EXPIRED,DELETED,EMAIL,ENABLED,FIRST_LOGIN,FIRST_NAME,LAST_ATTEMPTS_TIME,LAST_NAME,LOGIN,PASSWORD,POSITION,PREFERED_LANGUAGE,TELEPHONE,ADMINISTRATION_ID) VALUES (101,1,1,0,1,0,'minader-ag-con5@siat.com',1,0,'MINADER-AG-CON5',null,'MINADER-AG-CON5','MINADER-AG-CON5','33771109fc021910dcfa109516ee7a2965cf4bda108d50e2d16e40fa72288dd2a365828cc5832cdd','AGENT','FR',null,'18');
INSERT INTO USERS (ID,ACCOUNT_NON_EXPIRED,ACCOUNT_NON_LOCKED,ATTEMPTS,CREDENTIALS_NON_EXPIRED,DELETED,EMAIL,ENABLED,FIRST_LOGIN,FIRST_NAME,LAST_ATTEMPTS_TIME,LAST_NAME,LOGIN,PASSWORD,POSITION,PREFERED_LANGUAGE,TELEPHONE,ADMINISTRATION_ID) VALUES (102,1,1,0,1,0,'minader-ag-con6@siat.com',1,0,'MINADER-AG-CON6',null,'MINADER-AG-CON6','MINADER-AG-CON6','33771109fc021910dcfa109516ee7a2965cf4bda108d50e2d16e40fa72288dd2a365828cc5832cdd','AGENT','FR',null,'20');
INSERT INTO USERS (ID,ACCOUNT_NON_EXPIRED,ACCOUNT_NON_LOCKED,ATTEMPTS,CREDENTIALS_NON_EXPIRED,DELETED,EMAIL,ENABLED,FIRST_LOGIN,FIRST_NAME,LAST_ATTEMPTS_TIME,LAST_NAME,LOGIN,PASSWORD,POSITION,PREFERED_LANGUAGE,TELEPHONE,ADMINISTRATION_ID) VALUES (103,1,1,0,1,0,'minader-ag-con7@siat.com',1,0,'MINADER-AG-CON7',null,'MINADER-AG-CON7','MINADER-AG-CON7','33771109fc021910dcfa109516ee7a2965cf4bda108d50e2d16e40fa72288dd2a365828cc5832cdd','AGENT','FR',null,'22');
INSERT INTO USERS (ID,ACCOUNT_NON_EXPIRED,ACCOUNT_NON_LOCKED,ATTEMPTS,CREDENTIALS_NON_EXPIRED,DELETED,EMAIL,ENABLED,FIRST_LOGIN,FIRST_NAME,LAST_ATTEMPTS_TIME,LAST_NAME,LOGIN,PASSWORD,POSITION,PREFERED_LANGUAGE,TELEPHONE,ADMINISTRATION_ID) VALUES (104,1,1,0,1,0,'minader-ag-con8@siat.com',1,0,'MINADER-AG-CON8',null,'MINADER-AG-CON8','MINADER-AG-CON8','33771109fc021910dcfa109516ee7a2965cf4bda108d50e2d16e40fa72288dd2a365828cc5832cdd','AGENT','FR',null,'24');
INSERT INTO USERS (ID,ACCOUNT_NON_EXPIRED,ACCOUNT_NON_LOCKED,ATTEMPTS,CREDENTIALS_NON_EXPIRED,DELETED,EMAIL,ENABLED,FIRST_LOGIN,FIRST_NAME,LAST_ATTEMPTS_TIME,LAST_NAME,LOGIN,PASSWORD,POSITION,PREFERED_LANGUAGE,TELEPHONE,ADMINISTRATION_ID) VALUES (105,1,1,0,1,0,'minader-ag-con9@siat.com',1,0,'MINADER-AG-CON9',null,'MINADER-AG-CON9','MINADER-AG-CON9','33771109fc021910dcfa109516ee7a2965cf4bda108d50e2d16e40fa72288dd2a365828cc5832cdd','AGENT','FR',null,'26');
INSERT INTO USERS (ID,ACCOUNT_NON_EXPIRED,ACCOUNT_NON_LOCKED,ATTEMPTS,CREDENTIALS_NON_EXPIRED,DELETED,EMAIL,ENABLED,FIRST_LOGIN,FIRST_NAME,LAST_ATTEMPTS_TIME,LAST_NAME,LOGIN,PASSWORD,POSITION,PREFERED_LANGUAGE,TELEPHONE,ADMINISTRATION_ID) VALUES (106,1,1,0,1,0,'minepia-ag-con1@siat.com',1,0,'MINEPIA-AG-CON1',null,'MINEPIA-AG-CON1','MINEPIA-AG-CON1','33771109fc021910dcfa109516ee7a2965cf4bda108d50e2d16e40fa72288dd2a365828cc5832cdd','AGENT','FR',null,'41');
INSERT INTO USERS (ID,ACCOUNT_NON_EXPIRED,ACCOUNT_NON_LOCKED,ATTEMPTS,CREDENTIALS_NON_EXPIRED,DELETED,EMAIL,ENABLED,FIRST_LOGIN,FIRST_NAME,LAST_ATTEMPTS_TIME,LAST_NAME,LOGIN,PASSWORD,POSITION,PREFERED_LANGUAGE,TELEPHONE,ADMINISTRATION_ID) VALUES (107,1,1,0,1,0,'minepia-ag-con2@siat.com',1,0,'MINEPIA-AG-CON2',null,'MINEPIA-AG-CON2','MINEPIA-AG-CON2','33771109fc021910dcfa109516ee7a2965cf4bda108d50e2d16e40fa72288dd2a365828cc5832cdd','AGENT','FR',null,'43');
INSERT INTO USERS (ID,ACCOUNT_NON_EXPIRED,ACCOUNT_NON_LOCKED,ATTEMPTS,CREDENTIALS_NON_EXPIRED,DELETED,EMAIL,ENABLED,FIRST_LOGIN,FIRST_NAME,LAST_ATTEMPTS_TIME,LAST_NAME,LOGIN,PASSWORD,POSITION,PREFERED_LANGUAGE,TELEPHONE,ADMINISTRATION_ID) VALUES (108,1,1,0,1,0,'minepia-ag-con3@siat.com',1,0,'MINEPIA-AG-CON3',null,'MINEPIA-AG-CON3','MINEPIA-AG-CON3','33771109fc021910dcfa109516ee7a2965cf4bda108d50e2d16e40fa72288dd2a365828cc5832cdd','AGENT','FR',null,'45');
INSERT INTO USERS (ID,ACCOUNT_NON_EXPIRED,ACCOUNT_NON_LOCKED,ATTEMPTS,CREDENTIALS_NON_EXPIRED,DELETED,EMAIL,ENABLED,FIRST_LOGIN,FIRST_NAME,LAST_ATTEMPTS_TIME,LAST_NAME,LOGIN,PASSWORD,POSITION,PREFERED_LANGUAGE,TELEPHONE,ADMINISTRATION_ID) VALUES (109,1,1,0,1,0,'minepia-ag-con4@siat.com',1,0,'MINEPIA-AG-CON4',null,'MINEPIA-AG-CON4','MINEPIA-AG-CON4','33771109fc021910dcfa109516ee7a2965cf4bda108d50e2d16e40fa72288dd2a365828cc5832cdd','AGENT','FR',null,'47');
INSERT INTO USERS (ID,ACCOUNT_NON_EXPIRED,ACCOUNT_NON_LOCKED,ATTEMPTS,CREDENTIALS_NON_EXPIRED,DELETED,EMAIL,ENABLED,FIRST_LOGIN,FIRST_NAME,LAST_ATTEMPTS_TIME,LAST_NAME,LOGIN,PASSWORD,POSITION,PREFERED_LANGUAGE,TELEPHONE,ADMINISTRATION_ID) VALUES (110,1,1,0,1,0,'minepia-ag-con5@siat.com',1,0,'MINEPIA-AG-CON5',null,'MINEPIA-AG-CON5','MINEPIA-AG-CON5','33771109fc021910dcfa109516ee7a2965cf4bda108d50e2d16e40fa72288dd2a365828cc5832cdd','AGENT','FR',null,'49');
INSERT INTO USERS (ID,ACCOUNT_NON_EXPIRED,ACCOUNT_NON_LOCKED,ATTEMPTS,CREDENTIALS_NON_EXPIRED,DELETED,EMAIL,ENABLED,FIRST_LOGIN,FIRST_NAME,LAST_ATTEMPTS_TIME,LAST_NAME,LOGIN,PASSWORD,POSITION,PREFERED_LANGUAGE,TELEPHONE,ADMINISTRATION_ID) VALUES (111,1,1,0,1,0,'minepia-ag-con6@siat.com',1,0,'MINEPIA-AG-CON6',null,'MINEPIA-AG-CON6','MINEPIA-AG-CON6','33771109fc021910dcfa109516ee7a2965cf4bda108d50e2d16e40fa72288dd2a365828cc5832cdd','AGENT','FR',null,'51');
INSERT INTO USERS (ID,ACCOUNT_NON_EXPIRED,ACCOUNT_NON_LOCKED,ATTEMPTS,CREDENTIALS_NON_EXPIRED,DELETED,EMAIL,ENABLED,FIRST_LOGIN,FIRST_NAME,LAST_ATTEMPTS_TIME,LAST_NAME,LOGIN,PASSWORD,POSITION,PREFERED_LANGUAGE,TELEPHONE,ADMINISTRATION_ID) VALUES (112,1,1,0,1,0,'minepia-ag-con7@siat.com',1,0,'MINEPIA-AG-CON7',null,'MINEPIA-AG-CON7','MINEPIA-AG-CON7','33771109fc021910dcfa109516ee7a2965cf4bda108d50e2d16e40fa72288dd2a365828cc5832cdd','AGENT','FR',null,'53');
INSERT INTO USERS (ID,ACCOUNT_NON_EXPIRED,ACCOUNT_NON_LOCKED,ATTEMPTS,CREDENTIALS_NON_EXPIRED,DELETED,EMAIL,ENABLED,FIRST_LOGIN,FIRST_NAME,LAST_ATTEMPTS_TIME,LAST_NAME,LOGIN,PASSWORD,POSITION,PREFERED_LANGUAGE,TELEPHONE,ADMINISTRATION_ID) VALUES (113,1,1,0,1,0,'minepia-ag-con8@siat.com',1,0,'MINEPIA-AG-CON8',null,'MINEPIA-AG-CON8','MINEPIA-AG-CON8','33771109fc021910dcfa109516ee7a2965cf4bda108d50e2d16e40fa72288dd2a365828cc5832cdd','AGENT','FR',null,'55');
INSERT INTO USERS (ID,ACCOUNT_NON_EXPIRED,ACCOUNT_NON_LOCKED,ATTEMPTS,CREDENTIALS_NON_EXPIRED,DELETED,EMAIL,ENABLED,FIRST_LOGIN,FIRST_NAME,LAST_ATTEMPTS_TIME,LAST_NAME,LOGIN,PASSWORD,POSITION,PREFERED_LANGUAGE,TELEPHONE,ADMINISTRATION_ID) VALUES (114,1,1,0,1,0,'minepia-ag-con9@siat.com',1,0,'MINEPIA-AG-CON9',null,'MINEPIA-AG-CON9','MINEPIA-AG-CON9','33771109fc021910dcfa109516ee7a2965cf4bda108d50e2d16e40fa72288dd2a365828cc5832cdd','AGENT','FR',null,'57');
INSERT INTO USERS (ID,ACCOUNT_NON_EXPIRED,ACCOUNT_NON_LOCKED,ATTEMPTS,CREDENTIALS_NON_EXPIRED,DELETED,EMAIL,ENABLED,FIRST_LOGIN,FIRST_NAME,LAST_ATTEMPTS_TIME,LAST_NAME,LOGIN,PASSWORD,POSITION,PREFERED_LANGUAGE,TELEPHONE,ADMINISTRATION_ID) VALUES (115,1,1,0,1,0,'minepia-ag-con10@siat.com',1,0,'MINEPIA-AG-CON10',null,'MINEPIA-AG-CON10','MINEPIA-AG-CON10','33771109fc021910dcfa109516ee7a2965cf4bda108d50e2d16e40fa72288dd2a365828cc5832cdd','AGENT','FR',null,'59');
INSERT INTO USERS (ID,ACCOUNT_NON_EXPIRED,ACCOUNT_NON_LOCKED,ATTEMPTS,CREDENTIALS_NON_EXPIRED,DELETED,EMAIL,ENABLED,FIRST_LOGIN,FIRST_NAME,LAST_ATTEMPTS_TIME,LAST_NAME,LOGIN,PASSWORD,POSITION,PREFERED_LANGUAGE,TELEPHONE,ADMINISTRATION_ID) VALUES (116,1,1,0,1,0,'minepia-ag-con11@siat.com',1,0,'MINEPIA-AG-CON11',null,'MINEPIA-AG-CON11','MINEPIA-AG-CON11','33771109fc021910dcfa109516ee7a2965cf4bda108d50e2d16e40fa72288dd2a365828cc5832cdd','AGENT','FR',null,'61');
INSERT INTO USERS (ID,ACCOUNT_NON_EXPIRED,ACCOUNT_NON_LOCKED,ATTEMPTS,CREDENTIALS_NON_EXPIRED,DELETED,EMAIL,ENABLED,FIRST_LOGIN,FIRST_NAME,LAST_ATTEMPTS_TIME,LAST_NAME,LOGIN,PASSWORD,POSITION,PREFERED_LANGUAGE,TELEPHONE,ADMINISTRATION_ID) VALUES (117,1,1,0,1,0,'minepded-ag-con1@siat.com',1,0,'MINEPDED-AG-CON1',null,'MINEPDED-AG-CON1','MINEPDED-AG-CON1','33771109fc021910dcfa109516ee7a2965cf4bda108d50e2d16e40fa72288dd2a365828cc5832cdd','AGENT','FR',null,'69');
INSERT INTO USERS (ID,ACCOUNT_NON_EXPIRED,ACCOUNT_NON_LOCKED,ATTEMPTS,CREDENTIALS_NON_EXPIRED,DELETED,EMAIL,ENABLED,FIRST_LOGIN,FIRST_NAME,LAST_ATTEMPTS_TIME,LAST_NAME,LOGIN,PASSWORD,POSITION,PREFERED_LANGUAGE,TELEPHONE,ADMINISTRATION_ID) VALUES (118,1,1,0,1,0,'minepded-ag-con2@siat.com',1,0,'MINEPDED-AG-CON2',null,'MINEPDED-AG-CON2','MINEPDED-AG-CON2','33771109fc021910dcfa109516ee7a2965cf4bda108d50e2d16e40fa72288dd2a365828cc5832cdd','AGENT','FR',null,'71');
INSERT INTO USERS (ID,ACCOUNT_NON_EXPIRED,ACCOUNT_NON_LOCKED,ATTEMPTS,CREDENTIALS_NON_EXPIRED,DELETED,EMAIL,ENABLED,FIRST_LOGIN,FIRST_NAME,LAST_ATTEMPTS_TIME,LAST_NAME,LOGIN,PASSWORD,POSITION,PREFERED_LANGUAGE,TELEPHONE,ADMINISTRATION_ID) VALUES (119,1,1,0,1,0,'minepded-ag-con3@siat.com',1,0,'MINEPDED-AG-CON3',null,'MINEPDED-AG-CON3','MINEPDED-AG-CON3','33771109fc021910dcfa109516ee7a2965cf4bda108d50e2d16e40fa72288dd2a365828cc5832cdd','AGENT','FR',null,'72');
INSERT INTO USERS (ID,ACCOUNT_NON_EXPIRED,ACCOUNT_NON_LOCKED,ATTEMPTS,CREDENTIALS_NON_EXPIRED,DELETED,EMAIL,ENABLED,FIRST_LOGIN,FIRST_NAME,LAST_ATTEMPTS_TIME,LAST_NAME,LOGIN,PASSWORD,POSITION,PREFERED_LANGUAGE,TELEPHONE,ADMINISTRATION_ID) VALUES (120,1,1,0,1,0,'minepded-ag-con4@siat.com',1,0,'MINEPDED-AG-CON4',null,'MINEPDED-AG-CON4','MINEPDED-AG-CON4','33771109fc021910dcfa109516ee7a2965cf4bda108d50e2d16e40fa72288dd2a365828cc5832cdd','AGENT','FR',null,'73');
INSERT INTO USERS (ID,ACCOUNT_NON_EXPIRED,ACCOUNT_NON_LOCKED,ATTEMPTS,CREDENTIALS_NON_EXPIRED,DELETED,EMAIL,ENABLED,FIRST_LOGIN,FIRST_NAME,LAST_ATTEMPTS_TIME,LAST_NAME,LOGIN,PASSWORD,POSITION,PREFERED_LANGUAGE,TELEPHONE,ADMINISTRATION_ID) VALUES (121,1,1,0,1,0,'minepded-ag-con5@siat.com',1,0,'MINEPDED-AG-CON5',null,'MINEPDED-AG-CON5','MINEPDED-AG-CON5','33771109fc021910dcfa109516ee7a2965cf4bda108d50e2d16e40fa72288dd2a365828cc5832cdd','AGENT','FR',null,'74');
INSERT INTO USERS( ID,ACCOUNT_NON_EXPIRED,ACCOUNT_NON_LOCKED,ATTEMPTS,CREDENTIALS_NON_EXPIRED,DELETED,EMAIL,ENABLED,FIRST_LOGIN,FIRST_NAME,LAST_ATTEMPTS_TIME,LAST_NAME,LOGIN,PASSWORD, POSITION,PREFERED_LANGUAGE, TELEPHONE,ADMINISTRATION_ID) VALUES (122, 1,1,0,1,0, 'minipea-ag-ac1@siat.com', 1, 0, 'MINEPIA-AG-AC1', NULL, 'MINEPIA-AG-AC1','MINEPIA-AG-AC1', '33771109fc021910dcfa109516ee7a2965cf4bda108d50e2d16e40fa72288dd2a365828cc5832cdd', 'AGENT', 'FR', NULL, '73');

COMMIT;

/*==============================================================*/
/* Table : USER_AUTHORITY                                       */
/*==============================================================*/
INSERT INTO USER_AUTHORITY (ID,AUTHORITY_ID,USER_ID) VALUES (1, 1, 1);
INSERT INTO USER_AUTHORITY (ID,AUTHORITY_ID,USER_ID) VALUES (2, 2, 45);
INSERT INTO USER_AUTHORITY (ID,AUTHORITY_ID,USER_ID) VALUES (3, 2, 51);
INSERT INTO USER_AUTHORITY (ID,AUTHORITY_ID,USER_ID) VALUES (4, 2, 54);
INSERT INTO USER_AUTHORITY (ID,AUTHORITY_ID,USER_ID) VALUES (5, 3, 46);
INSERT INTO USER_AUTHORITY (ID,AUTHORITY_ID,USER_ID) VALUES (6, 3, 47);
INSERT INTO USER_AUTHORITY (ID,AUTHORITY_ID,USER_ID) VALUES (7, 3, 48);
INSERT INTO USER_AUTHORITY (ID,AUTHORITY_ID,USER_ID) VALUES (8, 3, 90);
INSERT INTO USER_AUTHORITY (ID,AUTHORITY_ID,USER_ID) VALUES (9, 3, 91);
INSERT INTO USER_AUTHORITY (ID,AUTHORITY_ID,USER_ID) VALUES (10, 3, 92);
INSERT INTO USER_AUTHORITY (ID,AUTHORITY_ID,USER_ID) VALUES (11, 3, 93);
INSERT INTO USER_AUTHORITY (ID,AUTHORITY_ID,USER_ID) VALUES (12, 3, 94);
INSERT INTO USER_AUTHORITY (ID,AUTHORITY_ID,USER_ID) VALUES (13, 4, 3);
INSERT INTO USER_AUTHORITY (ID,AUTHORITY_ID,USER_ID) VALUES (14, 4, 50);
INSERT INTO USER_AUTHORITY (ID,AUTHORITY_ID,USER_ID) VALUES (15, 4, 53);
INSERT INTO USER_AUTHORITY (ID,AUTHORITY_ID,USER_ID) VALUES (16, 5, 3);
INSERT INTO USER_AUTHORITY (ID,AUTHORITY_ID,USER_ID) VALUES (17, 5, 50);
INSERT INTO USER_AUTHORITY (ID,AUTHORITY_ID,USER_ID) VALUES (18, 5, 53);
INSERT INTO USER_AUTHORITY (ID,AUTHORITY_ID,USER_ID) VALUES (19, 7, 3);
INSERT INTO USER_AUTHORITY (ID,AUTHORITY_ID,USER_ID) VALUES (20, 7, 50);
INSERT INTO USER_AUTHORITY (ID,AUTHORITY_ID,USER_ID) VALUES (21, 7, 53);
INSERT INTO USER_AUTHORITY (ID,AUTHORITY_ID,USER_ID) VALUES (22, 4, 2);
INSERT INTO USER_AUTHORITY (ID,AUTHORITY_ID,USER_ID) VALUES (23, 4, 49);
INSERT INTO USER_AUTHORITY (ID,AUTHORITY_ID,USER_ID) VALUES (24, 4, 52);
INSERT INTO USER_AUTHORITY (ID,AUTHORITY_ID,USER_ID) VALUES (25, 5, 2);
INSERT INTO USER_AUTHORITY (ID,AUTHORITY_ID,USER_ID) VALUES (26, 5, 49);
INSERT INTO USER_AUTHORITY (ID,AUTHORITY_ID,USER_ID) VALUES (27, 5, 52);
INSERT INTO USER_AUTHORITY (ID,AUTHORITY_ID,USER_ID) VALUES (28, 6, 2);
INSERT INTO USER_AUTHORITY (ID,AUTHORITY_ID,USER_ID) VALUES (29, 6, 49);
INSERT INTO USER_AUTHORITY (ID,AUTHORITY_ID,USER_ID) VALUES (30, 6, 52);
INSERT INTO USER_AUTHORITY (ID,AUTHORITY_ID,USER_ID) VALUES (31, 8, 4);
INSERT INTO USER_AUTHORITY (ID,AUTHORITY_ID,USER_ID) VALUES (32, 8, 5);
INSERT INTO USER_AUTHORITY (ID,AUTHORITY_ID,USER_ID) VALUES (33, 8, 6);
INSERT INTO USER_AUTHORITY (ID,AUTHORITY_ID,USER_ID) VALUES (34, 8, 55);
INSERT INTO USER_AUTHORITY (ID,AUTHORITY_ID,USER_ID) VALUES (35, 8, 79);
INSERT INTO USER_AUTHORITY (ID,AUTHORITY_ID,USER_ID) VALUES (36, 8, 83);
INSERT INTO USER_AUTHORITY (ID,AUTHORITY_ID,USER_ID) VALUES (37, 8, 95);
INSERT INTO USER_AUTHORITY (ID,AUTHORITY_ID,USER_ID) VALUES (38, 8, 96);
INSERT INTO USER_AUTHORITY (ID,AUTHORITY_ID,USER_ID) VALUES (39, 9, 7);
INSERT INTO USER_AUTHORITY (ID,AUTHORITY_ID,USER_ID) VALUES (40, 9, 8);
INSERT INTO USER_AUTHORITY (ID,AUTHORITY_ID,USER_ID) VALUES (41, 9, 9);
INSERT INTO USER_AUTHORITY (ID,AUTHORITY_ID,USER_ID) VALUES (42, 9, 10);
INSERT INTO USER_AUTHORITY (ID,AUTHORITY_ID,USER_ID) VALUES (43, 9, 11);
INSERT INTO USER_AUTHORITY (ID,AUTHORITY_ID,USER_ID) VALUES (44, 9, 12);
INSERT INTO USER_AUTHORITY (ID,AUTHORITY_ID,USER_ID) VALUES (45, 9, 13);
INSERT INTO USER_AUTHORITY (ID,AUTHORITY_ID,USER_ID) VALUES (46, 9, 56);
INSERT INTO USER_AUTHORITY (ID,AUTHORITY_ID,USER_ID) VALUES (47, 9, 58);
INSERT INTO USER_AUTHORITY (ID,AUTHORITY_ID,USER_ID) VALUES (48, 9, 59);
INSERT INTO USER_AUTHORITY (ID,AUTHORITY_ID,USER_ID) VALUES (49, 9, 60);
INSERT INTO USER_AUTHORITY (ID,AUTHORITY_ID,USER_ID) VALUES (50, 9, 80);
INSERT INTO USER_AUTHORITY (ID,AUTHORITY_ID,USER_ID) VALUES (51, 9, 84);
INSERT INTO USER_AUTHORITY (ID,AUTHORITY_ID,USER_ID) VALUES (52, 10, 14);
INSERT INTO USER_AUTHORITY (ID,AUTHORITY_ID,USER_ID) VALUES (53, 10, 15);
INSERT INTO USER_AUTHORITY (ID,AUTHORITY_ID,USER_ID) VALUES (54, 10, 16);
INSERT INTO USER_AUTHORITY (ID,AUTHORITY_ID,USER_ID) VALUES (55, 10, 17);
INSERT INTO USER_AUTHORITY (ID,AUTHORITY_ID,USER_ID) VALUES (56, 10, 18);
INSERT INTO USER_AUTHORITY (ID,AUTHORITY_ID,USER_ID) VALUES (57, 10, 19);
INSERT INTO USER_AUTHORITY (ID,AUTHORITY_ID,USER_ID) VALUES (58, 10, 20);
INSERT INTO USER_AUTHORITY (ID,AUTHORITY_ID,USER_ID) VALUES (59, 10, 21);
INSERT INTO USER_AUTHORITY (ID,AUTHORITY_ID,USER_ID) VALUES (60, 10, 22);
INSERT INTO USER_AUTHORITY (ID,AUTHORITY_ID,USER_ID) VALUES (61, 10, 23);
INSERT INTO USER_AUTHORITY (ID,AUTHORITY_ID,USER_ID) VALUES (62, 10, 24);
INSERT INTO USER_AUTHORITY (ID,AUTHORITY_ID,USER_ID) VALUES (63, 10, 25);
INSERT INTO USER_AUTHORITY (ID,AUTHORITY_ID,USER_ID) VALUES (64, 10, 57);
INSERT INTO USER_AUTHORITY (ID,AUTHORITY_ID,USER_ID) VALUES (65, 10, 61);
INSERT INTO USER_AUTHORITY (ID,AUTHORITY_ID,USER_ID) VALUES (66, 10, 63);
INSERT INTO USER_AUTHORITY (ID,AUTHORITY_ID,USER_ID) VALUES (67, 10, 65);
INSERT INTO USER_AUTHORITY (ID,AUTHORITY_ID,USER_ID) VALUES (68, 10, 67);
INSERT INTO USER_AUTHORITY (ID,AUTHORITY_ID,USER_ID) VALUES (69, 10, 69);
INSERT INTO USER_AUTHORITY (ID,AUTHORITY_ID,USER_ID) VALUES (70, 10, 71);
INSERT INTO USER_AUTHORITY (ID,AUTHORITY_ID,USER_ID) VALUES (71, 10, 73);
INSERT INTO USER_AUTHORITY (ID,AUTHORITY_ID,USER_ID) VALUES (72, 10, 75);
INSERT INTO USER_AUTHORITY (ID,AUTHORITY_ID,USER_ID) VALUES (73, 10, 77);
INSERT INTO USER_AUTHORITY (ID,AUTHORITY_ID,USER_ID) VALUES (74, 10, 81);
INSERT INTO USER_AUTHORITY (ID,AUTHORITY_ID,USER_ID) VALUES (75, 10, 85);
INSERT INTO USER_AUTHORITY (ID,AUTHORITY_ID,USER_ID) VALUES (76, 10, 87);
INSERT INTO USER_AUTHORITY (ID,AUTHORITY_ID,USER_ID) VALUES (77, 11, 26);
INSERT INTO USER_AUTHORITY (ID,AUTHORITY_ID,USER_ID) VALUES (78, 11, 27);
INSERT INTO USER_AUTHORITY (ID,AUTHORITY_ID,USER_ID) VALUES (79, 11, 28);
INSERT INTO USER_AUTHORITY (ID,AUTHORITY_ID,USER_ID) VALUES (80, 11, 29);
INSERT INTO USER_AUTHORITY (ID,AUTHORITY_ID,USER_ID) VALUES (81, 11, 30);
INSERT INTO USER_AUTHORITY (ID,AUTHORITY_ID,USER_ID) VALUES (82, 11, 31);
INSERT INTO USER_AUTHORITY (ID,AUTHORITY_ID,USER_ID) VALUES (83, 11, 32);
INSERT INTO USER_AUTHORITY (ID,AUTHORITY_ID,USER_ID) VALUES (84, 11, 33);
INSERT INTO USER_AUTHORITY (ID,AUTHORITY_ID,USER_ID) VALUES (85, 11, 34);
INSERT INTO USER_AUTHORITY (ID,AUTHORITY_ID,USER_ID) VALUES (86, 11, 35);
INSERT INTO USER_AUTHORITY (ID,AUTHORITY_ID,USER_ID) VALUES (87, 11, 36);
INSERT INTO USER_AUTHORITY (ID,AUTHORITY_ID,USER_ID) VALUES (88, 11, 37);
INSERT INTO USER_AUTHORITY (ID,AUTHORITY_ID,USER_ID) VALUES (89, 11, 62);
INSERT INTO USER_AUTHORITY (ID,AUTHORITY_ID,USER_ID) VALUES (90, 11, 64);
INSERT INTO USER_AUTHORITY (ID,AUTHORITY_ID,USER_ID) VALUES (91, 11, 66);
INSERT INTO USER_AUTHORITY (ID,AUTHORITY_ID,USER_ID) VALUES (92, 11, 68);
INSERT INTO USER_AUTHORITY (ID,AUTHORITY_ID,USER_ID) VALUES (93, 11, 70);
INSERT INTO USER_AUTHORITY (ID,AUTHORITY_ID,USER_ID) VALUES (94, 11, 72);
INSERT INTO USER_AUTHORITY (ID,AUTHORITY_ID,USER_ID) VALUES (95, 11, 74);
INSERT INTO USER_AUTHORITY (ID,AUTHORITY_ID,USER_ID) VALUES (96, 11, 76);
INSERT INTO USER_AUTHORITY (ID,AUTHORITY_ID,USER_ID) VALUES (97, 11, 78);
INSERT INTO USER_AUTHORITY (ID,AUTHORITY_ID,USER_ID) VALUES (98, 11, 82);
INSERT INTO USER_AUTHORITY (ID,AUTHORITY_ID,USER_ID) VALUES (99, 11, 86);
INSERT INTO USER_AUTHORITY (ID,AUTHORITY_ID,USER_ID) VALUES (100, 11, 88);
INSERT INTO USER_AUTHORITY (ID,AUTHORITY_ID,USER_ID) VALUES (101, 11, 89);
INSERT INTO USER_AUTHORITY (ID,AUTHORITY_ID,USER_ID) VALUES (102, 18, 39);
INSERT INTO USER_AUTHORITY (ID,AUTHORITY_ID,USER_ID) VALUES (103, 12, 38);
INSERT INTO USER_AUTHORITY (ID,AUTHORITY_ID,USER_ID) VALUES (104, 14, 40);
INSERT INTO USER_AUTHORITY (ID,AUTHORITY_ID,USER_ID) VALUES (105, 13, 41);
INSERT INTO USER_AUTHORITY (ID,AUTHORITY_ID,USER_ID) VALUES (106, 15, 42);
INSERT INTO USER_AUTHORITY (ID,AUTHORITY_ID,USER_ID) VALUES (107, 16, 43);
INSERT INTO USER_AUTHORITY (ID,AUTHORITY_ID,USER_ID) VALUES (108, 17, 44);
INSERT INTO USER_AUTHORITY (ID,AUTHORITY_ID,USER_ID) VALUES (109, 14, 97);
INSERT INTO USER_AUTHORITY (ID,AUTHORITY_ID,USER_ID) VALUES (110, 14, 98);
INSERT INTO USER_AUTHORITY (ID,AUTHORITY_ID,USER_ID) VALUES (111, 14, 99);
INSERT INTO USER_AUTHORITY (ID,AUTHORITY_ID,USER_ID) VALUES (112, 14, 100);
INSERT INTO USER_AUTHORITY (ID,AUTHORITY_ID,USER_ID) VALUES (113, 14, 101);
INSERT INTO USER_AUTHORITY (ID,AUTHORITY_ID,USER_ID) VALUES (114, 14, 102);
INSERT INTO USER_AUTHORITY (ID,AUTHORITY_ID,USER_ID) VALUES (115, 14, 103);
INSERT INTO USER_AUTHORITY (ID,AUTHORITY_ID,USER_ID) VALUES (116, 14, 104);
INSERT INTO USER_AUTHORITY (ID,AUTHORITY_ID,USER_ID) VALUES (117, 14, 105);
INSERT INTO USER_AUTHORITY (ID,AUTHORITY_ID,USER_ID) VALUES (118, 14, 106);
INSERT INTO USER_AUTHORITY (ID,AUTHORITY_ID,USER_ID) VALUES (119, 14, 107);
INSERT INTO USER_AUTHORITY (ID,AUTHORITY_ID,USER_ID) VALUES (120, 14, 108);
INSERT INTO USER_AUTHORITY (ID,AUTHORITY_ID,USER_ID) VALUES (121, 14, 109);
INSERT INTO USER_AUTHORITY (ID,AUTHORITY_ID,USER_ID) VALUES (122, 14, 110);
INSERT INTO USER_AUTHORITY (ID,AUTHORITY_ID,USER_ID) VALUES (123, 14, 111);
INSERT INTO USER_AUTHORITY (ID,AUTHORITY_ID,USER_ID) VALUES (124, 14, 112);
INSERT INTO USER_AUTHORITY (ID,AUTHORITY_ID,USER_ID) VALUES (125, 14, 113);
INSERT INTO USER_AUTHORITY (ID,AUTHORITY_ID,USER_ID) VALUES (126, 14, 114);
INSERT INTO USER_AUTHORITY (ID,AUTHORITY_ID,USER_ID) VALUES (127, 14, 115);
INSERT INTO USER_AUTHORITY (ID,AUTHORITY_ID,USER_ID) VALUES (128, 14, 116);
INSERT INTO USER_AUTHORITY (ID,AUTHORITY_ID,USER_ID) VALUES (129, 14, 117);
INSERT INTO USER_AUTHORITY (ID,AUTHORITY_ID,USER_ID) VALUES (130, 14, 118);
INSERT INTO USER_AUTHORITY (ID,AUTHORITY_ID,USER_ID) VALUES (131, 14, 119);
INSERT INTO USER_AUTHORITY (ID,AUTHORITY_ID,USER_ID) VALUES (132, 14, 120);
INSERT INTO USER_AUTHORITY (ID,AUTHORITY_ID,USER_ID) VALUES (133, 14, 121);
COMMIT;

/*==============================================================*/
/* Table : ANALYSE_TYPE                                         */
/*==============================================================*/
INSERT INTO ANALYSE_TYPE (ID, LABEL_FR, LABEL_EN, DURATION, ORGANISM_ID, DELETED) VALUES (1, 'Type Analyse DRCQIPA', 'Analyse Type DRCQIPA', 24, 2, 0);
INSERT INTO ANALYSE_TYPE (ID, LABEL_FR, LABEL_EN, DURATION, ORGANISM_ID, DELETED) VALUES (2, 'Type Analyse D-CCT-Minader', 'Analyse Type D-CCT-Minader', 24, 3, 0);
INSERT INTO ANALYSE_TYPE (ID, LABEL_FR, LABEL_EN, DURATION, ORGANISM_ID, DELETED) VALUES (3, 'Type Analyse D-CCT-Minepia', 'Analyse Type D-CCT-Minepia', 24, 28, 0);
INSERT INTO ANALYSE_TYPE (ID, LABEL_FR, LABEL_EN, DURATION, ORGANISM_ID, DELETED) VALUES (4, 'Type Analyse DSV', 'Analyse Type DSV', 24, 31, 0);
INSERT INTO ANALYSE_TYPE (ID, LABEL_FR, LABEL_EN, DURATION, ORGANISM_ID, DELETED) VALUES (5, 'Type Analyse DPAIH', 'Analyse Type DPAIH', 24, 32, 0);
INSERT INTO ANALYSE_TYPE (ID, LABEL_FR, LABEL_EN, DURATION, ORGANISM_ID, DELETED) VALUES (6, 'Type Analyse DDPIA', 'Analyse Type DDPIA', 24, 33, 0);
INSERT INTO ANALYSE_TYPE (ID, LABEL_FR, LABEL_EN, DURATION, ORGANISM_ID, DELETED) VALUES (7, 'Type Analyse D-CCT-Minepded', 'Analyse Type D-CCT-Minepded', 24, 63, 0);
INSERT INTO ANALYSE_TYPE (ID, LABEL_FR, LABEL_EN, DURATION, ORGANISM_ID, DELETED) VALUES (8, 'Type Analyse DHMPE', 'Analyse Type DHMPE', 24, 66, 0);
COMMIT;

/*==============================================================*/
/* Table : TREATMENT_TYPE                                       */
/*==============================================================*/
INSERT INTO TREATMENT_TYPE(ID,DELETED,DURATION,LABEL_EN,LABEL_FR,ORGANISM_ID) VALUES (1,0,24,'Treatment Type DRCQIPA','Type Traitement DRCQIPA', 2);
INSERT INTO TREATMENT_TYPE(ID,DELETED,DURATION,LABEL_EN,LABEL_FR,ORGANISM_ID) VALUES (2,0,24,'Treatment Type D-CCT-Minader','Type Traitement D-CCT-Minader', 3);
INSERT INTO TREATMENT_TYPE(ID,DELETED,DURATION,LABEL_EN,LABEL_FR,ORGANISM_ID) VALUES (3,0,24,'Treatment Type D-CCT-Minepia','Type Traitement D-CCT-Minepia', 28);
INSERT INTO TREATMENT_TYPE(ID,DELETED,DURATION,LABEL_EN,LABEL_FR,ORGANISM_ID) VALUES (4,1,24,'Treatment Type DSV','Type Traitement DSV', 31);
INSERT INTO TREATMENT_TYPE(ID,DELETED,DURATION,LABEL_EN,LABEL_FR,ORGANISM_ID) VALUES (5,0,24,'Treatment Type DPAIH','Type Traitement DPAIH', 32);
INSERT INTO TREATMENT_TYPE(ID,DELETED,DURATION,LABEL_EN,LABEL_FR,ORGANISM_ID) VALUES (6,0,24,'Treatment Type DDPIA','Type Traitement DDPIA', 33);
INSERT INTO TREATMENT_TYPE(ID,DELETED,DURATION,LABEL_EN,LABEL_FR,ORGANISM_ID) VALUES (7,0,24,'Treatment Type D-CCT-Minepded','Type Traitement D-CCT-Minepded', 63);
INSERT INTO TREATMENT_TYPE(ID,DELETED,DURATION,LABEL_EN,LABEL_FR,ORGANISM_ID) VALUES (8,0,24,'Treatment Type DHMPE','Type Traitement DHMPE', 66);
COMMIT;

/*==============================================================*/
/* Table : TREATMENT_COMPANY                                      */
/*==============================================================*/
INSERT INTO TREATMENT_COMPANY (ID) VALUES (75);
INSERT INTO TREATMENT_COMPANY (ID) VALUES (76);
COMMIT;

/*==============================================================*/
/* Table : HOURLY_TYPE                                          */
/*==============================================================*/
INSERT INTO HOURLY_TYPE (ID,LABEL_EN,LABEL_FR) VALUES (1,'Administratif','Administrative');
INSERT INTO HOURLY_TYPE (ID,LABEL_EN,LABEL_FR) VALUES (2,'Summer','Eté');
INSERT INTO HOURLY_TYPE (ID,LABEL_EN,LABEL_FR) VALUES (3,'Ramadan','Ramadan');
COMMIT;

/*==============================================================*/
/* Table : INSPECTION_WORK_WEEK_CONFIG                          */
/*==============================================================*/
INSERT INTO INSPECTION_WORK_WEEK_CONFIG (ID,MONDAY,TUESDAY,WEDNESDAY,THURSDAY,FRIDAY,SATURDAY,SUNDAY,HOURLY_TYPE_ID,ORGANISM_ID) VALUES (1, 1, 1, 1, 1, 1, 0, 0, 1, 2);
INSERT INTO INSPECTION_WORK_WEEK_CONFIG (ID,MONDAY,TUESDAY,WEDNESDAY,THURSDAY,FRIDAY,SATURDAY,SUNDAY,HOURLY_TYPE_ID,ORGANISM_ID) VALUES (2, 1, 1, 1, 1, 1, 0, 0, 1, 3);
INSERT INTO INSPECTION_WORK_WEEK_CONFIG (ID,MONDAY,TUESDAY,WEDNESDAY,THURSDAY,FRIDAY,SATURDAY,SUNDAY,HOURLY_TYPE_ID,ORGANISM_ID) VALUES (3, 1, 1, 1, 1, 1, 0, 0, 1, 28);
INSERT INTO INSPECTION_WORK_WEEK_CONFIG (ID,MONDAY,TUESDAY,WEDNESDAY,THURSDAY,FRIDAY,SATURDAY,SUNDAY,HOURLY_TYPE_ID,ORGANISM_ID) VALUES (4, 1, 1, 1, 1, 1, 0, 0, 1, 31);
INSERT INTO INSPECTION_WORK_WEEK_CONFIG (ID,MONDAY,TUESDAY,WEDNESDAY,THURSDAY,FRIDAY,SATURDAY,SUNDAY,HOURLY_TYPE_ID,ORGANISM_ID) VALUES (5, 1, 1, 1, 1, 1, 0, 0, 1, 32);
INSERT INTO INSPECTION_WORK_WEEK_CONFIG (ID,MONDAY,TUESDAY,WEDNESDAY,THURSDAY,FRIDAY,SATURDAY,SUNDAY,HOURLY_TYPE_ID,ORGANISM_ID) VALUES (6, 1, 1, 1, 1, 1, 0, 0, 1, 33);
INSERT INTO INSPECTION_WORK_WEEK_CONFIG (ID,MONDAY,TUESDAY,WEDNESDAY,THURSDAY,FRIDAY,SATURDAY,SUNDAY,HOURLY_TYPE_ID,ORGANISM_ID) VALUES (7, 1, 1, 1, 1, 1, 0, 0, 1, 63);
INSERT INTO INSPECTION_WORK_WEEK_CONFIG (ID,MONDAY,TUESDAY,WEDNESDAY,THURSDAY,FRIDAY,SATURDAY,SUNDAY,HOURLY_TYPE_ID,ORGANISM_ID) VALUES (8, 1, 1, 1, 1, 1, 0, 0, 1, 66);
COMMIT;

/*==============================================================*/
/* Table : INSPECTION_WORK_DAY_CONFIG                           */
/*==============================================================*/
INSERT INTO INSPECTION_WORK_DAY_CONFIG (ID,HOUR,HOURLY_TYPE_ID,ORGANISM_ID) VALUES (1,'8',1,2);
INSERT INTO INSPECTION_WORK_DAY_CONFIG (ID,HOUR,HOURLY_TYPE_ID,ORGANISM_ID) VALUES (2,'12',1,2);
INSERT INTO INSPECTION_WORK_DAY_CONFIG (ID,HOUR,HOURLY_TYPE_ID,ORGANISM_ID) VALUES (3,'16',1,3);
INSERT INTO INSPECTION_WORK_DAY_CONFIG (ID,HOUR,HOURLY_TYPE_ID,ORGANISM_ID) VALUES (4,'8',2,3);
INSERT INTO INSPECTION_WORK_DAY_CONFIG (ID,HOUR,HOURLY_TYPE_ID,ORGANISM_ID) VALUES (5,'14',2,28);
INSERT INTO INSPECTION_WORK_DAY_CONFIG (ID,HOUR,HOURLY_TYPE_ID,ORGANISM_ID) VALUES (6,'10',3,28);

COMMIT;

/*==============================================================*/
/* Table : WORK_YEAR_CONFIG                                     */
/*==============================================================*/
INSERT into WORK_YEAR_CONFIG (ID,BEGIN_DATE,END_DATE,HOURLY_TYPE_ID) values (1,to_date('2015-01-01 00:00:00', 'YYYY-MM-DD HH24:MI:SS'),to_date('2015-06-16 00:00:00', 'YYYY-MM-DD HH24:MI:SS'),'1');
INSERT INTO WORK_YEAR_CONFIG (ID,BEGIN_DATE,END_DATE,HOURLY_TYPE_ID) VALUES (2,to_date('2015-06-17 00:00:00', 'YYYY-MM-DD HH24:MI:SS'),to_date('2015-12-31 00:00:00', 'YYYY-MM-DD HH24:MI:SS'),'2');
COMMIT;
/*==============================================================*/
/* Table : PARAMS                                               */
/*==============================================================*/
INSERT INTO PARAMS (ID, NAME, CATEGORY, VALUE) VALUES (1, 'NegativeDecisionsPeriod', 'GR', '30');
INSERT INTO PARAMS (ID, NAME, CATEGORY, VALUE) VALUES (2, 'ProductKnownPeriod', 'GR', '45');
INSERT INTO PARAMS (ID, NAME, CATEGORY, VALUE) VALUES (3, 'ProductKnownThreshold', 'GR', '5');
INSERT INTO PARAMS (ID, NAME, CATEGORY, VALUE) VALUES (4, 'ProductTestedPeriod', 'GR', '15');
INSERT INTO PARAMS (ID, NAME, CATEGORY, VALUE) VALUES (5, 'ImporterKnownPeriod', 'GR', '30');
INSERT INTO PARAMS (ID, NAME, CATEGORY, VALUE) VALUES (6, 'ImporterKnownThreshold', 'GR', '3');
INSERT INTO PARAMS (ID, NAME, CATEGORY, VALUE) VALUES (7, 'QuantityCoefficient', 'GR', '0.5');
INSERT INTO PARAMS (ID, NAME, CATEGORY, VALUE) VALUES (8, 'RddDelay', 'GR', '60');
INSERT INTO PARAMS (ID, NAME, CATEGORY, VALUE) VALUES (9, 'MecDelay', 'GR', '15');
INSERT INTO PARAMS (ID, NAME, CATEGORY, VALUE) VALUES (10, 'ClearanceDelay', 'GR', '15');
INSERT INTO PARAMS (ID, NAME, CATEGORY, VALUE) VALUES (11, 'nbRDD', 'GR', '3');
INSERT INTO PARAMS (ID, NAME, CATEGORY, VALUE) VALUES (12, 'MaxAttemptsUserConnexion', 'GN', '3');
COMMIT;

/*==============================================================*/
/* Table : PARAMS_ORGANISM                                      */
/*==============================================================*/
INSERT INTO PARAMS_ORGANISM (ID, PARAM_ID, ORGANISM_ID, VALUE) VALUES (1, 1, 2, '30');
INSERT INTO PARAMS_ORGANISM (ID, PARAM_ID, ORGANISM_ID, VALUE) VALUES (2, 2, 2, '45');
INSERT INTO PARAMS_ORGANISM (ID, PARAM_ID, ORGANISM_ID, VALUE) VALUES (3, 3, 2, '5');
INSERT INTO PARAMS_ORGANISM (ID, PARAM_ID, ORGANISM_ID, VALUE) VALUES (4, 4, 2, '15');
INSERT INTO PARAMS_ORGANISM (ID, PARAM_ID, ORGANISM_ID, VALUE) VALUES (5, 5, 2, '30');
INSERT INTO PARAMS_ORGANISM (ID, PARAM_ID, ORGANISM_ID, VALUE) VALUES (6, 6, 2, '3');
INSERT INTO PARAMS_ORGANISM (ID, PARAM_ID, ORGANISM_ID, VALUE) VALUES (7, 7, 2, '0.5');
INSERT INTO PARAMS_ORGANISM (ID, PARAM_ID, ORGANISM_ID, VALUE) VALUES (8, 8, 2, '60');
INSERT INTO PARAMS_ORGANISM (ID, PARAM_ID, ORGANISM_ID, VALUE) VALUES (9, 9, 2, '15');
INSERT INTO PARAMS_ORGANISM (ID, PARAM_ID, ORGANISM_ID, VALUE) VALUES (10, 10, 2, '15');
INSERT INTO PARAMS_ORGANISM (ID, PARAM_ID, ORGANISM_ID, VALUE) VALUES (11, 11, 2, '3');
        
INSERT INTO PARAMS_ORGANISM (ID, PARAM_ID, ORGANISM_ID, VALUE) VALUES (12, 1, 3, '30');
INSERT INTO PARAMS_ORGANISM (ID, PARAM_ID, ORGANISM_ID, VALUE) VALUES (13, 2, 3, '45');
INSERT INTO PARAMS_ORGANISM (ID, PARAM_ID, ORGANISM_ID, VALUE) VALUES (14, 3, 3, '5');
INSERT INTO PARAMS_ORGANISM (ID, PARAM_ID, ORGANISM_ID, VALUE) VALUES (15, 4, 3, '15');
INSERT INTO PARAMS_ORGANISM (ID, PARAM_ID, ORGANISM_ID, VALUE) VALUES (16, 5, 3, '30');
INSERT INTO PARAMS_ORGANISM (ID, PARAM_ID, ORGANISM_ID, VALUE) VALUES (17, 6, 3, '3');
INSERT INTO PARAMS_ORGANISM (ID, PARAM_ID, ORGANISM_ID, VALUE) VALUES (18, 7, 3, '0.5');
INSERT INTO PARAMS_ORGANISM (ID, PARAM_ID, ORGANISM_ID, VALUE) VALUES (19, 8, 3, '60');
INSERT INTO PARAMS_ORGANISM (ID, PARAM_ID, ORGANISM_ID, VALUE) VALUES (20, 9, 3, '15');
INSERT INTO PARAMS_ORGANISM (ID, PARAM_ID, ORGANISM_ID, VALUE) VALUES (21, 10, 3, '15');
INSERT INTO PARAMS_ORGANISM (ID, PARAM_ID, ORGANISM_ID, VALUE) VALUES (22, 11, 3, '3');
        
INSERT INTO PARAMS_ORGANISM (ID, PARAM_ID, ORGANISM_ID, VALUE) VALUES (23, 1, 28, '30');
INSERT INTO PARAMS_ORGANISM (ID, PARAM_ID, ORGANISM_ID, VALUE) VALUES (24, 2, 28, '45');
INSERT INTO PARAMS_ORGANISM (ID, PARAM_ID, ORGANISM_ID, VALUE) VALUES (25, 3, 28, '5');
INSERT INTO PARAMS_ORGANISM (ID, PARAM_ID, ORGANISM_ID, VALUE) VALUES (26, 4, 28, '15');
INSERT INTO PARAMS_ORGANISM (ID, PARAM_ID, ORGANISM_ID, VALUE) VALUES (27, 5, 28, '30');
INSERT INTO PARAMS_ORGANISM (ID, PARAM_ID, ORGANISM_ID, VALUE) VALUES (28, 6, 28, '3');
INSERT INTO PARAMS_ORGANISM (ID, PARAM_ID, ORGANISM_ID, VALUE) VALUES (29, 7, 28, '0.5');
INSERT INTO PARAMS_ORGANISM (ID, PARAM_ID, ORGANISM_ID, VALUE) VALUES (30, 8, 28, '60');
INSERT INTO PARAMS_ORGANISM (ID, PARAM_ID, ORGANISM_ID, VALUE) VALUES (31, 9, 28, '15');
INSERT INTO PARAMS_ORGANISM (ID, PARAM_ID, ORGANISM_ID, VALUE) VALUES (32, 10, 28, '15');
INSERT INTO PARAMS_ORGANISM (ID, PARAM_ID, ORGANISM_ID, VALUE) VALUES (33, 11, 28, '3');
        
INSERT INTO PARAMS_ORGANISM (ID, PARAM_ID, ORGANISM_ID, VALUE) VALUES (34, 1, 31, '30');
INSERT INTO PARAMS_ORGANISM (ID, PARAM_ID, ORGANISM_ID, VALUE) VALUES (35, 2, 31, '45');
INSERT INTO PARAMS_ORGANISM (ID, PARAM_ID, ORGANISM_ID, VALUE) VALUES (36, 3, 31, '5');
INSERT INTO PARAMS_ORGANISM (ID, PARAM_ID, ORGANISM_ID, VALUE) VALUES (37, 4, 31, '15');
INSERT INTO PARAMS_ORGANISM (ID, PARAM_ID, ORGANISM_ID, VALUE) VALUES (38, 5, 31, '30');
INSERT INTO PARAMS_ORGANISM (ID, PARAM_ID, ORGANISM_ID, VALUE) VALUES (39, 6, 31, '3');
INSERT INTO PARAMS_ORGANISM (ID, PARAM_ID, ORGANISM_ID, VALUE) VALUES (40, 7, 31, '0.5');
INSERT INTO PARAMS_ORGANISM (ID, PARAM_ID, ORGANISM_ID, VALUE) VALUES (41, 8, 31, '60');
INSERT INTO PARAMS_ORGANISM (ID, PARAM_ID, ORGANISM_ID, VALUE) VALUES (42, 9, 31, '15');
INSERT INTO PARAMS_ORGANISM (ID, PARAM_ID, ORGANISM_ID, VALUE) VALUES (43, 10, 31, '15');
INSERT INTO PARAMS_ORGANISM (ID, PARAM_ID, ORGANISM_ID, VALUE) VALUES (44, 11, 31, '3');
        
INSERT INTO PARAMS_ORGANISM (ID, PARAM_ID, ORGANISM_ID, VALUE) VALUES (45, 1, 32, '30');
INSERT INTO PARAMS_ORGANISM (ID, PARAM_ID, ORGANISM_ID, VALUE) VALUES (46, 2, 32, '45');
INSERT INTO PARAMS_ORGANISM (ID, PARAM_ID, ORGANISM_ID, VALUE) VALUES (47, 3, 32, '5');
INSERT INTO PARAMS_ORGANISM (ID, PARAM_ID, ORGANISM_ID, VALUE) VALUES (48, 4, 32, '15');
INSERT INTO PARAMS_ORGANISM (ID, PARAM_ID, ORGANISM_ID, VALUE) VALUES (49, 5, 32, '30');
INSERT INTO PARAMS_ORGANISM (ID, PARAM_ID, ORGANISM_ID, VALUE) VALUES (50, 6, 32, '3');
INSERT INTO PARAMS_ORGANISM (ID, PARAM_ID, ORGANISM_ID, VALUE) VALUES (51, 7, 32, '0.5');
INSERT INTO PARAMS_ORGANISM (ID, PARAM_ID, ORGANISM_ID, VALUE) VALUES (52, 8, 32, '60');
INSERT INTO PARAMS_ORGANISM (ID, PARAM_ID, ORGANISM_ID, VALUE) VALUES (53, 9, 32, '15');
INSERT INTO PARAMS_ORGANISM (ID, PARAM_ID, ORGANISM_ID, VALUE) VALUES (54, 10, 32, '15');
INSERT INTO PARAMS_ORGANISM (ID, PARAM_ID, ORGANISM_ID, VALUE) VALUES (55, 11, 32, '3');
        
INSERT INTO PARAMS_ORGANISM (ID, PARAM_ID, ORGANISM_ID, VALUE) VALUES (56, 1, 33, '30');
INSERT INTO PARAMS_ORGANISM (ID, PARAM_ID, ORGANISM_ID, VALUE) VALUES (57, 2, 33, '45');
INSERT INTO PARAMS_ORGANISM (ID, PARAM_ID, ORGANISM_ID, VALUE) VALUES (58, 3, 33, '5');
INSERT INTO PARAMS_ORGANISM (ID, PARAM_ID, ORGANISM_ID, VALUE) VALUES (59, 4, 33, '15');
INSERT INTO PARAMS_ORGANISM (ID, PARAM_ID, ORGANISM_ID, VALUE) VALUES (60, 5, 33, '30');
INSERT INTO PARAMS_ORGANISM (ID, PARAM_ID, ORGANISM_ID, VALUE) VALUES (61, 6, 33, '3');
INSERT INTO PARAMS_ORGANISM (ID, PARAM_ID, ORGANISM_ID, VALUE) VALUES (62, 7, 33, '0.5');
INSERT INTO PARAMS_ORGANISM (ID, PARAM_ID, ORGANISM_ID, VALUE) VALUES (63, 8, 33, '60');
INSERT INTO PARAMS_ORGANISM (ID, PARAM_ID, ORGANISM_ID, VALUE) VALUES (64, 9, 33, '15');
INSERT INTO PARAMS_ORGANISM (ID, PARAM_ID, ORGANISM_ID, VALUE) VALUES (65, 10, 33, '15');
INSERT INTO PARAMS_ORGANISM (ID, PARAM_ID, ORGANISM_ID, VALUE) VALUES (66, 11, 33, '3');
        
INSERT INTO PARAMS_ORGANISM (ID, PARAM_ID, ORGANISM_ID, VALUE) VALUES (67, 1, 63, '30');
INSERT INTO PARAMS_ORGANISM (ID, PARAM_ID, ORGANISM_ID, VALUE) VALUES (68, 2, 63, '45');
INSERT INTO PARAMS_ORGANISM (ID, PARAM_ID, ORGANISM_ID, VALUE) VALUES (69, 3, 63, '5');
INSERT INTO PARAMS_ORGANISM (ID, PARAM_ID, ORGANISM_ID, VALUE) VALUES (70, 4, 63, '15');
INSERT INTO PARAMS_ORGANISM (ID, PARAM_ID, ORGANISM_ID, VALUE) VALUES (71, 5, 63, '30');
INSERT INTO PARAMS_ORGANISM (ID, PARAM_ID, ORGANISM_ID, VALUE) VALUES (72, 6, 63, '3');
INSERT INTO PARAMS_ORGANISM (ID, PARAM_ID, ORGANISM_ID, VALUE) VALUES (73, 7, 63, '0.5');
INSERT INTO PARAMS_ORGANISM (ID, PARAM_ID, ORGANISM_ID, VALUE) VALUES (74, 8, 63, '60');
INSERT INTO PARAMS_ORGANISM (ID, PARAM_ID, ORGANISM_ID, VALUE) VALUES (75, 9, 63, '15');
INSERT INTO PARAMS_ORGANISM (ID, PARAM_ID, ORGANISM_ID, VALUE) VALUES (76, 10, 63, '15');
INSERT INTO PARAMS_ORGANISM (ID, PARAM_ID, ORGANISM_ID, VALUE) VALUES (77, 11, 63, '3');
        
INSERT INTO PARAMS_ORGANISM (ID, PARAM_ID, ORGANISM_ID, VALUE) VALUES (78, 1, 66, '30');
INSERT INTO PARAMS_ORGANISM (ID, PARAM_ID, ORGANISM_ID, VALUE) VALUES (79, 2, 66, '45');
INSERT INTO PARAMS_ORGANISM (ID, PARAM_ID, ORGANISM_ID, VALUE) VALUES (80, 3, 66, '5');
INSERT INTO PARAMS_ORGANISM (ID, PARAM_ID, ORGANISM_ID, VALUE) VALUES (81, 4, 66, '15');
INSERT INTO PARAMS_ORGANISM (ID, PARAM_ID, ORGANISM_ID, VALUE) VALUES (82, 5, 66, '30');
INSERT INTO PARAMS_ORGANISM (ID, PARAM_ID, ORGANISM_ID, VALUE) VALUES (83, 6, 66, '3');
INSERT INTO PARAMS_ORGANISM (ID, PARAM_ID, ORGANISM_ID, VALUE) VALUES (84, 7, 66, '0.5');
INSERT INTO PARAMS_ORGANISM (ID, PARAM_ID, ORGANISM_ID, VALUE) VALUES (85, 8, 66, '60');
INSERT INTO PARAMS_ORGANISM (ID, PARAM_ID, ORGANISM_ID, VALUE) VALUES (86, 9, 66, '15');
INSERT INTO PARAMS_ORGANISM (ID, PARAM_ID, ORGANISM_ID, VALUE) VALUES (87, 10, 66, '15');
INSERT INTO PARAMS_ORGANISM (ID, PARAM_ID, ORGANISM_ID, VALUE) VALUES (88, 11, 66, '3');
COMMIT;

/*==============================================================*/
/* Table : REP_COUNTRY                                          */
/*==============================================================*/
INSERT INTO REP_COUNTRY(COUNTRY_ID_ALPHA2, COUNTRY_ID_NUM, COUNTRY_ID_ALPHA3, LANGUAGE_CODE3, COUNTRY_NAME, COUNTRY_NAME_FR, COUNTRY_NAME_CPL, COUNTRY_NAME_CPL_FR) 
VALUES ('BG', '001', 'BG3', 'BGLC3', 'Bulgaria', 'Bulgarie', 'Bulgaria', 'Bulgaria');
INSERT INTO REP_COUNTRY(COUNTRY_ID_ALPHA2, COUNTRY_ID_NUM, COUNTRY_ID_ALPHA3, LANGUAGE_CODE3, COUNTRY_NAME, COUNTRY_NAME_FR, COUNTRY_NAME_CPL, COUNTRY_NAME_CPL_FR) 
VALUES ('TN', '002', 'TN3', 'TNLC3', 'Tunisia', 'Tunisie', 'Tunisia', 'Tunisia');
INSERT INTO REP_COUNTRY(COUNTRY_ID_ALPHA2, COUNTRY_ID_NUM, COUNTRY_ID_ALPHA3, LANGUAGE_CODE3, COUNTRY_NAME, COUNTRY_NAME_FR, COUNTRY_NAME_CPL, COUNTRY_NAME_CPL_FR) 
VALUES ('TR', '003', 'TR3', 'TRLC3', 'Turkey', 'Turquie', 'Turkey', 'Turkey');
INSERT INTO REP_COUNTRY(COUNTRY_ID_ALPHA2, COUNTRY_ID_NUM, COUNTRY_ID_ALPHA3, LANGUAGE_CODE3, COUNTRY_NAME, COUNTRY_NAME_FR, COUNTRY_NAME_CPL, COUNTRY_NAME_CPL_FR) 
VALUES ('UG', '004', 'UG3', 'UGLC3', 'Uganda', 'Uganda', 'Uganda', 'Uganda');
INSERT INTO REP_COUNTRY(COUNTRY_ID_ALPHA2, COUNTRY_ID_NUM, COUNTRY_ID_ALPHA3, LANGUAGE_CODE3, COUNTRY_NAME, COUNTRY_NAME_FR, COUNTRY_NAME_CPL, COUNTRY_NAME_CPL_FR) 
VALUES ('UA', '005', 'UA3', 'UALC3', 'Ukraine', 'Ukraine', 'Ukraine', 'Ukraine');
INSERT INTO REP_COUNTRY(COUNTRY_ID_ALPHA2, COUNTRY_ID_NUM, COUNTRY_ID_ALPHA3, LANGUAGE_CODE3, COUNTRY_NAME, COUNTRY_NAME_FR, COUNTRY_NAME_CPL, COUNTRY_NAME_CPL_FR) 
VALUES ('GB', '006', 'GB3', 'GBLC3', 'United Kingdom', 'Royaume-Uni', 'United Kingdom', 'United Kingdom');
INSERT INTO REP_COUNTRY(COUNTRY_ID_ALPHA2, COUNTRY_ID_NUM, COUNTRY_ID_ALPHA3, LANGUAGE_CODE3, COUNTRY_NAME, COUNTRY_NAME_FR, COUNTRY_NAME_CPL, COUNTRY_NAME_CPL_FR) 
VALUES ('CM', '007', 'CM3', 'CMLC3', 'Cameroon', 'Cameroun', 'Cameroon', 'Cameroun');
COMMIT;

/*==============================================================*/
/* Table : REP_NSH                                              */
/*==============================================================*/
INSERT INTO REP_NSH (GOODS_ITEM_CODE, CUSTOMS_STATUS_CODE, GOODS_ITEM_CHAPTER_CODE, GOODS_ITEM_DESC, GOODS_ITEM_DESC_EN) VALUES ('18069031004', null,null,'Autres chocolat et artciles en chocolat, fourres','Other chocolate and chocolate items vary, thickets');
INSERT INTO REP_NSH (GOODS_ITEM_CODE, CUSTOMS_STATUS_CODE, GOODS_ITEM_CHAPTER_CODE, GOODS_ITEM_DESC, GOODS_ITEM_DESC_EN) VALUES ('19059045922', null,null,'Autres biscuits non additionnes d''edulcorants ne contenant pasde cacao ou contenant moins de 20% de cacao','Other non biscuits added together to sweeteners containing ACSD cocoa or containing less than 20% cocoa');
INSERT INTO REP_NSH (GOODS_ITEM_CODE, CUSTOMS_STATUS_CODE, GOODS_ITEM_CHAPTER_CODE, GOODS_ITEM_DESC, GOODS_ITEM_DESC_EN) VALUES ('19059020101', null,null,'Pâtes alimentaires','pasta');
INSERT INTO REP_NSH (GOODS_ITEM_CODE, CUSTOMS_STATUS_CODE, GOODS_ITEM_CHAPTER_CODE, GOODS_ITEM_DESC, GOODS_ITEM_DESC_EN) VALUES ('33061000006', null,null,'Dentifrice','Toothpastes');
INSERT INTO REP_NSH (GOODS_ITEM_CODE, CUSTOMS_STATUS_CODE, GOODS_ITEM_CHAPTER_CODE, GOODS_ITEM_DESC, GOODS_ITEM_DESC_EN) VALUES ('33069000093', null,null,'Préparation pour l''hygiène buccale ou dentaire','Preparation for oral or dental hygiene');
INSERT INTO REP_NSH (GOODS_ITEM_CODE, CUSTOMS_STATUS_CODE, GOODS_ITEM_CHAPTER_CODE, GOODS_ITEM_DESC, GOODS_ITEM_DESC_EN) VALUES ('85163190005', null,null,'Sèche cheveux','Hair dryer');
INSERT INTO REP_NSH (GOODS_ITEM_CODE, CUSTOMS_STATUS_CODE, GOODS_ITEM_CHAPTER_CODE, GOODS_ITEM_DESC, GOODS_ITEM_DESC_EN) VALUES ('84263000003', null,null,'Grues sur portiques u','Gantry cranes u');
INSERT INTO REP_NSH (GOODS_ITEM_CODE, CUSTOMS_STATUS_CODE, GOODS_ITEM_CHAPTER_CODE, GOODS_ITEM_DESC, GOODS_ITEM_DESC_EN) VALUES ('90181990024', null,null,'Cardioscopes','Cardioscope');
COMMIT;

/*==============================================================*/
/* Table : SERVICES_ITEM                                        */
/*==============================================================*/
INSERT INTO SERVICES_ITEM( ID, CODE, DELETED, LABEL, TYPE, NSH_ID, SERVICE_ID) VALUES ( 1, NULL, 0,'Autres chocolat et artciles en chocolat, fourres','N','18069031004',5);
INSERT INTO SERVICES_ITEM( ID, CODE, DELETED, LABEL, TYPE, NSH_ID, SERVICE_ID) VALUES ( 2, NULL, 0, 'Autres biscuits non additionnes d''edulcorants ne contenant pasde cacao ou contenant moins de 20% de cacao', 'N', '19059045922', 5);
INSERT INTO SERVICES_ITEM( ID, CODE, DELETED, LABEL, TYPE, NSH_ID, SERVICE_ID) VALUES ( 3, NULL, 0, 'Pâtes alimentaires', 'N', '19059020101', 5);
INSERT INTO SERVICES_ITEM( ID, CODE, DELETED, LABEL, TYPE, NSH_ID, SERVICE_ID) VALUES ( 4, NULL, 0, 'Dentifrice', 'N', '33061000006', 5);
INSERT INTO SERVICES_ITEM( ID, CODE, DELETED, LABEL, TYPE, NSH_ID, SERVICE_ID) VALUES ( 5, NULL, 0, 'Préparation pour l''hygiène buccale ou dentaire', 'N', '33069000093', 5);
INSERT INTO SERVICES_ITEM( ID, CODE, DELETED, LABEL, TYPE, NSH_ID, SERVICE_ID) VALUES ( 6, NULL, 0, 'Sèche cheveux', 'N', '85163190005', 30);
INSERT INTO SERVICES_ITEM( ID, CODE, DELETED, LABEL, TYPE, NSH_ID, SERVICE_ID) VALUES ( 7, NULL, 0, 'Sèche cheveux', 'N', '85163190005', 5);
INSERT INTO SERVICES_ITEM( ID, CODE, DELETED, LABEL, TYPE, NSH_ID, SERVICE_ID) VALUES ( 8, NULL, 0, 'Cardioscopes', 'N', '90181990024', 30);
INSERT INTO SERVICES_ITEM( ID, CODE, DELETED, LABEL, TYPE, NSH_ID, SERVICE_ID) VALUES ( 9, NULL, 0, 'Grues sur portiques u', 'N', '84263000003', 30);
INSERT INTO SERVICES_ITEM( ID, CODE, DELETED, LABEL, TYPE, NSH_ID, SERVICE_ID) VALUES ( 10, '01', 0, 'Lindt', 'S', '18069031004', 5);
INSERT INTO SERVICES_ITEM( ID, CODE, DELETED, LABEL, TYPE, NSH_ID, SERVICE_ID) VALUES ( 11, '02', 0, 'Kinder', 'S', '18069031004', 5);
INSERT INTO SERVICES_ITEM( ID, CODE, DELETED, LABEL, TYPE, NSH_ID, SERVICE_ID) VALUES ( 12, '01', 0, 'seché cheveux pour coiffure', 'S', '85163190005', 5);
INSERT INTO SERVICES_ITEM( ID, CODE, DELETED, LABEL, TYPE, NSH_ID, SERVICE_ID) VALUES ( 13, '02', 0, 'seche filas (pour plomberie)', 'S', '85163190005', 30);
INSERT INTO SERVICES_ITEM( ID, CODE, DELETED, LABEL, TYPE, NSH_ID, SERVICE_ID) VALUES ( 14, '01', 0, 'Grue CAT', 'S', '84263000003', 30);
INSERT INTO SERVICES_ITEM( ID, CODE, DELETED, LABEL, TYPE, NSH_ID, SERVICE_ID) VALUES ( 15, NULL, 0, 'Grues sur portiques u', 'N', '84263000003', 65);
INSERT INTO SERVICES_ITEM( ID, CODE, DELETED, LABEL, TYPE, NSH_ID, SERVICE_ID) VALUES ( 16, '02', 0, 'Grue pour service DPM', 'S', '84263000003', 65);
INSERT INTO SERVICES_ITEM( ID, CODE, DELETED, LABEL, TYPE, NSH_ID, SERVICE_ID) VALUES ( 17, '01', 0, 'Signal 2', 'S', '33061000006', 5);
COMMIT;
/*========================*/
/*  POSITION_AUTHORITY   */
/*=======================*/

INSERT INTO POSITION_AUTHORITY (POSITION_TYPE,AUTHORITY_ID) VALUES ('MINISTRE',6);
INSERT INTO POSITION_AUTHORITY (POSITION_TYPE,AUTHORITY_ID) VALUES ('SECRETAIRE_GENERAL',6);
INSERT INTO POSITION_AUTHORITY (POSITION_TYPE,AUTHORITY_ID) VALUES ('SECRETAIRE_GENERAL',7);
INSERT INTO POSITION_AUTHORITY (POSITION_TYPE,AUTHORITY_ID) VALUES ('DIRECTEUR',6);
INSERT INTO POSITION_AUTHORITY (POSITION_TYPE,AUTHORITY_ID) VALUES ('DIRECTEUR',7);
INSERT INTO POSITION_AUTHORITY (POSITION_TYPE,AUTHORITY_ID) VALUES ('DIRECTEUR',8);
INSERT INTO POSITION_AUTHORITY (POSITION_TYPE,AUTHORITY_ID) VALUES ('SOUS_DIRECTEUR',6);
INSERT INTO POSITION_AUTHORITY (POSITION_TYPE,AUTHORITY_ID) VALUES ('SOUS_DIRECTEUR',7);
INSERT INTO POSITION_AUTHORITY (POSITION_TYPE,AUTHORITY_ID) VALUES ('SOUS_DIRECTEUR',8);
INSERT INTO POSITION_AUTHORITY (POSITION_TYPE,AUTHORITY_ID) VALUES ('SOUS_DIRECTEUR',9);
INSERT INTO POSITION_AUTHORITY (POSITION_TYPE,AUTHORITY_ID) VALUES ('CHEF_SERVICE',7);
INSERT INTO POSITION_AUTHORITY (POSITION_TYPE,AUTHORITY_ID) VALUES ('CHEF_SERVICE',8);
INSERT INTO POSITION_AUTHORITY (POSITION_TYPE,AUTHORITY_ID) VALUES ('CHEF_SERVICE',9);
INSERT INTO POSITION_AUTHORITY (POSITION_TYPE,AUTHORITY_ID) VALUES ('CHEF_SERVICE',10);
INSERT INTO POSITION_AUTHORITY (POSITION_TYPE,AUTHORITY_ID) VALUES ('CHEF_BUREAU',11);
INSERT INTO POSITION_AUTHORITY (POSITION_TYPE,AUTHORITY_ID) VALUES ('AGENT',12);
INSERT INTO POSITION_AUTHORITY (POSITION_TYPE,AUTHORITY_ID) VALUES ('AGENT',13);
INSERT INTO POSITION_AUTHORITY (POSITION_TYPE,AUTHORITY_ID) VALUES ('AGENT',14);
COMMIT;

COMMIT;