/*==============================================================*/
/* Table : FILE_TYPE                                            */
/*==============================================================*/
-- Autorisations Préalables File Types
INSERT INTO FILE_TYPE (ID, CODE, LABEL_EN, LABEL_FR) VALUES (1, 'AIE_MINADER', 'Sample import authorization', 'Autorisation d''importation des échantillons (AH)');
INSERT INTO FILE_TYPE (ID, CODE, LABEL_EN, LABEL_FR) VALUES (2, 'EH_MINADER', 'Approval study', 'Etude d''homologation (AH)');
INSERT INTO FILE_TYPE (ID, CODE, LABEL_EN, LABEL_FR) VALUES (3, 'AS_MINADER', 'Special Authorization MINADER', 'Autorisation Spéciale MINADER');
INSERT INTO FILE_TYPE (ID, CODE, LABEL_EN, LABEL_FR) VALUES (4, 'CAT_MINADER', 'Treatments Equipment Certification', 'Certification des Appareils de Traitements');
INSERT INTO FILE_TYPE (ID, CODE, LABEL_EN, LABEL_FR) VALUES (5, 'PIVPSRP_MINADER', 'Import permit and plant products subject to phytosanitary industry regulation MINADER', 'Permis d''importation des végétaux et poduits soumis à la réglémentation phytosanitaire MINADER');
INSERT INTO FILE_TYPE (ID, CODE, LABEL_EN, LABEL_FR) VALUES (6, 'DI_MINADER', 'Import declaration', 'Déclaration d''importation');
INSERT INTO FILE_TYPE (ID, CODE, LABEL_EN, LABEL_FR) VALUES (7, 'AT_MINSANTE', 'MINSANTE Technical Assessment', 'Avis Technique MINSANTE');
INSERT INTO FILE_TYPE (ID, CODE, LABEL_EN, LABEL_FR) VALUES (8, 'VTP_MINSANTE', 'Provisional Technical Visa MINSANTE', 'Visa technique provisoire MINSANTE');
INSERT INTO FILE_TYPE (ID, CODE, LABEL_EN, LABEL_FR) VALUES (9, 'VTD_MINSANTE', 'Visa Definitive Technology MINSANTE', 'Visa Technique Définitif MINSANTE');
INSERT INTO FILE_TYPE (ID, CODE, LABEL_EN, LABEL_FR) VALUES (10,'AI_MINSANTE', 'Import authorization MINSANTE', 'Autorisation d''importation MINSANTE');
INSERT INTO FILE_TYPE (ID, CODE, LABEL_EN, LABEL_FR) VALUES (11,'AI_MINMIDT', 'Authorization to import MINMIDT', 'Autorisation d''importation MINMIDT');
INSERT INTO FILE_TYPE (ID, CODE, LABEL_EN, LABEL_FR) VALUES (12,'AE_MINMIDT', ' Export authorization MINMIDT', ' Atorisation d''exportation MINMIDT');
INSERT INTO FILE_TYPE (ID, CODE, LABEL_EN, LABEL_FR) VALUES (13,'CEA_MINMIDT', 'Certificate of Expertise / Authenticity', 'Certificat d''Expertise/Authenticité');
INSERT INTO FILE_TYPE (ID, CODE, LABEL_EN, LABEL_FR) VALUES (14,'AT_MINEPIA', 'MINEPIA Technical Assessment', 'Avis Technique MINEPIA');
INSERT INTO FILE_TYPE (ID, CODE, LABEL_EN, LABEL_FR) VALUES (15,'VT_MINEPIA', 'Visa Technique MINEPIA', 'Visa Technique MINEPIA');
INSERT INTO FILE_TYPE (ID, CODE, LABEL_EN, LABEL_FR) VALUES (16,'VT_MINEPDED', 'Visa Technique MINEPDED', 'Visa Technique MINEPDED');
INSERT INTO FILE_TYPE (ID, CODE, LABEL_EN, LABEL_FR) VALUES (17,'CP_MINEPDED', 'Prior consent MINEPDED', 'Consentement Préalable MINEPDED');
INSERT INTO FILE_TYPE (ID, CODE, LABEL_EN, LABEL_FR) VALUES (18,'AS_MINFOF', 'Special Authorization MINFOF', 'Autorisation Spéciale MINFOF');
-- Certificat de Controle Technique File Types
INSERT INTO FILE_TYPE (ID, CODE, LABEL_EN, LABEL_FR) VALUES (19,'CCT_CT', 'Technical Inspection Certificate', 'Certificat de contrôle technique');
INSERT INTO FILE_TYPE (ID, CODE, LABEL_EN, LABEL_FR) VALUES (20,'CC_CT', 'Certificate of Conformity', 'Certificat de conformité');
INSERT INTO FILE_TYPE (ID, CODE, LABEL_EN, LABEL_FR) VALUES (21,'CQ_CT', 'Quality certificate', 'Certificat de qualité');
COMMIT;

/*==============================================================*/
/* Table : MINISTRY_FILE_TYPE                                   */
/*==============================================================*/
-- Minader
INSERT INTO MINISTRY_FILE_TYPE (MINISTRY_ID, FILE_TYPE_ID) VALUES (1, 1);
INSERT INTO MINISTRY_FILE_TYPE (MINISTRY_ID, FILE_TYPE_ID) VALUES (1, 2);
INSERT INTO MINISTRY_FILE_TYPE (MINISTRY_ID, FILE_TYPE_ID) VALUES (1, 3);
INSERT INTO MINISTRY_FILE_TYPE (MINISTRY_ID, FILE_TYPE_ID) VALUES (1, 4);
INSERT INTO MINISTRY_FILE_TYPE (MINISTRY_ID, FILE_TYPE_ID) VALUES (1, 5);
INSERT INTO MINISTRY_FILE_TYPE (MINISTRY_ID, FILE_TYPE_ID) VALUES (1, 6);
-- Minepia
INSERT INTO MINISTRY_FILE_TYPE (MINISTRY_ID, FILE_TYPE_ID) VALUES (27, 14);
INSERT INTO MINISTRY_FILE_TYPE (MINISTRY_ID, FILE_TYPE_ID) VALUES (27, 15);
-- Minepded
INSERT INTO MINISTRY_FILE_TYPE (MINISTRY_ID, FILE_TYPE_ID) VALUES (62, 16);
INSERT INTO MINISTRY_FILE_TYPE (MINISTRY_ID, FILE_TYPE_ID) VALUES (62, 17);
-- FileType 'CCT_CT' for all ministries
INSERT INTO MINISTRY_FILE_TYPE (MINISTRY_ID, FILE_TYPE_ID) VALUES (1, 19);
INSERT INTO MINISTRY_FILE_TYPE (MINISTRY_ID, FILE_TYPE_ID) VALUES (27, 19);
INSERT INTO MINISTRY_FILE_TYPE (MINISTRY_ID, FILE_TYPE_ID) VALUES (62, 19);
-- FileType 'CC_CT' for all ministries
INSERT INTO MINISTRY_FILE_TYPE (MINISTRY_ID, FILE_TYPE_ID) VALUES (1, 20);
INSERT INTO MINISTRY_FILE_TYPE (MINISTRY_ID, FILE_TYPE_ID) VALUES (27, 20);
INSERT INTO MINISTRY_FILE_TYPE (MINISTRY_ID, FILE_TYPE_ID) VALUES (62, 20);
-- FileType 'CQ_CT' for all ministries
INSERT INTO MINISTRY_FILE_TYPE (MINISTRY_ID, FILE_TYPE_ID) VALUES (1, 21);
INSERT INTO MINISTRY_FILE_TYPE (MINISTRY_ID, FILE_TYPE_ID) VALUES (27, 21);
INSERT INTO MINISTRY_FILE_TYPE (MINISTRY_ID, FILE_TYPE_ID) VALUES (62, 21);
COMMIT;

/*==============================================================*/
/* Table : FILE_TYPE_AUTHORITY                                  */
/*==============================================================*/

-- CCT_CT (Certificat de contrôle technique)
INSERT INTO FILE_TYPE_AUTHORITY (FILE_TYPE_ID, AUTHORITY_ID) VALUES (19, 4);
INSERT INTO FILE_TYPE_AUTHORITY (FILE_TYPE_ID, AUTHORITY_ID) VALUES (19, 5);
INSERT INTO FILE_TYPE_AUTHORITY (FILE_TYPE_ID, AUTHORITY_ID) VALUES (19, 6);
INSERT INTO FILE_TYPE_AUTHORITY (FILE_TYPE_ID, AUTHORITY_ID) VALUES (19, 12);
INSERT INTO FILE_TYPE_AUTHORITY (FILE_TYPE_ID, AUTHORITY_ID) VALUES (19, 13);
INSERT INTO FILE_TYPE_AUTHORITY (FILE_TYPE_ID, AUTHORITY_ID) VALUES (19, 14);
INSERT INTO FILE_TYPE_AUTHORITY (FILE_TYPE_ID, AUTHORITY_ID) VALUES (19, 15);
INSERT INTO FILE_TYPE_AUTHORITY (FILE_TYPE_ID, AUTHORITY_ID) VALUES (19, 16);
INSERT INTO FILE_TYPE_AUTHORITY (FILE_TYPE_ID, AUTHORITY_ID) VALUES (19, 17);
-- CC_CT (Certificat de conformité)
INSERT INTO FILE_TYPE_AUTHORITY (FILE_TYPE_ID, AUTHORITY_ID) VALUES (20, 4);
INSERT INTO FILE_TYPE_AUTHORITY (FILE_TYPE_ID, AUTHORITY_ID) VALUES (20, 5);
INSERT INTO FILE_TYPE_AUTHORITY (FILE_TYPE_ID, AUTHORITY_ID) VALUES (20, 6);
INSERT INTO FILE_TYPE_AUTHORITY (FILE_TYPE_ID, AUTHORITY_ID) VALUES (20, 12);
INSERT INTO FILE_TYPE_AUTHORITY (FILE_TYPE_ID, AUTHORITY_ID) VALUES (20, 13);
INSERT INTO FILE_TYPE_AUTHORITY (FILE_TYPE_ID, AUTHORITY_ID) VALUES (20, 14);
INSERT INTO FILE_TYPE_AUTHORITY (FILE_TYPE_ID, AUTHORITY_ID) VALUES (20, 15);
INSERT INTO FILE_TYPE_AUTHORITY (FILE_TYPE_ID, AUTHORITY_ID) VALUES (20, 16);
INSERT INTO FILE_TYPE_AUTHORITY (FILE_TYPE_ID, AUTHORITY_ID) VALUES (20, 17);
-- CQ_CT (Certificat de qualité)
INSERT INTO FILE_TYPE_AUTHORITY (FILE_TYPE_ID, AUTHORITY_ID) VALUES (21, 4);
INSERT INTO FILE_TYPE_AUTHORITY (FILE_TYPE_ID, AUTHORITY_ID) VALUES (21, 5);
INSERT INTO FILE_TYPE_AUTHORITY (FILE_TYPE_ID, AUTHORITY_ID) VALUES (21, 6);
INSERT INTO FILE_TYPE_AUTHORITY (FILE_TYPE_ID, AUTHORITY_ID) VALUES (21, 12);
INSERT INTO FILE_TYPE_AUTHORITY (FILE_TYPE_ID, AUTHORITY_ID) VALUES (21, 13);
INSERT INTO FILE_TYPE_AUTHORITY (FILE_TYPE_ID, AUTHORITY_ID) VALUES (21, 14);
INSERT INTO FILE_TYPE_AUTHORITY (FILE_TYPE_ID, AUTHORITY_ID) VALUES (21, 15);
INSERT INTO FILE_TYPE_AUTHORITY (FILE_TYPE_ID, AUTHORITY_ID) VALUES (21, 16);
INSERT INTO FILE_TYPE_AUTHORITY (FILE_TYPE_ID, AUTHORITY_ID) VALUES (21, 17);
COMMIT;

/*==============================================================*/
/* Table : STEP                                                 */
/*==============================================================*/
-- CCT Steps
INSERT INTO STEP (ID, IS_FINAL, LABELEN, LABELFR, CODE) VALUES (1, 0, 'Demande d inspection', 'Demande d inspection', 'ST_CT_01' );
INSERT INTO STEP (ID, IS_FINAL, LABELEN, LABELFR, CODE) VALUES (2, 0, 'Etude de recevabilité suite demande d inspection', 'Etude de recevabilité suite demande d inspection', 'ST_CT_02' );
INSERT INTO STEP (ID, IS_FINAL, LABELEN, LABELFR, CODE) VALUES (3, 0, 'Cotation', 'Cotation', 'ST_CT_03' );
INSERT INTO STEP (ID, IS_FINAL, LABELEN, LABELFR, CODE) VALUES (4, 0, 'Étude Approfondie', 'Étude Approfondie', 'ST_CT_04' );
INSERT INTO STEP (ID, IS_FINAL, LABELEN, LABELFR, CODE) VALUES (5, 1, 'Fin Rejet', 'Fin Rejet', 'ST_CT_05' );
INSERT INTO STEP (ID, IS_FINAL, LABELEN, LABELFR, CODE) VALUES (6, 1, 'Fin CCT-I', 'Fin CCT-I', 'ST_CT_06' );
INSERT INTO STEP (ID, IS_FINAL, LABELEN, LABELFR, CODE) VALUES (7, 0, 'Demande RDV Visite', 'Demande RDV Visite', 'ST_CT_07' );
INSERT INTO STEP (ID, IS_FINAL, LABELEN, LABELFR, CODE) VALUES (8, 0, 'Confirmation Visite à quai', 'Confirmation Visite à quai', 'ST_CT_08' );
INSERT INTO STEP (ID, IS_FINAL, LABELEN, LABELFR, CODE) VALUES (9, 0, 'Régularisation', 'Régularisation', 'ST_CT_09' );
INSERT INTO STEP (ID, IS_FINAL, LABELEN, LABELFR, CODE) VALUES (10, 0, 'Etude de recevabilité suite Demande RDV Visite', 'Etude de recevabilité suite Demande RDV Visite', 'ST_CT_10' );
INSERT INTO STEP (ID, IS_FINAL, LABELEN, LABELFR, CODE) VALUES (11, 0, 'Affectation RDV Chez Déclarant', 'Affectation RDV Chez Déclarant', 'ST_CT_11' );
INSERT INTO STEP (ID, IS_FINAL, LABELEN, LABELFR, CODE) VALUES (12, 0, 'Inspection et Prélèvement Chez Déclarant', 'Inspection et Prélèvement Chez Déclarant', 'ST_CT_12' );
INSERT INTO STEP (ID, IS_FINAL, LABELEN, LABELFR, CODE) VALUES (13, 0, 'Décision Suite Contôle', 'Décision Suite Contôle', 'ST_CT_13' );
INSERT INTO STEP (ID, IS_FINAL, LABELEN, LABELFR, CODE) VALUES (14, 0, 'Analyse', 'Analyse', 'ST_CT_14' );
INSERT INTO STEP (ID, IS_FINAL, LABELEN, LABELFR, CODE) VALUES (15, 0, 'Traitement', 'Traitement', 'ST_CT_15' );
INSERT INTO STEP (ID, IS_FINAL, LABELEN, LABELFR, CODE) VALUES (16, 0, 'Etude de recevabilité suite Confirmation Visite à Quai', 'Etude de recevabilité suite Confirmation Visite à Quai', 'ST_CT_16' );
INSERT INTO STEP (ID, IS_FINAL, LABELEN, LABELFR, CODE) VALUES (17, 0, 'Affectation RDV Visite à Quai', 'Affectation RDV Visite à Quai', 'ST_CT_17' );
INSERT INTO STEP (ID, IS_FINAL, LABELEN, LABELFR, CODE) VALUES (18, 0, 'Confirmation RDV Visite à Quai', 'Confirmation RDV Visite à Quai', 'ST_CT_18' );
INSERT INTO STEP (ID, IS_FINAL, LABELEN, LABELFR, CODE) VALUES (19, 0, 'Inspection et Prélèvement à Quai', 'Inspection et Prélèvement à Quai', 'ST_CT_19' );
INSERT INTO STEP (ID, IS_FINAL, LABELEN, LABELFR, CODE) VALUES (20, 0, 'Etude de recevabilité suite Régularisation', 'Etude de recevabilité suite Régularisation', 'ST_CT_20' );
INSERT INTO STEP (ID, IS_FINAL, LABELEN, LABELFR, CODE) VALUES (21, 0, 'Demande de Réexamen', 'Demande de Réexamen', 'ST_CT_21' );
INSERT INTO STEP (ID, IS_FINAL, LABELEN, LABELFR, CODE) VALUES (22, 0, 'Etude de recevabilité suite Demande de Réexamen', 'Etude de recevabilité suite Demande de Réexamen', 'ST_CT_22' );
INSERT INTO STEP (ID, IS_FINAL, LABELEN, LABELFR, CODE) VALUES (23, 0, 'Demande de refoulement/Destruction', 'Demande de refoulement/Destruction', 'ST_CT_23' );
INSERT INTO STEP (ID, IS_FINAL, LABELEN, LABELFR, CODE) VALUES (24, 0, 'Etude de recevabilité suite Demande de Refoulement', 'Etude de recevabilité suite Demande de Refoulement', 'ST_CT_24' );
INSERT INTO STEP (ID, IS_FINAL, LABELEN, LABELFR, CODE) VALUES (25, 0, 'Traitement RDD', 'Traitement RDD', 'ST_CT_25' );
INSERT INTO STEP (ID, IS_FINAL, LABELEN, LABELFR, CODE) VALUES (26, 1, 'Fin RDD', 'Fin RDD', 'ST_CT_26' );
INSERT INTO STEP (ID, IS_FINAL, LABELEN, LABELFR, CODE) VALUES (27, 0, 'Demande d annulation', 'Demande d annulation', 'ST_CT_27' );
INSERT INTO STEP (ID, IS_FINAL, LABELEN, LABELFR, CODE) VALUES (28, 0, 'Etude demande d annulation', 'Etude demande d annulation', 'ST_CT_28' );
INSERT INTO STEP (ID, IS_FINAL, LABELEN, LABELFR, CODE) VALUES (29, 1, 'Fin Annulation', 'Fin Annulation', 'ST_CT_29' );
INSERT INTO STEP (ID, IS_FINAL, LABELEN, LABELFR, CODE) VALUES (31, 0, 'Signature Suite CCT (de EA)', 'Signature Suite CCT (de EA)', 'ST_CT_31' );
INSERT INTO STEP (ID, IS_FINAL, LABELEN, LABELFR, CODE) VALUES (32, 0, 'Signature Suite RDD ( de EA)', 'Signature Suite RDD( de EA)', 'ST_CT_32' );
INSERT INTO STEP (ID, IS_FINAL, LABELEN, LABELFR, CODE) VALUES (33, 0, 'Signature Suite RDD Final ( de EA)', 'Signature Suite RDD Final ( de EA)', 'ST_CT_33' );
INSERT INTO STEP (ID, IS_FINAL, LABELEN, LABELFR, CODE) VALUES (34, 0, 'Signature Suite MEC (Régularisation)', 'Signature Suite MEC (Régularisation)', 'ST_CT_34' );
INSERT INTO STEP (ID, IS_FINAL, LABELEN, LABELFR, CODE) VALUES (35, 0, 'Signature Suite Visite à Quai', 'Signature Suite Visite à Quai', 'ST_CT_35' );
INSERT INTO STEP (ID, IS_FINAL, LABELEN, LABELFR, CODE) VALUES (36, 0, 'Signature Suite APE', 'Signature Suite APE', 'ST_CT_36' );
INSERT INTO STEP (ID, IS_FINAL, LABELEN, LABELFR, CODE) VALUES (37, 0, 'Signature Suite Annulation', 'Signature Suite Annulation', 'ST_CT_37' );
INSERT INTO STEP (ID, IS_FINAL, LABELEN, LABELFR, CODE) VALUES (38, 0, 'Signature Suite CCT (de DSC)', 'Signature Suite CCT (de DSC)', 'ST_CT_38' );
INSERT INTO STEP (ID, IS_FINAL, LABELEN, LABELFR, CODE) VALUES (39, 0, 'Signature Suite RDD ( de DSC)', 'Signature Suite RDD( de DSC)', 'ST_CT_39' );
INSERT INTO STEP (ID, IS_FINAL, LABELEN, LABELFR, CODE) VALUES (40, 0, 'Signature Suite RDD Final ( de DSC)', 'Signature Suite RDD Final ( de DSC)', 'ST_CT_40' );
INSERT INTO STEP (ID, IS_FINAL, LABELEN, LABELFR, CODE) VALUES (41, 0, 'Signature Suite Validation RDD', 'Signature Suite Validation RDD', 'ST_CT_41' );

-- AP Steps
INSERT INTO STEP (ID, IS_FINAL, LABELEN, LABELFR, CODE) VALUES (100, 0, 'Dépôt Dossier AP', 'Dépôt Dossier AP', 'ST_AP_42' );
INSERT INTO STEP (ID, IS_FINAL, LABELEN, LABELFR, CODE) VALUES (101, 1, 'Rejet AP', 'Rejet AP', 'ST_AP_43' );
INSERT INTO STEP (ID, IS_FINAL, LABELEN, LABELFR, CODE) VALUES (102, 1, 'Autorisation AP', 'Autorisation AP', 'ST_AP_44' );
INSERT INTO STEP (ID, IS_FINAL, LABELEN, LABELFR, CODE) VALUES (103, 1, 'Annulation AP', 'Annulation AP', 'ST_AP_45' );
INSERT INTO STEP (ID, IS_FINAL, LABELEN, LABELFR, CODE) VALUES (104, 0, 'Recevabilité AP', 'Recevabilité AP', 'ST_AP_46' );
INSERT INTO STEP (ID, IS_FINAL, LABELEN, LABELFR, CODE) VALUES (105, 0, 'Cota_1', 'Cota_1', 'ST_AP_47' );
INSERT INTO STEP (ID, IS_FINAL, LABELEN, LABELFR, CODE) VALUES (106, 0, 'Cota_2/Etude', 'Cota_2/Etude', 'ST_AP_48' );
INSERT INTO STEP (ID, IS_FINAL, LABELEN, LABELFR, CODE) VALUES (107, 0, 'Cota_3/Etude', 'Cota_3/Etude', 'ST_AP_49' );
INSERT INTO STEP (ID, IS_FINAL, LABELEN, LABELFR, CODE) VALUES (108, 0, 'Cota_4/Etude', 'Cota_4/Etude', 'ST_AP_50' );
INSERT INTO STEP (ID, IS_FINAL, LABELEN, LABELFR, CODE) VALUES (109, 0, 'Cota_5/Etude', 'Cota_5/Etude', 'ST_AP_51' );
INSERT INTO STEP (ID, IS_FINAL, LABELEN, LABELFR, CODE) VALUES (110, 0, 'Cota_6/Etude', 'Cota_6/Etude', 'ST_AP_52' );
INSERT INTO STEP (ID, IS_FINAL, LABELEN, LABELFR, CODE) VALUES (111, 0, 'Etude AP', 'Etude AP', 'ST_AP_53' );
INSERT INTO STEP (ID, IS_FINAL, LABELEN, LABELFR, CODE) VALUES (112, 0, 'Signature AP', 'Signature AP', 'ST_AP_54' );
INSERT INTO STEP (ID, IS_FINAL, LABELEN, LABELFR, CODE) VALUES (113, 0, 'Visa_2', 'Visa_2', 'ST_AP_55' );
INSERT INTO STEP (ID, IS_FINAL, LABELEN, LABELFR, CODE) VALUES (114, 0, 'Visa_3', 'Visa_3', 'ST_AP_56' );
INSERT INTO STEP (ID, IS_FINAL, LABELEN, LABELFR, CODE) VALUES (115, 0, 'Visa_4', 'Visa_4', 'ST_AP_57' );
INSERT INTO STEP (ID, IS_FINAL, LABELEN, LABELFR, CODE) VALUES (116, 0, 'Visa_5', 'Visa_5', 'ST_AP_58' );
INSERT INTO STEP (ID, IS_FINAL, LABELEN, LABELFR, CODE) VALUES (117, 0, 'Visa_6', 'Visa_6', 'ST_AP_59' );
COMMIT;

/*==============================================================*/
/* Table : STEP_AUTHORITY                                       */
/*==============================================================*/
-- Step_Authority CCT
INSERT INTO STEP_AUTHORITY (STEP_ID, AUTHORITY_ID) VALUES (1, 19);
INSERT INTO STEP_AUTHORITY (STEP_ID, AUTHORITY_ID) VALUES (2, 12);
INSERT INTO STEP_AUTHORITY (STEP_ID, AUTHORITY_ID) VALUES (3, 6);
INSERT INTO STEP_AUTHORITY (STEP_ID, AUTHORITY_ID) VALUES (4, 13);
INSERT INTO STEP_AUTHORITY (STEP_ID, AUTHORITY_ID) VALUES (5, 19);
INSERT INTO STEP_AUTHORITY (STEP_ID, AUTHORITY_ID) VALUES (6, 19);
INSERT INTO STEP_AUTHORITY (STEP_ID, AUTHORITY_ID) VALUES (7, 19);
INSERT INTO STEP_AUTHORITY (STEP_ID, AUTHORITY_ID) VALUES (8, 19);
INSERT INTO STEP_AUTHORITY (STEP_ID, AUTHORITY_ID) VALUES (9, 19);
INSERT INTO STEP_AUTHORITY (STEP_ID, AUTHORITY_ID) VALUES (10, 12);
INSERT INTO STEP_AUTHORITY (STEP_ID, AUTHORITY_ID) VALUES (11, 13);
INSERT INTO STEP_AUTHORITY (STEP_ID, AUTHORITY_ID) VALUES (12, 14);
INSERT INTO STEP_AUTHORITY (STEP_ID, AUTHORITY_ID) VALUES (13, 13);
INSERT INTO STEP_AUTHORITY (STEP_ID, AUTHORITY_ID) VALUES (14, 15);
INSERT INTO STEP_AUTHORITY (STEP_ID, AUTHORITY_ID) VALUES (15, 16);
INSERT INTO STEP_AUTHORITY (STEP_ID, AUTHORITY_ID) VALUES (16, 12);
INSERT INTO STEP_AUTHORITY (STEP_ID, AUTHORITY_ID) VALUES (17, 13);
INSERT INTO STEP_AUTHORITY (STEP_ID, AUTHORITY_ID) VALUES (18, 13);
INSERT INTO STEP_AUTHORITY (STEP_ID, AUTHORITY_ID) VALUES (19, 14);
INSERT INTO STEP_AUTHORITY (STEP_ID, AUTHORITY_ID) VALUES (20, 12);
INSERT INTO STEP_AUTHORITY (STEP_ID, AUTHORITY_ID) VALUES (21, 19);
INSERT INTO STEP_AUTHORITY (STEP_ID, AUTHORITY_ID) VALUES (22, 12);
INSERT INTO STEP_AUTHORITY (STEP_ID, AUTHORITY_ID) VALUES (23, 19);
INSERT INTO STEP_AUTHORITY (STEP_ID, AUTHORITY_ID) VALUES (24, 12);
INSERT INTO STEP_AUTHORITY (STEP_ID, AUTHORITY_ID) VALUES (25, 13);
INSERT INTO STEP_AUTHORITY (STEP_ID, AUTHORITY_ID) VALUES (26, 19);
INSERT INTO STEP_AUTHORITY (STEP_ID, AUTHORITY_ID) VALUES (27, 19);
INSERT INTO STEP_AUTHORITY (STEP_ID, AUTHORITY_ID) VALUES (28, 13);
INSERT INTO STEP_AUTHORITY (STEP_ID, AUTHORITY_ID) VALUES (29, 19);
INSERT INTO STEP_AUTHORITY (STEP_ID, AUTHORITY_ID) VALUES (31, 17);
INSERT INTO STEP_AUTHORITY (STEP_ID, AUTHORITY_ID) VALUES (32, 17);
INSERT INTO STEP_AUTHORITY (STEP_ID, AUTHORITY_ID) VALUES (33, 17);
INSERT INTO STEP_AUTHORITY (STEP_ID, AUTHORITY_ID) VALUES (34, 17);
INSERT INTO STEP_AUTHORITY (STEP_ID, AUTHORITY_ID) VALUES (35, 17);
INSERT INTO STEP_AUTHORITY (STEP_ID, AUTHORITY_ID) VALUES (36, 17);
INSERT INTO STEP_AUTHORITY (STEP_ID, AUTHORITY_ID) VALUES (37, 17);
INSERT INTO STEP_AUTHORITY (STEP_ID, AUTHORITY_ID) VALUES (38, 17);
INSERT INTO STEP_AUTHORITY (STEP_ID, AUTHORITY_ID) VALUES (39, 17);
INSERT INTO STEP_AUTHORITY (STEP_ID, AUTHORITY_ID) VALUES (40, 17);
INSERT INTO STEP_AUTHORITY (STEP_ID, AUTHORITY_ID) VALUES (41, 17);

-- Step_Authority AP
INSERT INTO STEP_AUTHORITY (STEP_ID, AUTHORITY_ID) VALUES (104, 12);
INSERT INTO STEP_AUTHORITY (STEP_ID, AUTHORITY_ID) VALUES (105, 6);
INSERT INTO STEP_AUTHORITY (STEP_ID, AUTHORITY_ID) VALUES (106, 7);
INSERT INTO STEP_AUTHORITY (STEP_ID, AUTHORITY_ID) VALUES (106, 18);
INSERT INTO STEP_AUTHORITY (STEP_ID, AUTHORITY_ID) VALUES (107, 8);
INSERT INTO STEP_AUTHORITY (STEP_ID, AUTHORITY_ID) VALUES (107, 18);
INSERT INTO STEP_AUTHORITY (STEP_ID, AUTHORITY_ID) VALUES (108, 9);
INSERT INTO STEP_AUTHORITY (STEP_ID, AUTHORITY_ID) VALUES (108, 18);
INSERT INTO STEP_AUTHORITY (STEP_ID, AUTHORITY_ID) VALUES (109, 10);
INSERT INTO STEP_AUTHORITY (STEP_ID, AUTHORITY_ID) VALUES (109, 18);
INSERT INTO STEP_AUTHORITY (STEP_ID, AUTHORITY_ID) VALUES (110, 11);
INSERT INTO STEP_AUTHORITY (STEP_ID, AUTHORITY_ID) VALUES (110, 18);
INSERT INTO STEP_AUTHORITY (STEP_ID, AUTHORITY_ID) VALUES (111, 18);
INSERT INTO STEP_AUTHORITY (STEP_ID, AUTHORITY_ID) VALUES (112, 17);
INSERT INTO STEP_AUTHORITY (STEP_ID, AUTHORITY_ID) VALUES (113, 7);
INSERT INTO STEP_AUTHORITY (STEP_ID, AUTHORITY_ID) VALUES (114, 8);
INSERT INTO STEP_AUTHORITY (STEP_ID, AUTHORITY_ID) VALUES (115, 9);
INSERT INTO STEP_AUTHORITY (STEP_ID, AUTHORITY_ID) VALUES (116, 10);
INSERT INTO STEP_AUTHORITY (STEP_ID, AUTHORITY_ID) VALUES (117, 11);
COMMIT;

/*==============================================================*/
/* Table : FLOWS                                                */
/*==============================================================*/
-- CCT Flows
INSERT INTO FLOW (ID, CODE, DURATION, IS_COTA, LABELEN, LABELFR, OUTGOING, FROM_STEP, TO_STEP) VALUES (1, 'FL_CT_01', 24, 0, 'Dépôt Dossier', 'Dépôt Dossier', 0, 1, 2 );
INSERT INTO FLOW (ID, CODE, DURATION, IS_COTA, LABELEN, LABELFR, OUTGOING, FROM_STEP, TO_STEP) VALUES (2, 'FL_CT_02', 24, 0, 'CI Suite Recevabilité Demande d inspection', 'CI Suite Recevabilité Demande d inspection', 1, 2, 1 );
INSERT INTO FLOW (ID, CODE, DURATION, IS_COTA, LABELEN, LABELFR, OUTGOING, FROM_STEP, TO_STEP) VALUES (3, 'FL_CT_03', 24, 0, 'CI Réponse - Demande d inspection', 'CI Réponse - Demande d inspection-ER', 0, 1, 2 );
INSERT INTO FLOW (ID, CODE, DURATION, IS_COTA, LABELEN, LABELFR, OUTGOING, FROM_STEP, TO_STEP) VALUES (4, 'FL_CT_04', 24, 0, 'Rejet Suite Etude de Recevabilité', 'Rejet Suite Etude de Recevabilité', 1, 2, 5 );
INSERT INTO FLOW (ID, CODE, DURATION, IS_COTA, LABELEN, LABELFR, OUTGOING, FROM_STEP, TO_STEP) VALUES (5, 'FL_CT_05', 24, 0, 'Validation pour Cotation', 'Validation pour Cotation', 0, 2, 3 );
INSERT INTO FLOW (ID, CODE, DURATION, IS_COTA, LABELEN, LABELFR, OUTGOING, FROM_STEP, TO_STEP) VALUES (6, 'FL_CT_06', 24, 1, 'Cotation', 'Cotation', 0, 3, 4 );
INSERT INTO FLOW (ID, CODE, DURATION, IS_COTA, LABELEN, LABELFR, OUTGOING, FROM_STEP, TO_STEP) VALUES (7, 'FL_CT_07', 24, 0, 'CCT pour Signature Suite EA', 'CCT pour Signature Suite EA', 0, 4, 31 );
INSERT INTO FLOW (ID, CODE, DURATION, IS_COTA, LABELEN, LABELFR, OUTGOING, FROM_STEP, TO_STEP) VALUES (8, 'FL_CT_08', 24, 0, 'Confirmation CCT (EA)', 'Confirmation CCT (EA)', 1, 31, 6 );
INSERT INTO FLOW (ID, CODE, DURATION, IS_COTA, LABELEN, LABELFR, OUTGOING, FROM_STEP, TO_STEP) VALUES (11, 'FL_CT_11', 24, 0, 'Demande de Réexamen pour Signature Suite EA', 'Demande de Réexamen pour Signature Suite EA', 0, 4, 32 );
INSERT INTO FLOW (ID, CODE, DURATION, IS_COTA, LABELEN, LABELFR, OUTGOING, FROM_STEP, TO_STEP) VALUES (12, 'FL_CT_12', 24, 0, 'Confirmation Demande de Réexamen (EA)', 'Confirmation Demande de Réexamen (EA)', 1, 32, 21 );
INSERT INTO FLOW (ID, CODE, DURATION, IS_COTA, LABELEN, LABELFR, OUTGOING, FROM_STEP, TO_STEP) VALUES (13, 'FL_CT_13', 24, 0, 'Refoulement/Destruction pour Signature Suite EA', 'Refoulement/Destruction pour Signature Suite EA', 0, 4, 33 );
INSERT INTO FLOW (ID, CODE, DURATION, IS_COTA, LABELEN, LABELFR, OUTGOING, FROM_STEP, TO_STEP) VALUES (14, 'FL_CT_14', 24, 0, 'Confirmation Demande Refoulement/Destruction (EA)', 'Confirmation Demande Refoulement/Destruction (EA)', 1, 33, 23 );
INSERT INTO FLOW (ID, CODE, DURATION, IS_COTA, LABELEN, LABELFR, OUTGOING, FROM_STEP, TO_STEP) VALUES (16, 'FL_CT_16', 24, 0, 'Confirmation de Régularisation', 'Confirmation de Régularisation', 1, 34, 9 );
INSERT INTO FLOW (ID, CODE, DURATION, IS_COTA, LABELEN, LABELFR, OUTGOING, FROM_STEP, TO_STEP) VALUES (17, 'FL_CT_17', 24, 0, 'Visite à Quai pour Signature Suite EA', 'Visite à Quai pour Signature Suite EA', 0, 4, 35 );
INSERT INTO FLOW (ID, CODE, DURATION, IS_COTA, LABELEN, LABELFR, OUTGOING, FROM_STEP, TO_STEP) VALUES (18, 'FL_CT_18', 24, 0, 'Confirmation Visite à Quai', 'Confirmation Visite à Quai', 1, 35, 8 );
INSERT INTO FLOW (ID, CODE, DURATION, IS_COTA, LABELEN, LABELFR, OUTGOING, FROM_STEP, TO_STEP) VALUES (19, 'FL_CT_19', 24, 0, 'Demande RDV Visite pour Signature Suite EA', 'Demande RDV Visite pour Signature Suite EA', 0, 4, 36 );
INSERT INTO FLOW (ID, CODE, DURATION, IS_COTA, LABELEN, LABELFR, OUTGOING, FROM_STEP, TO_STEP) VALUES (20, 'FL_CT_20', 24, 0, 'Confirmation Demande RDV VIsite', 'Confirmation Demande RDV VIsite', 1, 36, 7 );
INSERT INTO FLOW (ID, CODE, DURATION, IS_COTA, LABELEN, LABELFR, OUTGOING, FROM_STEP, TO_STEP) VALUES (21, 'FL_CT_21', 24, 0, 'Demande RDV Visite', 'Demande RDV Visite', 0, 7, 10 );
INSERT INTO FLOW (ID, CODE, DURATION, IS_COTA, LABELEN, LABELFR, OUTGOING, FROM_STEP, TO_STEP) VALUES (22, 'FL_CT_22', 24, 0, 'CI Suite Recevabilité Demande RDV Visite', 'CI Suite Recevabilité Demande RDV Visite', 1, 10, 7 );
INSERT INTO FLOW (ID, CODE, DURATION, IS_COTA, LABELEN, LABELFR, OUTGOING, FROM_STEP, TO_STEP) VALUES (23, 'FL_CT_23', 24, 0, 'Proposition RDV Visite chez Déclarant', 'Proposition RDV Visite chez Déclarant', 0, 10, 11 );
INSERT INTO FLOW (ID, CODE, DURATION, IS_COTA, LABELEN, LABELFR, OUTGOING, FROM_STEP, TO_STEP) VALUES (24, 'FL_CT_24', 24, 0, 'CI SUite Etude Approfondie', 'CI SUite Etude Approfondie', 1, 4, 1 );
INSERT INTO FLOW (ID, CODE, DURATION, IS_COTA, LABELEN, LABELFR, OUTGOING, FROM_STEP, TO_STEP) VALUES (25, 'FL_CT_25', 24, 0, 'CI Suite Affectation RDV chez Déclarant', 'CI Suite Affectation RDV chez Déclarant', 1, 11, 7 );
INSERT INTO FLOW (ID, CODE, DURATION, IS_COTA, LABELEN, LABELFR, OUTGOING, FROM_STEP, TO_STEP) VALUES (26, 'FL_CT_26', 24, 0, 'Validation RDV chez Déclarant', 'Validation RDV chez Déclarant', 0, 11, 12 );
INSERT INTO FLOW (ID, CODE, DURATION, IS_COTA, LABELEN, LABELFR, OUTGOING, FROM_STEP, TO_STEP) VALUES (27, 'FL_CT_27', 24, 0, 'Ajournement Suite Inspection chez Déclarant', 'Ajournement Suite Inspection chez Déclarant', 0, 12, 11 );
INSERT INTO FLOW (ID, CODE, DURATION, IS_COTA, LABELEN, LABELFR, OUTGOING, FROM_STEP, TO_STEP) VALUES (28, 'FL_CT_28', 24, 0, 'Saisie Constat Suite RDV chez Déclarant', 'Saisie Constat Suite RDV chez Déclarant', 0, 12, 13 );
INSERT INTO FLOW (ID, CODE, DURATION, IS_COTA, LABELEN, LABELFR, OUTGOING, FROM_STEP, TO_STEP) VALUES (29, 'FL_CT_29', 24, 0, 'Demande d Analyse', 'Demande d Analyse', 0, 13, 14 );
INSERT INTO FLOW (ID, CODE, DURATION, IS_COTA, LABELEN, LABELFR, OUTGOING, FROM_STEP, TO_STEP) VALUES (30, 'FL_CT_30', 24, 0, 'CI Suite Demande d Analyse', 'CI Suite Demande d Analyse', 0, 14, 13 );
INSERT INTO FLOW (ID, CODE, DURATION, IS_COTA, LABELEN, LABELFR, OUTGOING, FROM_STEP, TO_STEP) VALUES (31, 'FL_CT_31', 24, 0, 'envoi Résultat d Analyse', 'envoi Résultat d Analyse', 0, 14, 13 );
INSERT INTO FLOW (ID, CODE, DURATION, IS_COTA, LABELEN, LABELFR, OUTGOING, FROM_STEP, TO_STEP) VALUES (32, 'FL_CT_32', 24, 0, 'CCT pour Signature Suite DSC', 'CCT pour Signature Suite DSC', 0, 13, 38 );
INSERT INTO FLOW (ID, CODE, DURATION, IS_COTA, LABELEN, LABELFR, OUTGOING, FROM_STEP, TO_STEP) VALUES (33, 'FL_CT_33', 24, 0, 'Refoulement/Destruction pour Signature Suite DSC', 'Refoulement/Destruction pour Signature Suite DSC', 0, 13, 40 );
INSERT INTO FLOW (ID, CODE, DURATION, IS_COTA, LABELEN, LABELFR, OUTGOING, FROM_STEP, TO_STEP) VALUES (34, 'FL_CT_34', 24, 0, 'Régularisation pour Signature Suite DSC', 'Régularisation pour Signature Suite DSC', 0, 13, 34 );
INSERT INTO FLOW (ID, CODE, DURATION, IS_COTA, LABELEN, LABELFR, OUTGOING, FROM_STEP, TO_STEP) VALUES (35, 'FL_CT_35', 24, 0, 'Demande de Réexamen pour Signature Suite DSC', 'Demande de Réexamen pour Signature Suite DSC', 0, 13, 39 );
INSERT INTO FLOW (ID, CODE, DURATION, IS_COTA, LABELEN, LABELFR, OUTGOING, FROM_STEP, TO_STEP) VALUES (36, 'FL_CT_36', 24, 0, 'Confirmation Visite à Quai', 'Confirmation Visite à Quai', 0, 8, 16 );
INSERT INTO FLOW (ID, CODE, DURATION, IS_COTA, LABELEN, LABELFR, OUTGOING, FROM_STEP, TO_STEP) VALUES (37, 'FL_CT_37', 24, 0, 'CI Suite Recevabilité Confirmation Visite à Quai', 'CI Suite Recevabilité Confirmation Visite à Quai', 1, 16, 8 );
INSERT INTO FLOW (ID, CODE, DURATION, IS_COTA, LABELEN, LABELFR, OUTGOING, FROM_STEP, TO_STEP) VALUES (38, 'FL_CT_38', 24, 0, 'CI Réponse - Demande RDV Visite-ER', 'CI Réponse - Demande RDV Visite-ER', 0, 7, 10 );
INSERT INTO FLOW (ID, CODE, DURATION, IS_COTA, LABELEN, LABELFR, OUTGOING, FROM_STEP, TO_STEP) VALUES (39, 'FL_CT_39', 24, 0, 'CI Réponse - Confirmation Visite à Quai-ER', 'CI Réponse - Confirmation Visite à Quai-ER', 0, 8, 16 );
INSERT INTO FLOW (ID, CODE, DURATION, IS_COTA, LABELEN, LABELFR, OUTGOING, FROM_STEP, TO_STEP) VALUES (40, 'FL_CT_40', 24, 0, 'Validation Suite Recevabilité - Confirmation VQ', 'Validation Suite Recevabilité - Confirmation VQ', 0, 16, 17 );
INSERT INTO FLOW (ID, CODE, DURATION, IS_COTA, LABELEN, LABELFR, OUTGOING, FROM_STEP, TO_STEP) VALUES (41, 'FL_CT_41', 24, 0, 'Proposition RDV Visite à Quai', 'Proposition RDV Visite à Quai', 0, 17, 18 );
INSERT INTO FLOW (ID, CODE, DURATION, IS_COTA, LABELEN, LABELFR, OUTGOING, FROM_STEP, TO_STEP) VALUES (42, 'FL_CT_42', 24, 0, 'Validation RDV Visite à Quai', 'Validation RDV Visite à Quai', 0, 18, 19 );
INSERT INTO FLOW (ID, CODE, DURATION, IS_COTA, LABELEN, LABELFR, OUTGOING, FROM_STEP, TO_STEP) VALUES (43, 'FL_CT_43', 24, 0, 'Ajournement Suite Inspection Visite à Quai', 'Ajournement Suite Inspection Visite à Quai', 0, 19, 17 );
INSERT INTO FLOW (ID, CODE, DURATION, IS_COTA, LABELEN, LABELFR, OUTGOING, FROM_STEP, TO_STEP) VALUES (44, 'FL_CT_44', 24, 0, 'Saisie Constat Suite Visite à Quai', 'Saisie Constat Suite Visite à Quai', 0, 19, 13 );
INSERT INTO FLOW (ID, CODE, DURATION, IS_COTA, LABELEN, LABELFR, OUTGOING, FROM_STEP, TO_STEP) VALUES (45, 'FL_CT_45', 24, 0, 'Régularisation', 'Régularisation', 0, 9, 20 );
INSERT INTO FLOW (ID, CODE, DURATION, IS_COTA, LABELEN, LABELFR, OUTGOING, FROM_STEP, TO_STEP) VALUES (46, 'FL_CT_46', 24, 0, 'CI Suite Recevabilité Régularisation', 'CI Suite Recevabilité Régularisation', 1, 20, 9 );
INSERT INTO FLOW (ID, CODE, DURATION, IS_COTA, LABELEN, LABELFR, OUTGOING, FROM_STEP, TO_STEP) VALUES (47, 'FL_CT_47', 24, 0, 'CI Réponse - Régularisation', 'CI Réponse - Régularisation', 0, 9, 20 );
INSERT INTO FLOW (ID, CODE, DURATION, IS_COTA, LABELEN, LABELFR, OUTGOING, FROM_STEP, TO_STEP) VALUES (48, 'FL_CT_48', 24, 0, 'Validation Suite Recevabilité - Régularisation', 'Validation Suite Recevabilité - Régularisation', 0, 20, 13 );
INSERT INTO FLOW (ID, CODE, DURATION, IS_COTA, LABELEN, LABELFR, OUTGOING, FROM_STEP, TO_STEP) VALUES (49, 'FL_CT_49', 24, 0, 'Demande de Réexamen', 'Demande de Réexamen', 0, 21, 22 );
INSERT INTO FLOW (ID, CODE, DURATION, IS_COTA, LABELEN, LABELFR, OUTGOING, FROM_STEP, TO_STEP) VALUES (50, 'FL_CT_50', 24, 0, 'CI Suite Recevabilité Demande de Réexamen', 'CI Suite Recevabilité Demande de Réexamen', 1, 22, 21 );
INSERT INTO FLOW (ID, CODE, DURATION, IS_COTA, LABELEN, LABELFR, OUTGOING, FROM_STEP, TO_STEP) VALUES (51, 'FL_CT_51', 24, 0, 'CI Réponse - Réexamen', 'CI Réponse - Réexamen', 0, 21, 22 );
INSERT INTO FLOW (ID, CODE, DURATION, IS_COTA, LABELEN, LABELFR, OUTGOING, FROM_STEP, TO_STEP) VALUES (52, 'FL_CT_52', 24, 0, 'Validation Demande de Réexamen pour EA', 'Validation Demande de Réexamen pour EA', 0, 22, 4 );
INSERT INTO FLOW (ID, CODE, DURATION, IS_COTA, LABELEN, LABELFR, OUTGOING, FROM_STEP, TO_STEP) VALUES (53, 'FL_CT_53', 24, 0, 'Validation Demande de Réexamen pour DSC', 'Validation Demande de Réexamen pour DSC', 0, 22, 13 );
INSERT INTO FLOW (ID, CODE, DURATION, IS_COTA, LABELEN, LABELFR, OUTGOING, FROM_STEP, TO_STEP) VALUES (54, 'FL_CT_54', 24, 0, 'Refoulement/Destruction', 'Refoulement/Destruction', 0, 23, 24 );
INSERT INTO FLOW (ID, CODE, DURATION, IS_COTA, LABELEN, LABELFR, OUTGOING, FROM_STEP, TO_STEP) VALUES (55, 'FL_CT_55', 24, 0, 'CI Suite Recevabilité Refoulement/Destruction', 'CI Suite Recevabilité Refoulement/Destruction', 1, 24, 23 );
INSERT INTO FLOW (ID, CODE, DURATION, IS_COTA, LABELEN, LABELFR, OUTGOING, FROM_STEP, TO_STEP) VALUES (56, 'FL_CT_56', 24, 0, 'CI Réponse - Refoulement/Destruction-ER', 'CI Réponse - Refoulement/Destruction-ER', 0, 23, 24 );
INSERT INTO FLOW (ID, CODE, DURATION, IS_COTA, LABELEN, LABELFR, OUTGOING, FROM_STEP, TO_STEP) VALUES (57, 'FL_CT_57', 24, 0, 'Validation Suite Recevabilité - Refoulement/Destruction', 'Validation Suite Recevabilité - Refoulement/Destruction', 0, 24, 25 );
INSERT INTO FLOW (ID, CODE, DURATION, IS_COTA, LABELEN, LABELFR, OUTGOING, FROM_STEP, TO_STEP) VALUES (58, 'FL_CT_58', 24, 0, 'CI Suite Traitement RDD', 'CI Suite Traitement RDD', 1, 25, 23 );
INSERT INTO FLOW (ID, CODE, DURATION, IS_COTA, LABELEN, LABELFR, OUTGOING, FROM_STEP, TO_STEP) VALUES (59, 'FL_CT_59', 24, 0, 'RDD Final pour Signature', 'RDD Final pour Signature', 0, 25, 41 );
INSERT INTO FLOW (ID, CODE, DURATION, IS_COTA, LABELEN, LABELFR, OUTGOING, FROM_STEP, TO_STEP) VALUES (61, 'FL_CT_61', 24, 0, 'Demande d Annulation', 'Demande d Annulation', 0, 27, 28 );
INSERT INTO FLOW (ID, CODE, DURATION, IS_COTA, LABELEN, LABELFR, OUTGOING, FROM_STEP, TO_STEP) VALUES (62, 'FL_CT_62', 24, 0, 'Confirmation Annulation', 'Confirmation Annulation', 1, 28, 29 );
INSERT INTO FLOW (ID, CODE, DURATION, IS_COTA, LABELEN, LABELFR, OUTGOING, FROM_STEP, TO_STEP) VALUES (63, 'FL_CT_63', 24, 0, 'Rejet Annulation', 'Rejet Annulation', 0, 28, NULL );
INSERT INTO FLOW (ID, CODE, DURATION, IS_COTA, LABELEN, LABELFR, OUTGOING, FROM_STEP, TO_STEP) VALUES (64, 'FL_CT_64', 24, 0, 'Demande de Traitement', 'Demande de Traitement', 0, 13, 15 );
INSERT INTO FLOW (ID, CODE, DURATION, IS_COTA, LABELEN, LABELFR, OUTGOING, FROM_STEP, TO_STEP) VALUES (65, 'FL_CT_65', 24, 0, 'CI Suite Demande de Traitement', 'CI Suite Demande de Traitement', 0, 15, 13 );
INSERT INTO FLOW (ID, CODE, DURATION, IS_COTA, LABELEN, LABELFR, OUTGOING, FROM_STEP, TO_STEP) VALUES (66, 'FL_CT_66', 24, 0, 'envoi Résultat e Traitement', 'envoi Résultat e Traitement', 0, 15, 13 );
INSERT INTO FLOW (ID, CODE, DURATION, IS_COTA, LABELEN, LABELFR, OUTGOING, FROM_STEP, TO_STEP) VALUES (67, 'FL_CT_67', 24, 0, 'Annulation pour Signature', 'Annulation pour Signature', 0, 28, 37 );
INSERT INTO FLOW (ID, CODE, DURATION, IS_COTA, LABELEN, LABELFR, OUTGOING, FROM_STEP, TO_STEP) VALUES (68, 'FL_CT_68', 24, 0, 'CI Réponse - Demande d inspection-EA', 'CI Réponse - Demande d inspection-EA', 0, 1, 4 );
INSERT INTO FLOW (ID, CODE, DURATION, IS_COTA, LABELEN, LABELFR, OUTGOING, FROM_STEP, TO_STEP) VALUES (69, 'FL_CT_69', 24, 0, 'CI Réponse - Demande RDV Visite-ArdvChezD', 'CI Réponse - Demande RDV Visite-ArdvChezD', 0, 7, 11 );
INSERT INTO FLOW (ID, CODE, DURATION, IS_COTA, LABELEN, LABELFR, OUTGOING, FROM_STEP, TO_STEP) VALUES (70, 'FL_CT_70', 24, 0, 'CI Réponse - Confirmation Visite à Quai-ArdvAQuai', 'CI Réponse - Confirmation Visite à Quai-ArdvAQuai', 0, 8, 17 );
INSERT INTO FLOW (ID, CODE, DURATION, IS_COTA, LABELEN, LABELFR, OUTGOING, FROM_STEP, TO_STEP) VALUES (71, 'FL_CT_71', 24, 0, 'CI Réponse - Refoulement/Destruction-TRDD', 'CI Réponse - Refoulement/Destruction-TRDD', 0, 23, 25 );
INSERT INTO FLOW (ID, CODE, DURATION, IS_COTA, LABELEN, LABELFR, OUTGOING, FROM_STEP, TO_STEP) VALUES (72, 'FL_CT_72', 24, 0, 'Confirmation Fin RDD', 'Confirmation Fin RDD', 1, 41, 26 );
INSERT INTO FLOW (ID, CODE, DURATION, IS_COTA, LABELEN, LABELFR, OUTGOING, FROM_STEP, TO_STEP) VALUES (73, 'FL_CT_73', 24, 0, 'Confirmation Demande de Réexamen (DSC)', 'Confirmation Demande de Réexamen (DSC)', 1, 39, 21 );
INSERT INTO FLOW (ID, CODE, DURATION, IS_COTA, LABELEN, LABELFR, OUTGOING, FROM_STEP, TO_STEP) VALUES (74, 'FL_CT_74', 24, 0, 'Confirmation Demande Refoulement/Destruction (DSC)', 'Confirmation Demande Refoulement/Destruction (DSC)', 1, 40, 23 );
INSERT INTO FLOW (ID, CODE, DURATION, IS_COTA, LABELEN, LABELFR, OUTGOING, FROM_STEP, TO_STEP) VALUES (76, 'FL_CT_76', 24, 0, 'refus signature CCT', 'refus signature CCT', 0, 31, 4 );
INSERT INTO FLOW (ID, CODE, DURATION, IS_COTA, LABELEN, LABELFR, OUTGOING, FROM_STEP, TO_STEP) VALUES (77, 'FL_CT_77', 24, 0, 'refus signature RDD (EA)', 'refus signature RDD (EA)', 0, 32, 4 );
INSERT INTO FLOW (ID, CODE, DURATION, IS_COTA, LABELEN, LABELFR, OUTGOING, FROM_STEP, TO_STEP) VALUES (78, 'FL_CT_78', 24, 0, 'refus signature RDD final (EA)', 'refus signature RDD final (EA)', 0, 33, 4 );
INSERT INTO FLOW (ID, CODE, DURATION, IS_COTA, LABELEN, LABELFR, OUTGOING, FROM_STEP, TO_STEP) VALUES (79, 'FL_CT_79', 24, 0, 'refus signature régularisation', 'refus signature régularisation', 0, 34, 13 );
INSERT INTO FLOW (ID, CODE, DURATION, IS_COTA, LABELEN, LABELFR, OUTGOING, FROM_STEP, TO_STEP) VALUES (80, 'FL_CT_80', 24, 0, 'refus signature visite à quai', 'refus signature visite à quai', 0, 35, 4 );
INSERT INTO FLOW (ID, CODE, DURATION, IS_COTA, LABELEN, LABELFR, OUTGOING, FROM_STEP, TO_STEP) VALUES (81, 'FL_CT_81', 24, 0, 'refus signature APE', 'refus signature APE', 0, 36, 4 );
INSERT INTO FLOW (ID, CODE, DURATION, IS_COTA, LABELEN, LABELFR, OUTGOING, FROM_STEP, TO_STEP) VALUES (82, 'FL_CT_82', 24, 0, 'refus signature Validation RDD', 'refus signature Validation RDD', 0, 41, 25 );
INSERT INTO FLOW (ID, CODE, DURATION, IS_COTA, LABELEN, LABELFR, OUTGOING, FROM_STEP, TO_STEP) VALUES (83, 'FL_CT_83', 24, 0, 'refus signature RDD ( de DSC)', 'refus signature RDD ( de DSC)', 0, 39, 13 );
INSERT INTO FLOW (ID, CODE, DURATION, IS_COTA, LABELEN, LABELFR, OUTGOING, FROM_STEP, TO_STEP) VALUES (84, 'FL_CT_84', 24, 0, 'refus signature RDD final (de DSC)', 'refus signature RDD final (de DSC)', 0, 40, 13 );

-- AP Flows
INSERT INTO FLOW (ID, CODE, DURATION, IS_COTA, LABELEN, LABELFR, OUTGOING, FROM_STEP, TO_STEP) VALUES (100, 'FL_CT_85', 24, 0, 'Dépot dossier AP', 'Dépot dossier AP', 0, 100, 104 );
INSERT INTO FLOW (ID, CODE, DURATION, IS_COTA, LABELEN, LABELFR, OUTGOING, FROM_STEP, TO_STEP) VALUES (101, 'FL_CT_86', 24, 0, 'Complément d''information', 'Complément d''information', 1, 104, 100 );
INSERT INTO FLOW (ID, CODE, DURATION, IS_COTA, LABELEN, LABELFR, OUTGOING, FROM_STEP, TO_STEP) VALUES (102, 'FL_CT_87', 24, 0, 'Rejet AP', 'Rejet AP', 1, 104, 101 );
INSERT INTO FLOW (ID, CODE, DURATION, IS_COTA, LABELEN, LABELFR, OUTGOING, FROM_STEP, TO_STEP) VALUES (103, 'FL_CT_88', 24, 0, 'Validation pour cotation AP', 'Validation pour cotation AP', 0, 104, 105 );
INSERT INTO FLOW (ID, CODE, DURATION, IS_COTA, LABELEN, LABELFR, OUTGOING, FROM_STEP, TO_STEP) VALUES (104, 'FL_CT_89', 24, 1, 'Cotation_1', 'Cotation_1', 0, 105, 106 );
INSERT INTO FLOW (ID, CODE, DURATION, IS_COTA, LABELEN, LABELFR, OUTGOING, FROM_STEP, TO_STEP) VALUES (105, 'FL_CT_90', 24, 1, 'Cotation_2', 'Cotation_2', 0, 106, 107 );
INSERT INTO FLOW (ID, CODE, DURATION, IS_COTA, LABELEN, LABELFR, OUTGOING, FROM_STEP, TO_STEP) VALUES (106, 'FL_CT_91', 24, 1, 'Cotation_3', 'Cotation_3', 0, 107, 108 );
INSERT INTO FLOW (ID, CODE, DURATION, IS_COTA, LABELEN, LABELFR, OUTGOING, FROM_STEP, TO_STEP) VALUES (107, 'FL_CT_92', 24, 1, 'Cotation_4', 'Cotation_4', 0, 108, 109 );
INSERT INTO FLOW (ID, CODE, DURATION, IS_COTA, LABELEN, LABELFR, OUTGOING, FROM_STEP, TO_STEP) VALUES (108, 'FL_CT_93', 24, 1, 'Cotation_5', 'Cotation_5', 0, 109, 110 );
INSERT INTO FLOW (ID, CODE, DURATION, IS_COTA, LABELEN, LABELFR, OUTGOING, FROM_STEP, TO_STEP) VALUES (109, 'FL_CT_94', 24, 1, 'Cotation_6', 'Cotation_6', 0, 110, 111 );
INSERT INTO FLOW (ID, CODE, DURATION, IS_COTA, LABELEN, LABELFR, OUTGOING, FROM_STEP, TO_STEP) VALUES (110, 'FL_CT_95', 24, 0, 'Rejet Suite Cota_2', 'Rejet Suite Cota_2', 1, 106, 101 );
INSERT INTO FLOW (ID, CODE, DURATION, IS_COTA, LABELEN, LABELFR, OUTGOING, FROM_STEP, TO_STEP) VALUES (111, 'FL_CT_96', 24, 0, 'Rejet Suite Cota_3', 'Rejet Suite Cota_3', 1, 107, 101 );
INSERT INTO FLOW (ID, CODE, DURATION, IS_COTA, LABELEN, LABELFR, OUTGOING, FROM_STEP, TO_STEP) VALUES (112, 'FL_CT_97', 24, 0, 'Rejet Suite Cota_4', 'Rejet Suite Cota_4', 1, 108, 101 );
INSERT INTO FLOW (ID, CODE, DURATION, IS_COTA, LABELEN, LABELFR, OUTGOING, FROM_STEP, TO_STEP) VALUES (113, 'FL_CT_98', 24, 0, 'Rejet Suite Cota_5', 'Rejet Suite Cota_5', 1, 109, 101 );
INSERT INTO FLOW (ID, CODE, DURATION, IS_COTA, LABELEN, LABELFR, OUTGOING, FROM_STEP, TO_STEP) VALUES (114, 'FL_CT_99', 24, 0, 'Rejet Suite Cota_6', 'Rejet Suite Cota_6', 1, 110, 101 );
INSERT INTO FLOW (ID, CODE, DURATION, IS_COTA, LABELEN, LABELFR, OUTGOING, FROM_STEP, TO_STEP) VALUES (115, 'FL_CT_100', 24, 0, 'Acceptation Suite Etude AP', 'Acceptation Suite Etude AP', 0, 111, 117 );
INSERT INTO FLOW (ID, CODE, DURATION, IS_COTA, LABELEN, LABELFR, OUTGOING, FROM_STEP, TO_STEP) VALUES (116, 'FL_CT_101', 24, 0, 'Acceptation Suite Etude_6 AP', 'Acceptation Suite Etude_6 AP', 0, 110, 116 );
INSERT INTO FLOW (ID, CODE, DURATION, IS_COTA, LABELEN, LABELFR, OUTGOING, FROM_STEP, TO_STEP) VALUES (117, 'FL_CT_102', 24, 0, 'Acceptation Suite Etude_5 AP', 'Acceptation Suite Etude_5 AP', 0, 109, 115 );
INSERT INTO FLOW (ID, CODE, DURATION, IS_COTA, LABELEN, LABELFR, OUTGOING, FROM_STEP, TO_STEP) VALUES (118, 'FL_CT_103', 24, 0, 'Acceptation Suite Etude_4 AP', 'Acceptation Suite Etude_4 AP', 0, 108, 114 );
INSERT INTO FLOW (ID, CODE, DURATION, IS_COTA, LABELEN, LABELFR, OUTGOING, FROM_STEP, TO_STEP) VALUES (119, 'FL_CT_104', 24, 0, 'Acceptation Suite Etude_3 AP', 'Acceptation Suite Etude_3 AP', 0, 107, 113 );
INSERT INTO FLOW (ID, CODE, DURATION, IS_COTA, LABELEN, LABELFR, OUTGOING, FROM_STEP, TO_STEP) VALUES (120, 'FL_CT_105', 24, 0, 'Acceptation Suite Etude_2 AP', 'Acceptation Suite Etude_2 AP', 0, 106, 112 );
INSERT INTO FLOW (ID, CODE, DURATION, IS_COTA, LABELEN, LABELFR, OUTGOING, FROM_STEP, TO_STEP) VALUES (121, 'FL_CT_106', 24, 0, 'Autorisation AP Suite Signature', 'Autorisation AP Suite Signature', 0, 112, 102 );
INSERT INTO FLOW (ID, CODE, DURATION, IS_COTA, LABELEN, LABELFR, OUTGOING, FROM_STEP, TO_STEP) VALUES (122, 'FL_CT_107', 24, 0, 'Visa 6', 'Visa 6', 0, 117, 116 );
INSERT INTO FLOW (ID, CODE, DURATION, IS_COTA, LABELEN, LABELFR, OUTGOING, FROM_STEP, TO_STEP) VALUES (123, 'FL_CT_108', 24, 0, 'Visa 5', 'Visa 5', 0, 116, 115 );
INSERT INTO FLOW (ID, CODE, DURATION, IS_COTA, LABELEN, LABELFR, OUTGOING, FROM_STEP, TO_STEP) VALUES (124, 'FL_CT_109', 24, 0, 'Visa 4', 'Visa 4', 0, 115, 114 );
INSERT INTO FLOW (ID, CODE, DURATION, IS_COTA, LABELEN, LABELFR, OUTGOING, FROM_STEP, TO_STEP) VALUES (125, 'FL_CT_110', 24, 0, 'Visa 3', 'Visa 3', 0, 114, 113 );
INSERT INTO FLOW (ID, CODE, DURATION, IS_COTA, LABELEN, LABELFR, OUTGOING, FROM_STEP, TO_STEP) VALUES (126, 'FL_CT_111', 24, 0, 'Visa 2', 'Visa 2', 0, 113, 112 );
INSERT INTO FLOW (ID, CODE, DURATION, IS_COTA, LABELEN, LABELFR, OUTGOING, FROM_STEP, TO_STEP) VALUES (127, 'FL_CT_112', 24, 0, 'CI Suite Cota 1', 'CI Suite Cota 1', 1, 105, 100 );
INSERT INTO FLOW (ID, CODE, DURATION, IS_COTA, LABELEN, LABELFR, OUTGOING, FROM_STEP, TO_STEP) VALUES (128, 'FL_CT_113', 24, 0, 'CI Suite Cota 2', 'CI Suite Cota 2', 1, 106, 100 );
INSERT INTO FLOW (ID, CODE, DURATION, IS_COTA, LABELEN, LABELFR, OUTGOING, FROM_STEP, TO_STEP) VALUES (129, 'FL_CT_114', 24, 0, 'CI Suite Cota 3', 'CI Suite Cota 3', 1, 107, 100 );
INSERT INTO FLOW (ID, CODE, DURATION, IS_COTA, LABELEN, LABELFR, OUTGOING, FROM_STEP, TO_STEP) VALUES (130, 'FL_CT_115', 24, 0, 'CI Suite Cota 4', 'CI Suite Cota 4', 1, 108, 100 );
INSERT INTO FLOW (ID, CODE, DURATION, IS_COTA, LABELEN, LABELFR, OUTGOING, FROM_STEP, TO_STEP) VALUES (131, 'FL_CT_116', 24, 0, 'CI Suite Cota 5', 'CI Suite Cota 5', 1, 109, 100 );
INSERT INTO FLOW (ID, CODE, DURATION, IS_COTA, LABELEN, LABELFR, OUTGOING, FROM_STEP, TO_STEP) VALUES (132, 'FL_CT_117', 24, 0, 'CI Suite Cota 6', 'CI Suite Cota 6', 1, 110, 100 );
INSERT INTO FLOW (ID, CODE, DURATION, IS_COTA, LABELEN, LABELFR, OUTGOING, FROM_STEP, TO_STEP) VALUES (133, 'FL_CT_118', 24, 0, 'CI Suite Etude AP', 'CI Suite Etude AP', 1, 111, 100 );
INSERT INTO FLOW (ID, CODE, DURATION, IS_COTA, LABELEN, LABELFR, OUTGOING, FROM_STEP, TO_STEP) VALUES (134, 'FL_CT_119', 24, 0, 'Retour Visa 6 - Etude AP', 'Retour Visa 6 - Etude AP', 0, 117, 111 );
INSERT INTO FLOW (ID, CODE, DURATION, IS_COTA, LABELEN, LABELFR, OUTGOING, FROM_STEP, TO_STEP) VALUES (135, 'FL_CT_120', 24, 0, 'Retour Visa 5 - Etude AP', 'Retour Visa 5 - Etude AP', 0, 116, 111 );
INSERT INTO FLOW (ID, CODE, DURATION, IS_COTA, LABELEN, LABELFR, OUTGOING, FROM_STEP, TO_STEP) VALUES (136, 'FL_CT_121', 24, 0, 'Retour Visa 5 - Cota 6', 'Retour Visa 5 - Cota 6', 0, 116, 110 );
INSERT INTO FLOW (ID, CODE, DURATION, IS_COTA, LABELEN, LABELFR, OUTGOING, FROM_STEP, TO_STEP) VALUES (137, 'FL_CT_122', 24, 0, 'Retour Visa 4 - Etude AP', 'Retour Visa 4 - Atude AP', 0, 115, 111 );
INSERT INTO FLOW (ID, CODE, DURATION, IS_COTA, LABELEN, LABELFR, OUTGOING, FROM_STEP, TO_STEP) VALUES (138, 'FL_CT_123', 24, 0, 'Retour Visa 4 - Cota 6', 'Retour Visa 4 - Cota 6', 0, 115, 110 );
INSERT INTO FLOW (ID, CODE, DURATION, IS_COTA, LABELEN, LABELFR, OUTGOING, FROM_STEP, TO_STEP) VALUES (139, 'FL_CT_124', 24, 0, 'Retour Visa 4 - Cota 5', 'Retour Visa 4 - Cota 5', 0, 115, 109 );
INSERT INTO FLOW (ID, CODE, DURATION, IS_COTA, LABELEN, LABELFR, OUTGOING, FROM_STEP, TO_STEP) VALUES (140, 'FL_CT_125', 24, 0, 'Retour Visa 3 - Etude AP', 'Retour Visa 3 - Etude AP', 0, 114, 111 );
INSERT INTO FLOW (ID, CODE, DURATION, IS_COTA, LABELEN, LABELFR, OUTGOING, FROM_STEP, TO_STEP) VALUES (141, 'FL_CT_126', 24, 0, 'Retour Visa 3 - Cota 6', 'Retour Visa 3 - Cota 6', 0, 114, 110 );
INSERT INTO FLOW (ID, CODE, DURATION, IS_COTA, LABELEN, LABELFR, OUTGOING, FROM_STEP, TO_STEP) VALUES (142, 'FL_CT_127', 24, 0, 'Retour Visa 3 - Cota 5', 'Retour Visa 3 - Cota 5', 0, 114, 109 );
INSERT INTO FLOW (ID, CODE, DURATION, IS_COTA, LABELEN, LABELFR, OUTGOING, FROM_STEP, TO_STEP) VALUES (143, 'FL_CT_128', 24, 0, 'Retour Visa 3 - Cota 4', 'Retour Visa 3 - Cota 4', 0, 114, 108 );
INSERT INTO FLOW (ID, CODE, DURATION, IS_COTA, LABELEN, LABELFR, OUTGOING, FROM_STEP, TO_STEP) VALUES (144, 'FL_CT_129', 24, 0, 'Retour Visa 2 - Etude AP', 'Retour Visa 2 - Etude AP', 0, 113, 111 );
INSERT INTO FLOW (ID, CODE, DURATION, IS_COTA, LABELEN, LABELFR, OUTGOING, FROM_STEP, TO_STEP) VALUES (145, 'FL_CT_130', 24, 0, 'Retour Visa 2 - Cota 6', 'Retour Visa 2 - Cota 6', 0, 113, 110 );
INSERT INTO FLOW (ID, CODE, DURATION, IS_COTA, LABELEN, LABELFR, OUTGOING, FROM_STEP, TO_STEP) VALUES (146, 'FL_CT_131', 24, 0, 'Retour Visa 2 - Cota 5', 'Retour Visa 2 - Cota 5', 0, 113, 109 );
INSERT INTO FLOW (ID, CODE, DURATION, IS_COTA, LABELEN, LABELFR, OUTGOING, FROM_STEP, TO_STEP) VALUES (147, 'FL_CT_132', 24, 0, 'Retour Visa 2 - Cota 4', 'Retour Visa 2 - Cota 4', 0, 113, 108 );
INSERT INTO FLOW (ID, CODE, DURATION, IS_COTA, LABELEN, LABELFR, OUTGOING, FROM_STEP, TO_STEP) VALUES (148, 'FL_CT_133', 24, 0, 'Retour Visa 2 - Cota 3', 'Retour Visa 2 - Cota 3', 0, 113, 107 );
INSERT INTO FLOW (ID, CODE, DURATION, IS_COTA, LABELEN, LABELFR, OUTGOING, FROM_STEP, TO_STEP) VALUES (149, 'FL_CT_134', 24, 0, 'Retour Signature - Etude AP', 'Retour Signature - Etude AP', 0, 112, 111 );
INSERT INTO FLOW (ID, CODE, DURATION, IS_COTA, LABELEN, LABELFR, OUTGOING, FROM_STEP, TO_STEP) VALUES (150, 'FL_CT_135', 24, 0, 'Retour Signature - Cota 6', 'Retour Signature - Cota 6', 0, 112, 110 );
INSERT INTO FLOW (ID, CODE, DURATION, IS_COTA, LABELEN, LABELFR, OUTGOING, FROM_STEP, TO_STEP) VALUES (151, 'FL_CT_136', 24, 0, 'Retour Signature - Cota 5', 'Retour Signature - Cota 5', 0, 112, 109 );
INSERT INTO FLOW (ID, CODE, DURATION, IS_COTA, LABELEN, LABELFR, OUTGOING, FROM_STEP, TO_STEP) VALUES (152, 'FL_CT_137', 24, 0, 'Retour Signature - Cota 4', 'Retour Signature - Cota 4', 0, 112, 108 );
INSERT INTO FLOW (ID, CODE, DURATION, IS_COTA, LABELEN, LABELFR, OUTGOING, FROM_STEP, TO_STEP) VALUES (153, 'FL_CT_138', 24, 0, 'Retour Signature - Cota 3', 'Retour Signature - Cota 3', 0, 112, 107 );
INSERT INTO FLOW (ID, CODE, DURATION, IS_COTA, LABELEN, LABELFR, OUTGOING, FROM_STEP, TO_STEP) VALUES (154, 'FL_CT_139', 24, 0, 'Retour Signature - Cota 2', 'Retour Signature - Cota 2', 0, 112, 106 );
COMMIT;

/*==============================================================*/
/* Table : DATA_TYPE                                            */
/*==============================================================*/
-- DATA_TYPE CCT Flows
INSERT INTO DATA_TYPE (ID, FLOW_ID, LABEL, REQUIRED, TYPE) VALUES (1, 1 , 'Observation',  0, 'inputTextarea' );
INSERT INTO DATA_TYPE (ID, FLOW_ID, LABEL, REQUIRED, TYPE) VALUES (2, 2 , 'Observation',  0, 'inputTextarea' );
INSERT INTO DATA_TYPE (ID, FLOW_ID, LABEL, REQUIRED, TYPE) VALUES (3, 3 , 'Observation',  0, 'inputTextarea' );
INSERT INTO DATA_TYPE (ID, FLOW_ID, LABEL, REQUIRED, TYPE) VALUES (4, 4 , 'Observation',  0, 'inputTextarea' );
INSERT INTO DATA_TYPE (ID, FLOW_ID, LABEL, REQUIRED, TYPE) VALUES (5, 5 , 'Observation',  0, 'inputTextarea' );
INSERT INTO DATA_TYPE (ID, FLOW_ID, LABEL, REQUIRED, TYPE) VALUES (6, 6 , 'Observation',  0, 'inputTextarea' );
INSERT INTO DATA_TYPE (ID, FLOW_ID, LABEL, REQUIRED, TYPE) VALUES (7, 7 , 'Observation',  0, 'inputTextarea' );
INSERT INTO DATA_TYPE (ID, FLOW_ID, LABEL, REQUIRED, TYPE) VALUES (8, 8 , 'Observation',  0, 'inputTextarea' );
INSERT INTO DATA_TYPE (ID, FLOW_ID, LABEL, REQUIRED, TYPE) VALUES (9, 11 , 'Observation',  0, 'inputTextarea' );
INSERT INTO DATA_TYPE (ID, FLOW_ID, LABEL, REQUIRED, TYPE) VALUES (10, 12 , 'Observation',  0, 'inputTextarea' );
INSERT INTO DATA_TYPE (ID, FLOW_ID, LABEL, REQUIRED, TYPE) VALUES (11, 13 , 'Observation',  0, 'inputTextarea' );
INSERT INTO DATA_TYPE (ID, FLOW_ID, LABEL, REQUIRED, TYPE) VALUES (12, 14 , 'Observation',  0, 'inputTextarea' );
INSERT INTO DATA_TYPE (ID, FLOW_ID, LABEL, REQUIRED, TYPE) VALUES (13, 16 , 'Observation',  0, 'inputTextarea' );
INSERT INTO DATA_TYPE (ID, FLOW_ID, LABEL, REQUIRED, TYPE) VALUES (14, 17 , 'Observation',  0, 'inputTextarea' );
INSERT INTO DATA_TYPE (ID, FLOW_ID, LABEL, REQUIRED, TYPE) VALUES (15, 18 , 'Observation',  0, 'inputTextarea' );
INSERT INTO DATA_TYPE (ID, FLOW_ID, LABEL, REQUIRED, TYPE) VALUES (16, 19 , 'Observation',  0, 'inputTextarea' );
INSERT INTO DATA_TYPE (ID, FLOW_ID, LABEL, REQUIRED, TYPE) VALUES (17, 20 , 'Observation',  0, 'inputTextarea' );
INSERT INTO DATA_TYPE (ID, FLOW_ID, LABEL, REQUIRED, TYPE) VALUES (18, 21 , 'Observation',  0, 'inputTextarea' );
INSERT INTO DATA_TYPE (ID, FLOW_ID, LABEL, REQUIRED, TYPE) VALUES (19, 22 , 'Observation',  0, 'inputTextarea' );
INSERT INTO DATA_TYPE (ID, FLOW_ID, LABEL, REQUIRED, TYPE) VALUES (20, 23 , 'Observation',  0, 'inputTextarea' );
INSERT INTO DATA_TYPE (ID, FLOW_ID, LABEL, REQUIRED, TYPE) VALUES (21, 24 , 'Observation',  0, 'inputTextarea' );
INSERT INTO DATA_TYPE (ID, FLOW_ID, LABEL, REQUIRED, TYPE) VALUES (22, 25 , 'Observation',  0, 'inputTextarea' );
INSERT INTO DATA_TYPE (ID, FLOW_ID, LABEL, REQUIRED, TYPE) VALUES (23, 26 , 'Observation',  0, 'inputTextarea' );
INSERT INTO DATA_TYPE (ID, FLOW_ID, LABEL, REQUIRED, TYPE) VALUES (24, 27 , 'Observation',  0, 'inputTextarea' );
INSERT INTO DATA_TYPE (ID, FLOW_ID, LABEL, REQUIRED, TYPE) VALUES (25, 28 , 'Observation',  0, 'inputTextarea' );
INSERT INTO DATA_TYPE (ID, FLOW_ID, LABEL, REQUIRED, TYPE) VALUES (26, 29 , 'Observation',  0, 'inputTextarea' );
INSERT INTO DATA_TYPE (ID, FLOW_ID, LABEL, REQUIRED, TYPE) VALUES (27, 30 , 'Observation',  0, 'inputTextarea' );
INSERT INTO DATA_TYPE (ID, FLOW_ID, LABEL, REQUIRED, TYPE) VALUES (28, 31 , 'Observation',  0, 'inputTextarea' );
INSERT INTO DATA_TYPE (ID, FLOW_ID, LABEL, REQUIRED, TYPE) VALUES (29, 32 , 'Observation',  0, 'inputTextarea' );
INSERT INTO DATA_TYPE (ID, FLOW_ID, LABEL, REQUIRED, TYPE) VALUES (30, 33 , 'Observation',  0, 'inputTextarea' );
INSERT INTO DATA_TYPE (ID, FLOW_ID, LABEL, REQUIRED, TYPE) VALUES (31, 34 , 'Observation',  0, 'inputTextarea' );
INSERT INTO DATA_TYPE (ID, FLOW_ID, LABEL, REQUIRED, TYPE) VALUES (32, 35 , 'Observation',  0, 'inputTextarea' );
INSERT INTO DATA_TYPE (ID, FLOW_ID, LABEL, REQUIRED, TYPE) VALUES (33, 36 , 'Observation',  0, 'inputTextarea' );
INSERT INTO DATA_TYPE (ID, FLOW_ID, LABEL, REQUIRED, TYPE) VALUES (34, 37 , 'Observation',  0, 'inputTextarea' );
INSERT INTO DATA_TYPE (ID, FLOW_ID, LABEL, REQUIRED, TYPE) VALUES (35, 38 , 'Observation',  0, 'inputTextarea' );
INSERT INTO DATA_TYPE (ID, FLOW_ID, LABEL, REQUIRED, TYPE) VALUES (36, 39 , 'Observation',  0, 'inputTextarea' );
INSERT INTO DATA_TYPE (ID, FLOW_ID, LABEL, REQUIRED, TYPE) VALUES (37, 40 , 'Observation',  0, 'inputTextarea' );
INSERT INTO DATA_TYPE (ID, FLOW_ID, LABEL, REQUIRED, TYPE) VALUES (38, 41 , 'Observation',  0, 'inputTextarea' );
INSERT INTO DATA_TYPE (ID, FLOW_ID, LABEL, REQUIRED, TYPE) VALUES (39, 42 , 'Observation',  0, 'inputTextarea' );
INSERT INTO DATA_TYPE (ID, FLOW_ID, LABEL, REQUIRED, TYPE) VALUES (40, 43 , 'Observation',  0, 'inputTextarea' );
INSERT INTO DATA_TYPE (ID, FLOW_ID, LABEL, REQUIRED, TYPE) VALUES (41, 44 , 'Observation',  0, 'inputTextarea' );
INSERT INTO DATA_TYPE (ID, FLOW_ID, LABEL, REQUIRED, TYPE) VALUES (42, 45 , 'Observation',  0, 'inputTextarea' );
INSERT INTO DATA_TYPE (ID, FLOW_ID, LABEL, REQUIRED, TYPE) VALUES (43, 46 , 'Observation',  0, 'inputTextarea' );
INSERT INTO DATA_TYPE (ID, FLOW_ID, LABEL, REQUIRED, TYPE) VALUES (44, 47 , 'Observation',  0, 'inputTextarea' );
INSERT INTO DATA_TYPE (ID, FLOW_ID, LABEL, REQUIRED, TYPE) VALUES (45, 48 , 'Observation',  0, 'inputTextarea' );
INSERT INTO DATA_TYPE (ID, FLOW_ID, LABEL, REQUIRED, TYPE) VALUES (46, 49 , 'Observation',  0, 'inputTextarea' );
INSERT INTO DATA_TYPE (ID, FLOW_ID, LABEL, REQUIRED, TYPE) VALUES (47, 50 , 'Observation',  0, 'inputTextarea' );
INSERT INTO DATA_TYPE (ID, FLOW_ID, LABEL, REQUIRED, TYPE) VALUES (48, 51 , 'Observation',  0, 'inputTextarea' );
INSERT INTO DATA_TYPE (ID, FLOW_ID, LABEL, REQUIRED, TYPE) VALUES (49, 52 , 'Observation',  0, 'inputTextarea' );
INSERT INTO DATA_TYPE (ID, FLOW_ID, LABEL, REQUIRED, TYPE) VALUES (50, 53 , 'Observation',  0, 'inputTextarea' );
INSERT INTO DATA_TYPE (ID, FLOW_ID, LABEL, REQUIRED, TYPE) VALUES (51, 54 , 'Observation',  0, 'inputTextarea' );
INSERT INTO DATA_TYPE (ID, FLOW_ID, LABEL, REQUIRED, TYPE) VALUES (52, 55 , 'Observation',  0, 'inputTextarea' );
INSERT INTO DATA_TYPE (ID, FLOW_ID, LABEL, REQUIRED, TYPE) VALUES (53, 56 , 'Observation',  0, 'inputTextarea' );
INSERT INTO DATA_TYPE (ID, FLOW_ID, LABEL, REQUIRED, TYPE) VALUES (54, 57 , 'Observation',  0, 'inputTextarea' );
INSERT INTO DATA_TYPE (ID, FLOW_ID, LABEL, REQUIRED, TYPE) VALUES (55, 58 , 'Observation',  0, 'inputTextarea' );
INSERT INTO DATA_TYPE (ID, FLOW_ID, LABEL, REQUIRED, TYPE) VALUES (56, 59 , 'Observation',  0, 'inputTextarea' );
INSERT INTO DATA_TYPE (ID, FLOW_ID, LABEL, REQUIRED, TYPE) VALUES (57, 61 , 'Observation',  0, 'inputTextarea' );
INSERT INTO DATA_TYPE (ID, FLOW_ID, LABEL, REQUIRED, TYPE) VALUES (58, 62 , 'Observation',  0, 'inputTextarea' );
INSERT INTO DATA_TYPE (ID, FLOW_ID, LABEL, REQUIRED, TYPE) VALUES (59, 63 , 'Observation',  0, 'inputTextarea' );
INSERT INTO DATA_TYPE (ID, FLOW_ID, LABEL, REQUIRED, TYPE) VALUES (60, 64 , 'Observation',  0, 'inputTextarea' );
INSERT INTO DATA_TYPE (ID, FLOW_ID, LABEL, REQUIRED, TYPE) VALUES (61, 65 , 'Observation',  0, 'inputTextarea' );
INSERT INTO DATA_TYPE (ID, FLOW_ID, LABEL, REQUIRED, TYPE) VALUES (62, 66 , 'Observation',  0, 'inputTextarea' );
INSERT INTO DATA_TYPE (ID, FLOW_ID, LABEL, REQUIRED, TYPE) VALUES (63, 67 , 'Observation',  0, 'inputTextarea' );
INSERT INTO DATA_TYPE (ID, FLOW_ID, LABEL, REQUIRED, TYPE) VALUES (64, 68 , 'Observation',  0, 'inputTextarea' );
INSERT INTO DATA_TYPE (ID, FLOW_ID, LABEL, REQUIRED, TYPE) VALUES (65, 69 , 'Observation',  0, 'inputTextarea' );
INSERT INTO DATA_TYPE (ID, FLOW_ID, LABEL, REQUIRED, TYPE) VALUES (66, 70 , 'Observation',  0, 'inputTextarea' );
INSERT INTO DATA_TYPE (ID, FLOW_ID, LABEL, REQUIRED, TYPE) VALUES (67, 71 , 'Observation',  0, 'inputTextarea' );
INSERT INTO DATA_TYPE (ID, FLOW_ID, LABEL, REQUIRED, TYPE) VALUES (68, 72 , 'Observation',  0, 'inputTextarea' );
INSERT INTO DATA_TYPE (ID, FLOW_ID, LABEL, REQUIRED, TYPE) VALUES (69, 73 , 'Observation',  0, 'inputTextarea' );
INSERT INTO DATA_TYPE (ID, FLOW_ID, LABEL, REQUIRED, TYPE) VALUES (70, 74 , 'Observation',  0, 'inputTextarea' );
INSERT INTO DATA_TYPE (ID, FLOW_ID, LABEL, REQUIRED, TYPE) VALUES (71, 76 , 'Observation',  0, 'inputTextarea' );
INSERT INTO DATA_TYPE (ID, FLOW_ID, LABEL, REQUIRED, TYPE) VALUES (72, 77 , 'Observation',  0, 'inputTextarea' );
INSERT INTO DATA_TYPE (ID, FLOW_ID, LABEL, REQUIRED, TYPE) VALUES (73, 78 , 'Observation',  0, 'inputTextarea' );
INSERT INTO DATA_TYPE (ID, FLOW_ID, LABEL, REQUIRED, TYPE) VALUES (74, 79 , 'Observation',  0, 'inputTextarea' );
INSERT INTO DATA_TYPE (ID, FLOW_ID, LABEL, REQUIRED, TYPE) VALUES (75, 80 , 'Observation',  0, 'inputTextarea' );
INSERT INTO DATA_TYPE (ID, FLOW_ID, LABEL, REQUIRED, TYPE) VALUES (76, 81 , 'Observation',  0, 'inputTextarea' );
INSERT INTO DATA_TYPE (ID, FLOW_ID, LABEL, REQUIRED, TYPE) VALUES (77, 82 , 'Observation',  0, 'inputTextarea' );
INSERT INTO DATA_TYPE (ID, FLOW_ID, LABEL, REQUIRED, TYPE) VALUES (78, 83 , 'Observation',  0, 'inputTextarea' );
INSERT INTO DATA_TYPE (ID, FLOW_ID, LABEL, REQUIRED, TYPE) VALUES (79, 84 , 'Observation',  0, 'inputTextarea' );

-- DATA_TYPE AP Flows
INSERT INTO DATA_TYPE (ID, FLOW_ID, LABEL, REQUIRED, TYPE) VALUES (80, 100, 'Observation',  0, 'inputTextarea' );
INSERT INTO DATA_TYPE (ID, FLOW_ID, LABEL, REQUIRED, TYPE) VALUES (81, 101, 'Observation',  0, 'inputTextarea' );
INSERT INTO DATA_TYPE (ID, FLOW_ID, LABEL, REQUIRED, TYPE) VALUES (82, 102, 'Observation',  0, 'inputTextarea' );
INSERT INTO DATA_TYPE (ID, FLOW_ID, LABEL, REQUIRED, TYPE) VALUES (83, 103, 'Observation',  0, 'inputTextarea' );
INSERT INTO DATA_TYPE (ID, FLOW_ID, LABEL, REQUIRED, TYPE) VALUES (84, 104, 'Observation',  0, 'inputTextarea' );
INSERT INTO DATA_TYPE (ID, FLOW_ID, LABEL, REQUIRED, TYPE) VALUES (85, 105, 'Observation',  0, 'inputTextarea' );
INSERT INTO DATA_TYPE (ID, FLOW_ID, LABEL, REQUIRED, TYPE) VALUES (86, 106, 'Observation',  0, 'inputTextarea' );
INSERT INTO DATA_TYPE (ID, FLOW_ID, LABEL, REQUIRED, TYPE) VALUES (87, 107, 'Observation',  0, 'inputTextarea' );
INSERT INTO DATA_TYPE (ID, FLOW_ID, LABEL, REQUIRED, TYPE) VALUES (88, 108, 'Observation',  0, 'inputTextarea' );
INSERT INTO DATA_TYPE (ID, FLOW_ID, LABEL, REQUIRED, TYPE) VALUES (89, 109, 'Observation',  0, 'inputTextarea' );
INSERT INTO DATA_TYPE (ID, FLOW_ID, LABEL, REQUIRED, TYPE) VALUES (90, 110, 'Observation',  0, 'inputTextarea' );
INSERT INTO DATA_TYPE (ID, FLOW_ID, LABEL, REQUIRED, TYPE) VALUES (91, 111, 'Observation',  0, 'inputTextarea' );
INSERT INTO DATA_TYPE (ID, FLOW_ID, LABEL, REQUIRED, TYPE) VALUES (92, 112, 'Observation',  0, 'inputTextarea' );
INSERT INTO DATA_TYPE (ID, FLOW_ID, LABEL, REQUIRED, TYPE) VALUES (93, 113, 'Observation',  0, 'inputTextarea' );
INSERT INTO DATA_TYPE (ID, FLOW_ID, LABEL, REQUIRED, TYPE) VALUES (94, 114, 'Observation',  0, 'inputTextarea' );
INSERT INTO DATA_TYPE (ID, FLOW_ID, LABEL, REQUIRED, TYPE) VALUES (95, 115, 'Observation',  0, 'inputTextarea' );
INSERT INTO DATA_TYPE (ID, FLOW_ID, LABEL, REQUIRED, TYPE) VALUES (96, 116, 'Observation',  0, 'inputTextarea' );
INSERT INTO DATA_TYPE (ID, FLOW_ID, LABEL, REQUIRED, TYPE) VALUES (97, 117, 'Observation',  0, 'inputTextarea' );
INSERT INTO DATA_TYPE (ID, FLOW_ID, LABEL, REQUIRED, TYPE) VALUES (98, 118, 'Observation',  0, 'inputTextarea' );
INSERT INTO DATA_TYPE (ID, FLOW_ID, LABEL, REQUIRED, TYPE) VALUES (99, 119, 'Observation',  0, 'inputTextarea' );
INSERT INTO DATA_TYPE (ID, FLOW_ID, LABEL, REQUIRED, TYPE) VALUES (100, 120, 'Observation',  0, 'inputTextarea' );
INSERT INTO DATA_TYPE (ID, FLOW_ID, LABEL, REQUIRED, TYPE) VALUES (101, 121, 'Observation',  0, 'inputTextarea' );
INSERT INTO DATA_TYPE (ID, FLOW_ID, LABEL, REQUIRED, TYPE) VALUES (102, 122, 'Observation',  0, 'inputTextarea' );
INSERT INTO DATA_TYPE (ID, FLOW_ID, LABEL, REQUIRED, TYPE) VALUES (103, 123, 'Observation',  0, 'inputTextarea' );
INSERT INTO DATA_TYPE (ID, FLOW_ID, LABEL, REQUIRED, TYPE) VALUES (104, 124, 'Observation',  0, 'inputTextarea' );
INSERT INTO DATA_TYPE (ID, FLOW_ID, LABEL, REQUIRED, TYPE) VALUES (105, 125, 'Observation',  0, 'inputTextarea' );
INSERT INTO DATA_TYPE (ID, FLOW_ID, LABEL, REQUIRED, TYPE) VALUES (106, 126, 'Observation',  0, 'inputTextarea' );
INSERT INTO DATA_TYPE (ID, FLOW_ID, LABEL, REQUIRED, TYPE) VALUES (107, 127, 'Observation',  0, 'inputTextarea' );
INSERT INTO DATA_TYPE (ID, FLOW_ID, LABEL, REQUIRED, TYPE) VALUES (108, 128, 'Observation',  0, 'inputTextarea' );
INSERT INTO DATA_TYPE (ID, FLOW_ID, LABEL, REQUIRED, TYPE) VALUES (109, 129, 'Observation',  0, 'inputTextarea' );
INSERT INTO DATA_TYPE (ID, FLOW_ID, LABEL, REQUIRED, TYPE) VALUES (110, 130, 'Observation',  0, 'inputTextarea' );
INSERT INTO DATA_TYPE (ID, FLOW_ID, LABEL, REQUIRED, TYPE) VALUES (111, 131, 'Observation',  0, 'inputTextarea' );
INSERT INTO DATA_TYPE (ID, FLOW_ID, LABEL, REQUIRED, TYPE) VALUES (112, 132, 'Observation',  0, 'inputTextarea' );
INSERT INTO DATA_TYPE (ID, FLOW_ID, LABEL, REQUIRED, TYPE) VALUES (113, 133, 'Observation',  0, 'inputTextarea' );
INSERT INTO DATA_TYPE (ID, FLOW_ID, LABEL, REQUIRED, TYPE) VALUES (114, 134, 'Observation',  0, 'inputTextarea' );
INSERT INTO DATA_TYPE (ID, FLOW_ID, LABEL, REQUIRED, TYPE) VALUES (115, 135, 'Observation',  0, 'inputTextarea' );
INSERT INTO DATA_TYPE (ID, FLOW_ID, LABEL, REQUIRED, TYPE) VALUES (116, 136, 'Observation',  0, 'inputTextarea' );
INSERT INTO DATA_TYPE (ID, FLOW_ID, LABEL, REQUIRED, TYPE) VALUES (117, 137, 'Observation',  0, 'inputTextarea' );
INSERT INTO DATA_TYPE (ID, FLOW_ID, LABEL, REQUIRED, TYPE) VALUES (118, 138, 'Observation',  0, 'inputTextarea' );
INSERT INTO DATA_TYPE (ID, FLOW_ID, LABEL, REQUIRED, TYPE) VALUES (119, 139, 'Observation',  0, 'inputTextarea' );
INSERT INTO DATA_TYPE (ID, FLOW_ID, LABEL, REQUIRED, TYPE) VALUES (120, 140, 'Observation',  0, 'inputTextarea' );
INSERT INTO DATA_TYPE (ID, FLOW_ID, LABEL, REQUIRED, TYPE) VALUES (121, 141, 'Observation',  0, 'inputTextarea' );
INSERT INTO DATA_TYPE (ID, FLOW_ID, LABEL, REQUIRED, TYPE) VALUES (122, 142, 'Observation',  0, 'inputTextarea' );
INSERT INTO DATA_TYPE (ID, FLOW_ID, LABEL, REQUIRED, TYPE) VALUES (123, 143, 'Observation',  0, 'inputTextarea' );
INSERT INTO DATA_TYPE (ID, FLOW_ID, LABEL, REQUIRED, TYPE) VALUES (124, 144, 'Observation',  0, 'inputTextarea' );
INSERT INTO DATA_TYPE (ID, FLOW_ID, LABEL, REQUIRED, TYPE) VALUES (125, 145, 'Observation',  0, 'inputTextarea' );
INSERT INTO DATA_TYPE (ID, FLOW_ID, LABEL, REQUIRED, TYPE) VALUES (126, 146, 'Observation',  0, 'inputTextarea' );
INSERT INTO DATA_TYPE (ID, FLOW_ID, LABEL, REQUIRED, TYPE) VALUES (127, 147, 'Observation',  0, 'inputTextarea' );
INSERT INTO DATA_TYPE (ID, FLOW_ID, LABEL, REQUIRED, TYPE) VALUES (128, 148, 'Observation',  0, 'inputTextarea' );
INSERT INTO DATA_TYPE (ID, FLOW_ID, LABEL, REQUIRED, TYPE) VALUES (129, 149, 'Observation',  0, 'inputTextarea' );
INSERT INTO DATA_TYPE (ID, FLOW_ID, LABEL, REQUIRED, TYPE) VALUES (130, 150, 'Observation',  0, 'inputTextarea' );
INSERT INTO DATA_TYPE (ID, FLOW_ID, LABEL, REQUIRED, TYPE) VALUES (131, 151, 'Observation',  0, 'inputTextarea' );
INSERT INTO DATA_TYPE (ID, FLOW_ID, LABEL, REQUIRED, TYPE) VALUES (132, 152, 'Observation',  0, 'inputTextarea' );
INSERT INTO DATA_TYPE (ID, FLOW_ID, LABEL, REQUIRED, TYPE) VALUES (133, 153, 'Observation',  0, 'inputTextarea' );
INSERT INTO DATA_TYPE (ID, FLOW_ID, LABEL, REQUIRED, TYPE) VALUES (134, 154, 'Observation',  0, 'inputTextarea' );
COMMIT;

/*==============================================================*/
/* Table : FILE_TYPE_STEP                                       */
/*==============================================================*/

-- CCT_CT (Certificat de contrôle technique)
INSERT INTO FILE_TYPE_STEP (FILE_TYPE_ID, STEP_ID) VALUES (19, 1);
INSERT INTO FILE_TYPE_STEP (FILE_TYPE_ID, STEP_ID) VALUES (19, 2);
INSERT INTO FILE_TYPE_STEP (FILE_TYPE_ID, STEP_ID) VALUES (19, 3);
INSERT INTO FILE_TYPE_STEP (FILE_TYPE_ID, STEP_ID) VALUES (19, 4);
INSERT INTO FILE_TYPE_STEP (FILE_TYPE_ID, STEP_ID) VALUES (19, 5);
INSERT INTO FILE_TYPE_STEP (FILE_TYPE_ID, STEP_ID) VALUES (19, 6);
INSERT INTO FILE_TYPE_STEP (FILE_TYPE_ID, STEP_ID) VALUES (19, 7);
INSERT INTO FILE_TYPE_STEP (FILE_TYPE_ID, STEP_ID) VALUES (19, 8);
INSERT INTO FILE_TYPE_STEP (FILE_TYPE_ID, STEP_ID) VALUES (19, 9);
INSERT INTO FILE_TYPE_STEP (FILE_TYPE_ID, STEP_ID) VALUES (19, 10);
INSERT INTO FILE_TYPE_STEP (FILE_TYPE_ID, STEP_ID) VALUES (19, 11);
INSERT INTO FILE_TYPE_STEP (FILE_TYPE_ID, STEP_ID) VALUES (19, 12);
INSERT INTO FILE_TYPE_STEP (FILE_TYPE_ID, STEP_ID) VALUES (19, 13);
INSERT INTO FILE_TYPE_STEP (FILE_TYPE_ID, STEP_ID) VALUES (19, 14);
INSERT INTO FILE_TYPE_STEP (FILE_TYPE_ID, STEP_ID) VALUES (19, 15);
INSERT INTO FILE_TYPE_STEP (FILE_TYPE_ID, STEP_ID) VALUES (19, 16);
INSERT INTO FILE_TYPE_STEP (FILE_TYPE_ID, STEP_ID) VALUES (19, 17);
INSERT INTO FILE_TYPE_STEP (FILE_TYPE_ID, STEP_ID) VALUES (19, 18);
INSERT INTO FILE_TYPE_STEP (FILE_TYPE_ID, STEP_ID) VALUES (19, 19);
INSERT INTO FILE_TYPE_STEP (FILE_TYPE_ID, STEP_ID) VALUES (19, 20);
INSERT INTO FILE_TYPE_STEP (FILE_TYPE_ID, STEP_ID) VALUES (19, 21);
INSERT INTO FILE_TYPE_STEP (FILE_TYPE_ID, STEP_ID) VALUES (19, 22);
INSERT INTO FILE_TYPE_STEP (FILE_TYPE_ID, STEP_ID) VALUES (19, 23);
INSERT INTO FILE_TYPE_STEP (FILE_TYPE_ID, STEP_ID) VALUES (19, 24);
INSERT INTO FILE_TYPE_STEP (FILE_TYPE_ID, STEP_ID) VALUES (19, 25);
INSERT INTO FILE_TYPE_STEP (FILE_TYPE_ID, STEP_ID) VALUES (19, 26);
INSERT INTO FILE_TYPE_STEP (FILE_TYPE_ID, STEP_ID) VALUES (19, 27);
INSERT INTO FILE_TYPE_STEP (FILE_TYPE_ID, STEP_ID) VALUES (19, 28);
INSERT INTO FILE_TYPE_STEP (FILE_TYPE_ID, STEP_ID) VALUES (19, 29);
INSERT INTO FILE_TYPE_STEP (FILE_TYPE_ID, STEP_ID) VALUES (19, 31);
INSERT INTO FILE_TYPE_STEP (FILE_TYPE_ID, STEP_ID) VALUES (19, 32);
INSERT INTO FILE_TYPE_STEP (FILE_TYPE_ID, STEP_ID) VALUES (19, 33);
INSERT INTO FILE_TYPE_STEP (FILE_TYPE_ID, STEP_ID) VALUES (19, 34);
INSERT INTO FILE_TYPE_STEP (FILE_TYPE_ID, STEP_ID) VALUES (19, 35);
INSERT INTO FILE_TYPE_STEP (FILE_TYPE_ID, STEP_ID) VALUES (19, 36);
INSERT INTO FILE_TYPE_STEP (FILE_TYPE_ID, STEP_ID) VALUES (19, 37);
INSERT INTO FILE_TYPE_STEP (FILE_TYPE_ID, STEP_ID) VALUES (19, 38);
INSERT INTO FILE_TYPE_STEP (FILE_TYPE_ID, STEP_ID) VALUES (19, 39);
INSERT INTO FILE_TYPE_STEP (FILE_TYPE_ID, STEP_ID) VALUES (19, 40);
INSERT INTO FILE_TYPE_STEP (FILE_TYPE_ID, STEP_ID) VALUES (19, 41);

-- CC_CT (Certificat de conformité)
INSERT INTO FILE_TYPE_STEP (FILE_TYPE_ID, STEP_ID) VALUES (20, 1);
INSERT INTO FILE_TYPE_STEP (FILE_TYPE_ID, STEP_ID) VALUES (20, 2);
INSERT INTO FILE_TYPE_STEP (FILE_TYPE_ID, STEP_ID) VALUES (20, 3);
INSERT INTO FILE_TYPE_STEP (FILE_TYPE_ID, STEP_ID) VALUES (20, 4);
INSERT INTO FILE_TYPE_STEP (FILE_TYPE_ID, STEP_ID) VALUES (20, 5);
INSERT INTO FILE_TYPE_STEP (FILE_TYPE_ID, STEP_ID) VALUES (20, 6);
INSERT INTO FILE_TYPE_STEP (FILE_TYPE_ID, STEP_ID) VALUES (20, 7);
INSERT INTO FILE_TYPE_STEP (FILE_TYPE_ID, STEP_ID) VALUES (20, 8);
INSERT INTO FILE_TYPE_STEP (FILE_TYPE_ID, STEP_ID) VALUES (20, 9);
INSERT INTO FILE_TYPE_STEP (FILE_TYPE_ID, STEP_ID) VALUES (20, 10);
INSERT INTO FILE_TYPE_STEP (FILE_TYPE_ID, STEP_ID) VALUES (20, 11);
INSERT INTO FILE_TYPE_STEP (FILE_TYPE_ID, STEP_ID) VALUES (20, 12);
INSERT INTO FILE_TYPE_STEP (FILE_TYPE_ID, STEP_ID) VALUES (20, 13);
INSERT INTO FILE_TYPE_STEP (FILE_TYPE_ID, STEP_ID) VALUES (20, 14);
INSERT INTO FILE_TYPE_STEP (FILE_TYPE_ID, STEP_ID) VALUES (20, 15);
INSERT INTO FILE_TYPE_STEP (FILE_TYPE_ID, STEP_ID) VALUES (20, 16);
INSERT INTO FILE_TYPE_STEP (FILE_TYPE_ID, STEP_ID) VALUES (20, 17);
INSERT INTO FILE_TYPE_STEP (FILE_TYPE_ID, STEP_ID) VALUES (20, 18);
INSERT INTO FILE_TYPE_STEP (FILE_TYPE_ID, STEP_ID) VALUES (20, 19);
INSERT INTO FILE_TYPE_STEP (FILE_TYPE_ID, STEP_ID) VALUES (20, 20);
INSERT INTO FILE_TYPE_STEP (FILE_TYPE_ID, STEP_ID) VALUES (20, 21);
INSERT INTO FILE_TYPE_STEP (FILE_TYPE_ID, STEP_ID) VALUES (20, 22);
INSERT INTO FILE_TYPE_STEP (FILE_TYPE_ID, STEP_ID) VALUES (20, 23);
INSERT INTO FILE_TYPE_STEP (FILE_TYPE_ID, STEP_ID) VALUES (20, 24);
INSERT INTO FILE_TYPE_STEP (FILE_TYPE_ID, STEP_ID) VALUES (20, 25);
INSERT INTO FILE_TYPE_STEP (FILE_TYPE_ID, STEP_ID) VALUES (20, 26);
INSERT INTO FILE_TYPE_STEP (FILE_TYPE_ID, STEP_ID) VALUES (20, 27);
INSERT INTO FILE_TYPE_STEP (FILE_TYPE_ID, STEP_ID) VALUES (20, 28);
INSERT INTO FILE_TYPE_STEP (FILE_TYPE_ID, STEP_ID) VALUES (20, 29);
INSERT INTO FILE_TYPE_STEP (FILE_TYPE_ID, STEP_ID) VALUES (20, 31);
INSERT INTO FILE_TYPE_STEP (FILE_TYPE_ID, STEP_ID) VALUES (20, 32);
INSERT INTO FILE_TYPE_STEP (FILE_TYPE_ID, STEP_ID) VALUES (20, 33);
INSERT INTO FILE_TYPE_STEP (FILE_TYPE_ID, STEP_ID) VALUES (20, 34);
INSERT INTO FILE_TYPE_STEP (FILE_TYPE_ID, STEP_ID) VALUES (20, 35);
INSERT INTO FILE_TYPE_STEP (FILE_TYPE_ID, STEP_ID) VALUES (20, 36);
INSERT INTO FILE_TYPE_STEP (FILE_TYPE_ID, STEP_ID) VALUES (20, 37);
INSERT INTO FILE_TYPE_STEP (FILE_TYPE_ID, STEP_ID) VALUES (20, 38);
INSERT INTO FILE_TYPE_STEP (FILE_TYPE_ID, STEP_ID) VALUES (20, 39);
INSERT INTO FILE_TYPE_STEP (FILE_TYPE_ID, STEP_ID) VALUES (20, 40);
INSERT INTO FILE_TYPE_STEP (FILE_TYPE_ID, STEP_ID) VALUES (20, 41);

-- CQ_CT (Certificat de qualité)
INSERT INTO FILE_TYPE_STEP (FILE_TYPE_ID, STEP_ID) VALUES (21, 1);
INSERT INTO FILE_TYPE_STEP (FILE_TYPE_ID, STEP_ID) VALUES (21, 2);
INSERT INTO FILE_TYPE_STEP (FILE_TYPE_ID, STEP_ID) VALUES (21, 3);
INSERT INTO FILE_TYPE_STEP (FILE_TYPE_ID, STEP_ID) VALUES (21, 4);
INSERT INTO FILE_TYPE_STEP (FILE_TYPE_ID, STEP_ID) VALUES (21, 5);
INSERT INTO FILE_TYPE_STEP (FILE_TYPE_ID, STEP_ID) VALUES (21, 6);
INSERT INTO FILE_TYPE_STEP (FILE_TYPE_ID, STEP_ID) VALUES (21, 7);
INSERT INTO FILE_TYPE_STEP (FILE_TYPE_ID, STEP_ID) VALUES (21, 8);
INSERT INTO FILE_TYPE_STEP (FILE_TYPE_ID, STEP_ID) VALUES (21, 9);
INSERT INTO FILE_TYPE_STEP (FILE_TYPE_ID, STEP_ID) VALUES (21, 10);
INSERT INTO FILE_TYPE_STEP (FILE_TYPE_ID, STEP_ID) VALUES (21, 11);
INSERT INTO FILE_TYPE_STEP (FILE_TYPE_ID, STEP_ID) VALUES (21, 12);
INSERT INTO FILE_TYPE_STEP (FILE_TYPE_ID, STEP_ID) VALUES (21, 13);
INSERT INTO FILE_TYPE_STEP (FILE_TYPE_ID, STEP_ID) VALUES (21, 14);
INSERT INTO FILE_TYPE_STEP (FILE_TYPE_ID, STEP_ID) VALUES (21, 15);
INSERT INTO FILE_TYPE_STEP (FILE_TYPE_ID, STEP_ID) VALUES (21, 16);
INSERT INTO FILE_TYPE_STEP (FILE_TYPE_ID, STEP_ID) VALUES (21, 17);
INSERT INTO FILE_TYPE_STEP (FILE_TYPE_ID, STEP_ID) VALUES (21, 18);
INSERT INTO FILE_TYPE_STEP (FILE_TYPE_ID, STEP_ID) VALUES (21, 19);
INSERT INTO FILE_TYPE_STEP (FILE_TYPE_ID, STEP_ID) VALUES (21, 20);
INSERT INTO FILE_TYPE_STEP (FILE_TYPE_ID, STEP_ID) VALUES (21, 21);
INSERT INTO FILE_TYPE_STEP (FILE_TYPE_ID, STEP_ID) VALUES (21, 22);
INSERT INTO FILE_TYPE_STEP (FILE_TYPE_ID, STEP_ID) VALUES (21, 23);
INSERT INTO FILE_TYPE_STEP (FILE_TYPE_ID, STEP_ID) VALUES (21, 24);
INSERT INTO FILE_TYPE_STEP (FILE_TYPE_ID, STEP_ID) VALUES (21, 25);
INSERT INTO FILE_TYPE_STEP (FILE_TYPE_ID, STEP_ID) VALUES (21, 26);
INSERT INTO FILE_TYPE_STEP (FILE_TYPE_ID, STEP_ID) VALUES (21, 27);
INSERT INTO FILE_TYPE_STEP (FILE_TYPE_ID, STEP_ID) VALUES (21, 28);
INSERT INTO FILE_TYPE_STEP (FILE_TYPE_ID, STEP_ID) VALUES (21, 29);
INSERT INTO FILE_TYPE_STEP (FILE_TYPE_ID, STEP_ID) VALUES (21, 31);
INSERT INTO FILE_TYPE_STEP (FILE_TYPE_ID, STEP_ID) VALUES (21, 32);
INSERT INTO FILE_TYPE_STEP (FILE_TYPE_ID, STEP_ID) VALUES (21, 33);
INSERT INTO FILE_TYPE_STEP (FILE_TYPE_ID, STEP_ID) VALUES (21, 34);
INSERT INTO FILE_TYPE_STEP (FILE_TYPE_ID, STEP_ID) VALUES (21, 35);
INSERT INTO FILE_TYPE_STEP (FILE_TYPE_ID, STEP_ID) VALUES (21, 36);
INSERT INTO FILE_TYPE_STEP (FILE_TYPE_ID, STEP_ID) VALUES (21, 37);
INSERT INTO FILE_TYPE_STEP (FILE_TYPE_ID, STEP_ID) VALUES (21, 38);
INSERT INTO FILE_TYPE_STEP (FILE_TYPE_ID, STEP_ID) VALUES (21, 39);
INSERT INTO FILE_TYPE_STEP (FILE_TYPE_ID, STEP_ID) VALUES (21, 40);
INSERT INTO FILE_TYPE_STEP (FILE_TYPE_ID, STEP_ID) VALUES (21, 41);
COMMIT;

-- AIE_MINADER (Autorisation d''importation des échantillons (AH));
INSERT INTO FILE_TYPE_STEP (FILE_TYPE_ID, STEP_ID) VALUES (1, 100);
INSERT INTO FILE_TYPE_STEP (FILE_TYPE_ID, STEP_ID) VALUES (1, 101);
INSERT INTO FILE_TYPE_STEP (FILE_TYPE_ID, STEP_ID) VALUES (1, 102);
INSERT INTO FILE_TYPE_STEP (FILE_TYPE_ID, STEP_ID) VALUES (1, 103);
INSERT INTO FILE_TYPE_STEP (FILE_TYPE_ID, STEP_ID) VALUES (1, 104);
INSERT INTO FILE_TYPE_STEP (FILE_TYPE_ID, STEP_ID) VALUES (1, 105);
INSERT INTO FILE_TYPE_STEP (FILE_TYPE_ID, STEP_ID) VALUES (1, 106);
INSERT INTO FILE_TYPE_STEP (FILE_TYPE_ID, STEP_ID) VALUES (1, 107);
INSERT INTO FILE_TYPE_STEP (FILE_TYPE_ID, STEP_ID) VALUES (1, 108);
INSERT INTO FILE_TYPE_STEP (FILE_TYPE_ID, STEP_ID) VALUES (1, 109);
INSERT INTO FILE_TYPE_STEP (FILE_TYPE_ID, STEP_ID) VALUES (1, 111);
INSERT INTO FILE_TYPE_STEP (FILE_TYPE_ID, STEP_ID) VALUES (1, 112);
INSERT INTO FILE_TYPE_STEP (FILE_TYPE_ID, STEP_ID) VALUES (1, 113);
INSERT INTO FILE_TYPE_STEP (FILE_TYPE_ID, STEP_ID) VALUES (1, 114);
INSERT INTO FILE_TYPE_STEP (FILE_TYPE_ID, STEP_ID) VALUES (1, 115);
INSERT INTO FILE_TYPE_STEP (FILE_TYPE_ID, STEP_ID) VALUES (1, 116);

-- EH_MINADER (Etude d'homologation (AH))
INSERT INTO FILE_TYPE_STEP (FILE_TYPE_ID, STEP_ID) VALUES (2, 100);
INSERT INTO FILE_TYPE_STEP (FILE_TYPE_ID, STEP_ID) VALUES (2, 101);
INSERT INTO FILE_TYPE_STEP (FILE_TYPE_ID, STEP_ID) VALUES (2, 102);
INSERT INTO FILE_TYPE_STEP (FILE_TYPE_ID, STEP_ID) VALUES (2, 103);
INSERT INTO FILE_TYPE_STEP (FILE_TYPE_ID, STEP_ID) VALUES (2, 104);
INSERT INTO FILE_TYPE_STEP (FILE_TYPE_ID, STEP_ID) VALUES (2, 105);
INSERT INTO FILE_TYPE_STEP (FILE_TYPE_ID, STEP_ID) VALUES (2, 106);
INSERT INTO FILE_TYPE_STEP (FILE_TYPE_ID, STEP_ID) VALUES (2, 107);
INSERT INTO FILE_TYPE_STEP (FILE_TYPE_ID, STEP_ID) VALUES (2, 108);
INSERT INTO FILE_TYPE_STEP (FILE_TYPE_ID, STEP_ID) VALUES (2, 109);
INSERT INTO FILE_TYPE_STEP (FILE_TYPE_ID, STEP_ID) VALUES (2, 111);
INSERT INTO FILE_TYPE_STEP (FILE_TYPE_ID, STEP_ID) VALUES (2, 112);
INSERT INTO FILE_TYPE_STEP (FILE_TYPE_ID, STEP_ID) VALUES (2, 113);
INSERT INTO FILE_TYPE_STEP (FILE_TYPE_ID, STEP_ID) VALUES (2, 114);
INSERT INTO FILE_TYPE_STEP (FILE_TYPE_ID, STEP_ID) VALUES (2, 115);
INSERT INTO FILE_TYPE_STEP (FILE_TYPE_ID, STEP_ID) VALUES (2, 116);

-- AS_MINADER (Autorisation Spéciale MINADER)
INSERT INTO FILE_TYPE_STEP (FILE_TYPE_ID, STEP_ID) VALUES (3, 100);
INSERT INTO FILE_TYPE_STEP (FILE_TYPE_ID, STEP_ID) VALUES (3, 101);
INSERT INTO FILE_TYPE_STEP (FILE_TYPE_ID, STEP_ID) VALUES (3, 102);
INSERT INTO FILE_TYPE_STEP (FILE_TYPE_ID, STEP_ID) VALUES (3, 103);
INSERT INTO FILE_TYPE_STEP (FILE_TYPE_ID, STEP_ID) VALUES (3, 104);
INSERT INTO FILE_TYPE_STEP (FILE_TYPE_ID, STEP_ID) VALUES (3, 105);
INSERT INTO FILE_TYPE_STEP (FILE_TYPE_ID, STEP_ID) VALUES (3, 106);
INSERT INTO FILE_TYPE_STEP (FILE_TYPE_ID, STEP_ID) VALUES (3, 107);
INSERT INTO FILE_TYPE_STEP (FILE_TYPE_ID, STEP_ID) VALUES (3, 108);
INSERT INTO FILE_TYPE_STEP (FILE_TYPE_ID, STEP_ID) VALUES (3, 109);
INSERT INTO FILE_TYPE_STEP (FILE_TYPE_ID, STEP_ID) VALUES (3, 111);
INSERT INTO FILE_TYPE_STEP (FILE_TYPE_ID, STEP_ID) VALUES (3, 112);
INSERT INTO FILE_TYPE_STEP (FILE_TYPE_ID, STEP_ID) VALUES (3, 113);
INSERT INTO FILE_TYPE_STEP (FILE_TYPE_ID, STEP_ID) VALUES (3, 114);
INSERT INTO FILE_TYPE_STEP (FILE_TYPE_ID, STEP_ID) VALUES (3, 115);
INSERT INTO FILE_TYPE_STEP (FILE_TYPE_ID, STEP_ID) VALUES (3, 116);

-- CAT_MINADER (Certification des Appareils de Traitements)
INSERT INTO FILE_TYPE_STEP (FILE_TYPE_ID, STEP_ID) VALUES (4, 100);
INSERT INTO FILE_TYPE_STEP (FILE_TYPE_ID, STEP_ID) VALUES (4, 101);
INSERT INTO FILE_TYPE_STEP (FILE_TYPE_ID, STEP_ID) VALUES (4, 102);
INSERT INTO FILE_TYPE_STEP (FILE_TYPE_ID, STEP_ID) VALUES (4, 103);
INSERT INTO FILE_TYPE_STEP (FILE_TYPE_ID, STEP_ID) VALUES (4, 104);
INSERT INTO FILE_TYPE_STEP (FILE_TYPE_ID, STEP_ID) VALUES (4, 105);
INSERT INTO FILE_TYPE_STEP (FILE_TYPE_ID, STEP_ID) VALUES (4, 106);
INSERT INTO FILE_TYPE_STEP (FILE_TYPE_ID, STEP_ID) VALUES (4, 107);
INSERT INTO FILE_TYPE_STEP (FILE_TYPE_ID, STEP_ID) VALUES (4, 108);
INSERT INTO FILE_TYPE_STEP (FILE_TYPE_ID, STEP_ID) VALUES (4, 109);
INSERT INTO FILE_TYPE_STEP (FILE_TYPE_ID, STEP_ID) VALUES (4, 111);
INSERT INTO FILE_TYPE_STEP (FILE_TYPE_ID, STEP_ID) VALUES (4, 112);
INSERT INTO FILE_TYPE_STEP (FILE_TYPE_ID, STEP_ID) VALUES (4, 113);
INSERT INTO FILE_TYPE_STEP (FILE_TYPE_ID, STEP_ID) VALUES (4, 114);
INSERT INTO FILE_TYPE_STEP (FILE_TYPE_ID, STEP_ID) VALUES (4, 115);
INSERT INTO FILE_TYPE_STEP (FILE_TYPE_ID, STEP_ID) VALUES (4, 116);

-- PIVPSRP_MINADER (Permis d''importation des végétaux et poduits soumis à la réglémentation phytosanitaire MINADER)
INSERT INTO FILE_TYPE_STEP (FILE_TYPE_ID, STEP_ID) VALUES (5, 100);
INSERT INTO FILE_TYPE_STEP (FILE_TYPE_ID, STEP_ID) VALUES (5, 101);
INSERT INTO FILE_TYPE_STEP (FILE_TYPE_ID, STEP_ID) VALUES (5, 102);
INSERT INTO FILE_TYPE_STEP (FILE_TYPE_ID, STEP_ID) VALUES (5, 103);
INSERT INTO FILE_TYPE_STEP (FILE_TYPE_ID, STEP_ID) VALUES (5, 104);
INSERT INTO FILE_TYPE_STEP (FILE_TYPE_ID, STEP_ID) VALUES (5, 105);
INSERT INTO FILE_TYPE_STEP (FILE_TYPE_ID, STEP_ID) VALUES (5, 106);
INSERT INTO FILE_TYPE_STEP (FILE_TYPE_ID, STEP_ID) VALUES (5, 107);
INSERT INTO FILE_TYPE_STEP (FILE_TYPE_ID, STEP_ID) VALUES (5, 111);
INSERT INTO FILE_TYPE_STEP (FILE_TYPE_ID, STEP_ID) VALUES (5, 112);
INSERT INTO FILE_TYPE_STEP (FILE_TYPE_ID, STEP_ID) VALUES (5, 113);
INSERT INTO FILE_TYPE_STEP (FILE_TYPE_ID, STEP_ID) VALUES (5, 114);

-- DI_MINADER (Déclaration d''importation)
INSERT INTO FILE_TYPE_STEP (FILE_TYPE_ID, STEP_ID) VALUES (6, 100);
INSERT INTO FILE_TYPE_STEP (FILE_TYPE_ID, STEP_ID) VALUES (6, 101);
INSERT INTO FILE_TYPE_STEP (FILE_TYPE_ID, STEP_ID) VALUES (6, 102);
INSERT INTO FILE_TYPE_STEP (FILE_TYPE_ID, STEP_ID) VALUES (6, 103);
INSERT INTO FILE_TYPE_STEP (FILE_TYPE_ID, STEP_ID) VALUES (6, 104);
INSERT INTO FILE_TYPE_STEP (FILE_TYPE_ID, STEP_ID) VALUES (6, 105);
INSERT INTO FILE_TYPE_STEP (FILE_TYPE_ID, STEP_ID) VALUES (6, 106);
INSERT INTO FILE_TYPE_STEP (FILE_TYPE_ID, STEP_ID) VALUES (6, 107);
INSERT INTO FILE_TYPE_STEP (FILE_TYPE_ID, STEP_ID) VALUES (6, 111);
INSERT INTO FILE_TYPE_STEP (FILE_TYPE_ID, STEP_ID) VALUES (6, 112);
INSERT INTO FILE_TYPE_STEP (FILE_TYPE_ID, STEP_ID) VALUES (6, 113);
INSERT INTO FILE_TYPE_STEP (FILE_TYPE_ID, STEP_ID) VALUES (6, 114);

-- AT_MINSANTE (Avis Technique MINSANTE)
INSERT INTO FILE_TYPE_STEP (FILE_TYPE_ID, STEP_ID) VALUES (7, 100);
INSERT INTO FILE_TYPE_STEP (FILE_TYPE_ID, STEP_ID) VALUES (7, 101);
INSERT INTO FILE_TYPE_STEP (FILE_TYPE_ID, STEP_ID) VALUES (7, 102);
INSERT INTO FILE_TYPE_STEP (FILE_TYPE_ID, STEP_ID) VALUES (7, 103);
INSERT INTO FILE_TYPE_STEP (FILE_TYPE_ID, STEP_ID) VALUES (7, 104);
INSERT INTO FILE_TYPE_STEP (FILE_TYPE_ID, STEP_ID) VALUES (7, 105);
INSERT INTO FILE_TYPE_STEP (FILE_TYPE_ID, STEP_ID) VALUES (7, 106);
INSERT INTO FILE_TYPE_STEP (FILE_TYPE_ID, STEP_ID) VALUES (7, 107);
INSERT INTO FILE_TYPE_STEP (FILE_TYPE_ID, STEP_ID) VALUES (7, 108);
INSERT INTO FILE_TYPE_STEP (FILE_TYPE_ID, STEP_ID) VALUES (7, 109);
INSERT INTO FILE_TYPE_STEP (FILE_TYPE_ID, STEP_ID) VALUES (7, 110);
INSERT INTO FILE_TYPE_STEP (FILE_TYPE_ID, STEP_ID) VALUES (7, 111);
INSERT INTO FILE_TYPE_STEP (FILE_TYPE_ID, STEP_ID) VALUES (7, 112);
INSERT INTO FILE_TYPE_STEP (FILE_TYPE_ID, STEP_ID) VALUES (7, 113);
INSERT INTO FILE_TYPE_STEP (FILE_TYPE_ID, STEP_ID) VALUES (7, 114);
INSERT INTO FILE_TYPE_STEP (FILE_TYPE_ID, STEP_ID) VALUES (7, 115);
INSERT INTO FILE_TYPE_STEP (FILE_TYPE_ID, STEP_ID) VALUES (7, 116);
INSERT INTO FILE_TYPE_STEP (FILE_TYPE_ID, STEP_ID) VALUES (7, 117);

-- VTP_MINSANTE (Visa technique provisoire MINSANTE)
INSERT INTO FILE_TYPE_STEP (FILE_TYPE_ID, STEP_ID) VALUES (8, 100);
INSERT INTO FILE_TYPE_STEP (FILE_TYPE_ID, STEP_ID) VALUES (8, 101);
INSERT INTO FILE_TYPE_STEP (FILE_TYPE_ID, STEP_ID) VALUES (8, 102);
INSERT INTO FILE_TYPE_STEP (FILE_TYPE_ID, STEP_ID) VALUES (8, 103);
INSERT INTO FILE_TYPE_STEP (FILE_TYPE_ID, STEP_ID) VALUES (8, 104);
INSERT INTO FILE_TYPE_STEP (FILE_TYPE_ID, STEP_ID) VALUES (8, 105);
INSERT INTO FILE_TYPE_STEP (FILE_TYPE_ID, STEP_ID) VALUES (8, 106);
INSERT INTO FILE_TYPE_STEP (FILE_TYPE_ID, STEP_ID) VALUES (8, 107);
INSERT INTO FILE_TYPE_STEP (FILE_TYPE_ID, STEP_ID) VALUES (8, 108);
INSERT INTO FILE_TYPE_STEP (FILE_TYPE_ID, STEP_ID) VALUES (8, 111);
INSERT INTO FILE_TYPE_STEP (FILE_TYPE_ID, STEP_ID) VALUES (8, 112);
INSERT INTO FILE_TYPE_STEP (FILE_TYPE_ID, STEP_ID) VALUES (8, 113);
INSERT INTO FILE_TYPE_STEP (FILE_TYPE_ID, STEP_ID) VALUES (8, 114);
INSERT INTO FILE_TYPE_STEP (FILE_TYPE_ID, STEP_ID) VALUES (8, 115);

-- VTD_MINSANTE (Visa Technique Définitif MINSANTE)
INSERT INTO FILE_TYPE_STEP (FILE_TYPE_ID, STEP_ID) VALUES (9, 100);
INSERT INTO FILE_TYPE_STEP (FILE_TYPE_ID, STEP_ID) VALUES (9, 101);
INSERT INTO FILE_TYPE_STEP (FILE_TYPE_ID, STEP_ID) VALUES (9, 102);
INSERT INTO FILE_TYPE_STEP (FILE_TYPE_ID, STEP_ID) VALUES (9, 103);
INSERT INTO FILE_TYPE_STEP (FILE_TYPE_ID, STEP_ID) VALUES (9, 104);
INSERT INTO FILE_TYPE_STEP (FILE_TYPE_ID, STEP_ID) VALUES (9, 105);
INSERT INTO FILE_TYPE_STEP (FILE_TYPE_ID, STEP_ID) VALUES (9, 106);
INSERT INTO FILE_TYPE_STEP (FILE_TYPE_ID, STEP_ID) VALUES (9, 111);
INSERT INTO FILE_TYPE_STEP (FILE_TYPE_ID, STEP_ID) VALUES (9, 112);
INSERT INTO FILE_TYPE_STEP (FILE_TYPE_ID, STEP_ID) VALUES (9, 113);

-- AI_MINSANTE (Autorisation d''importation MINSANTE)
INSERT INTO FILE_TYPE_STEP (FILE_TYPE_ID, STEP_ID) VALUES (10, 100);
INSERT INTO FILE_TYPE_STEP (FILE_TYPE_ID, STEP_ID) VALUES (10, 101);
INSERT INTO FILE_TYPE_STEP (FILE_TYPE_ID, STEP_ID) VALUES (10, 102);
INSERT INTO FILE_TYPE_STEP (FILE_TYPE_ID, STEP_ID) VALUES (10, 103);
INSERT INTO FILE_TYPE_STEP (FILE_TYPE_ID, STEP_ID) VALUES (10, 104);
INSERT INTO FILE_TYPE_STEP (FILE_TYPE_ID, STEP_ID) VALUES (10, 105);
INSERT INTO FILE_TYPE_STEP (FILE_TYPE_ID, STEP_ID) VALUES (10, 106);
INSERT INTO FILE_TYPE_STEP (FILE_TYPE_ID, STEP_ID) VALUES (10, 107);
INSERT INTO FILE_TYPE_STEP (FILE_TYPE_ID, STEP_ID) VALUES (10, 108);
INSERT INTO FILE_TYPE_STEP (FILE_TYPE_ID, STEP_ID) VALUES (10, 109);
INSERT INTO FILE_TYPE_STEP (FILE_TYPE_ID, STEP_ID) VALUES (10, 111);
INSERT INTO FILE_TYPE_STEP (FILE_TYPE_ID, STEP_ID) VALUES (10, 112);
INSERT INTO FILE_TYPE_STEP (FILE_TYPE_ID, STEP_ID) VALUES (10, 113);
INSERT INTO FILE_TYPE_STEP (FILE_TYPE_ID, STEP_ID) VALUES (10, 114);
INSERT INTO FILE_TYPE_STEP (FILE_TYPE_ID, STEP_ID) VALUES (10, 115);
INSERT INTO FILE_TYPE_STEP (FILE_TYPE_ID, STEP_ID) VALUES (10, 116);

-- AI_MINMIDT (Autorisation d''importation MINMIDT)
INSERT INTO FILE_TYPE_STEP (FILE_TYPE_ID, STEP_ID) VALUES (11, 100);
INSERT INTO FILE_TYPE_STEP (FILE_TYPE_ID, STEP_ID) VALUES (11, 101);
INSERT INTO FILE_TYPE_STEP (FILE_TYPE_ID, STEP_ID) VALUES (11, 102);
INSERT INTO FILE_TYPE_STEP (FILE_TYPE_ID, STEP_ID) VALUES (11, 103);
INSERT INTO FILE_TYPE_STEP (FILE_TYPE_ID, STEP_ID) VALUES (11, 104);
INSERT INTO FILE_TYPE_STEP (FILE_TYPE_ID, STEP_ID) VALUES (11, 105);
INSERT INTO FILE_TYPE_STEP (FILE_TYPE_ID, STEP_ID) VALUES (11, 106);
INSERT INTO FILE_TYPE_STEP (FILE_TYPE_ID, STEP_ID) VALUES (11, 107);
INSERT INTO FILE_TYPE_STEP (FILE_TYPE_ID, STEP_ID) VALUES (11, 108);
INSERT INTO FILE_TYPE_STEP (FILE_TYPE_ID, STEP_ID) VALUES (11, 109);
INSERT INTO FILE_TYPE_STEP (FILE_TYPE_ID, STEP_ID) VALUES (11, 111);
INSERT INTO FILE_TYPE_STEP (FILE_TYPE_ID, STEP_ID) VALUES (11, 112);
INSERT INTO FILE_TYPE_STEP (FILE_TYPE_ID, STEP_ID) VALUES (11, 113);
INSERT INTO FILE_TYPE_STEP (FILE_TYPE_ID, STEP_ID) VALUES (11, 114);
INSERT INTO FILE_TYPE_STEP (FILE_TYPE_ID, STEP_ID) VALUES (11, 115);
INSERT INTO FILE_TYPE_STEP (FILE_TYPE_ID, STEP_ID) VALUES (11, 116);

-- AE_MINMIDT (Atorisation d''exportation MINMIDT)
INSERT INTO FILE_TYPE_STEP (FILE_TYPE_ID, STEP_ID) VALUES (12, 100);
INSERT INTO FILE_TYPE_STEP (FILE_TYPE_ID, STEP_ID) VALUES (12, 101);
INSERT INTO FILE_TYPE_STEP (FILE_TYPE_ID, STEP_ID) VALUES (12, 102);
INSERT INTO FILE_TYPE_STEP (FILE_TYPE_ID, STEP_ID) VALUES (12, 103);
INSERT INTO FILE_TYPE_STEP (FILE_TYPE_ID, STEP_ID) VALUES (12, 104);
INSERT INTO FILE_TYPE_STEP (FILE_TYPE_ID, STEP_ID) VALUES (12, 105);
INSERT INTO FILE_TYPE_STEP (FILE_TYPE_ID, STEP_ID) VALUES (12, 106);
INSERT INTO FILE_TYPE_STEP (FILE_TYPE_ID, STEP_ID) VALUES (12, 107);
INSERT INTO FILE_TYPE_STEP (FILE_TYPE_ID, STEP_ID) VALUES (12, 108);
INSERT INTO FILE_TYPE_STEP (FILE_TYPE_ID, STEP_ID) VALUES (12, 109);
INSERT INTO FILE_TYPE_STEP (FILE_TYPE_ID, STEP_ID) VALUES (12, 111);
INSERT INTO FILE_TYPE_STEP (FILE_TYPE_ID, STEP_ID) VALUES (12, 112);
INSERT INTO FILE_TYPE_STEP (FILE_TYPE_ID, STEP_ID) VALUES (12, 113);
INSERT INTO FILE_TYPE_STEP (FILE_TYPE_ID, STEP_ID) VALUES (12, 114);
INSERT INTO FILE_TYPE_STEP (FILE_TYPE_ID, STEP_ID) VALUES (12, 115);
INSERT INTO FILE_TYPE_STEP (FILE_TYPE_ID, STEP_ID) VALUES (12, 116);

-- CEA_MINMIDT (Certificat d''Expertise/Authenticité)
INSERT INTO FILE_TYPE_STEP (FILE_TYPE_ID, STEP_ID) VALUES (13, 100);
INSERT INTO FILE_TYPE_STEP (FILE_TYPE_ID, STEP_ID) VALUES (13, 101);
INSERT INTO FILE_TYPE_STEP (FILE_TYPE_ID, STEP_ID) VALUES (13, 102);
INSERT INTO FILE_TYPE_STEP (FILE_TYPE_ID, STEP_ID) VALUES (13, 103);
INSERT INTO FILE_TYPE_STEP (FILE_TYPE_ID, STEP_ID) VALUES (13, 104);
INSERT INTO FILE_TYPE_STEP (FILE_TYPE_ID, STEP_ID) VALUES (13, 105);
INSERT INTO FILE_TYPE_STEP (FILE_TYPE_ID, STEP_ID) VALUES (13, 106);
INSERT INTO FILE_TYPE_STEP (FILE_TYPE_ID, STEP_ID) VALUES (13, 107);
INSERT INTO FILE_TYPE_STEP (FILE_TYPE_ID, STEP_ID) VALUES (13, 111);
INSERT INTO FILE_TYPE_STEP (FILE_TYPE_ID, STEP_ID) VALUES (13, 112);
INSERT INTO FILE_TYPE_STEP (FILE_TYPE_ID, STEP_ID) VALUES (13, 113);
INSERT INTO FILE_TYPE_STEP (FILE_TYPE_ID, STEP_ID) VALUES (13, 114);

-- AT_MINEPIA (Avis Technique MINEPIA)
INSERT INTO FILE_TYPE_STEP (FILE_TYPE_ID, STEP_ID) VALUES (14, 100);
INSERT INTO FILE_TYPE_STEP (FILE_TYPE_ID, STEP_ID) VALUES (14, 101);
INSERT INTO FILE_TYPE_STEP (FILE_TYPE_ID, STEP_ID) VALUES (14, 102);
INSERT INTO FILE_TYPE_STEP (FILE_TYPE_ID, STEP_ID) VALUES (14, 103);
INSERT INTO FILE_TYPE_STEP (FILE_TYPE_ID, STEP_ID) VALUES (14, 104);
INSERT INTO FILE_TYPE_STEP (FILE_TYPE_ID, STEP_ID) VALUES (14, 105);
INSERT INTO FILE_TYPE_STEP (FILE_TYPE_ID, STEP_ID) VALUES (14, 106);
INSERT INTO FILE_TYPE_STEP (FILE_TYPE_ID, STEP_ID) VALUES (14, 107);
INSERT INTO FILE_TYPE_STEP (FILE_TYPE_ID, STEP_ID) VALUES (14, 108);
INSERT INTO FILE_TYPE_STEP (FILE_TYPE_ID, STEP_ID) VALUES (14, 109);
INSERT INTO FILE_TYPE_STEP (FILE_TYPE_ID, STEP_ID) VALUES (14, 111);
INSERT INTO FILE_TYPE_STEP (FILE_TYPE_ID, STEP_ID) VALUES (14, 112);
INSERT INTO FILE_TYPE_STEP (FILE_TYPE_ID, STEP_ID) VALUES (14, 113);
INSERT INTO FILE_TYPE_STEP (FILE_TYPE_ID, STEP_ID) VALUES (14, 114);
INSERT INTO FILE_TYPE_STEP (FILE_TYPE_ID, STEP_ID) VALUES (14, 115);
INSERT INTO FILE_TYPE_STEP (FILE_TYPE_ID, STEP_ID) VALUES (14, 116);

-- VT_MINEPIA (Visa Technique MINEPIA)
INSERT INTO FILE_TYPE_STEP (FILE_TYPE_ID, STEP_ID) VALUES (15, 100);
INSERT INTO FILE_TYPE_STEP (FILE_TYPE_ID, STEP_ID) VALUES (15, 101);
INSERT INTO FILE_TYPE_STEP (FILE_TYPE_ID, STEP_ID) VALUES (15, 102);
INSERT INTO FILE_TYPE_STEP (FILE_TYPE_ID, STEP_ID) VALUES (15, 103);
INSERT INTO FILE_TYPE_STEP (FILE_TYPE_ID, STEP_ID) VALUES (15, 104);
INSERT INTO FILE_TYPE_STEP (FILE_TYPE_ID, STEP_ID) VALUES (15, 105);
INSERT INTO FILE_TYPE_STEP (FILE_TYPE_ID, STEP_ID) VALUES (15, 106);
INSERT INTO FILE_TYPE_STEP (FILE_TYPE_ID, STEP_ID) VALUES (15, 111);
INSERT INTO FILE_TYPE_STEP (FILE_TYPE_ID, STEP_ID) VALUES (15, 112);
INSERT INTO FILE_TYPE_STEP (FILE_TYPE_ID, STEP_ID) VALUES (15, 113);

-- VT_MINEPDED (Visa Technique MINEPDED)
INSERT INTO FILE_TYPE_STEP (FILE_TYPE_ID, STEP_ID) VALUES (16, 100);
INSERT INTO FILE_TYPE_STEP (FILE_TYPE_ID, STEP_ID) VALUES (16, 101);
INSERT INTO FILE_TYPE_STEP (FILE_TYPE_ID, STEP_ID) VALUES (16, 102);
INSERT INTO FILE_TYPE_STEP (FILE_TYPE_ID, STEP_ID) VALUES (16, 103);
INSERT INTO FILE_TYPE_STEP (FILE_TYPE_ID, STEP_ID) VALUES (16, 104);
INSERT INTO FILE_TYPE_STEP (FILE_TYPE_ID, STEP_ID) VALUES (16, 105);
INSERT INTO FILE_TYPE_STEP (FILE_TYPE_ID, STEP_ID) VALUES (16, 106);
INSERT INTO FILE_TYPE_STEP (FILE_TYPE_ID, STEP_ID) VALUES (16, 107);
INSERT INTO FILE_TYPE_STEP (FILE_TYPE_ID, STEP_ID) VALUES (16, 111);
INSERT INTO FILE_TYPE_STEP (FILE_TYPE_ID, STEP_ID) VALUES (16, 112);
INSERT INTO FILE_TYPE_STEP (FILE_TYPE_ID, STEP_ID) VALUES (16, 113);
INSERT INTO FILE_TYPE_STEP (FILE_TYPE_ID, STEP_ID) VALUES (16, 114);

-- CP_MINEPDED (Consentement Préalable MINEPDED)
INSERT INTO FILE_TYPE_STEP (FILE_TYPE_ID, STEP_ID) VALUES (17, 100);
INSERT INTO FILE_TYPE_STEP (FILE_TYPE_ID, STEP_ID) VALUES (17, 101);
INSERT INTO FILE_TYPE_STEP (FILE_TYPE_ID, STEP_ID) VALUES (17, 102);
INSERT INTO FILE_TYPE_STEP (FILE_TYPE_ID, STEP_ID) VALUES (17, 103);
INSERT INTO FILE_TYPE_STEP (FILE_TYPE_ID, STEP_ID) VALUES (17, 104);
INSERT INTO FILE_TYPE_STEP (FILE_TYPE_ID, STEP_ID) VALUES (17, 105);
INSERT INTO FILE_TYPE_STEP (FILE_TYPE_ID, STEP_ID) VALUES (17, 106);
INSERT INTO FILE_TYPE_STEP (FILE_TYPE_ID, STEP_ID) VALUES (17, 107);
INSERT INTO FILE_TYPE_STEP (FILE_TYPE_ID, STEP_ID) VALUES (17, 111);
INSERT INTO FILE_TYPE_STEP (FILE_TYPE_ID, STEP_ID) VALUES (17, 112);
INSERT INTO FILE_TYPE_STEP (FILE_TYPE_ID, STEP_ID) VALUES (17, 113);
INSERT INTO FILE_TYPE_STEP (FILE_TYPE_ID, STEP_ID) VALUES (17, 114);

-- AS_MINFOF (Autorisation Spéciale MINFOF)
INSERT INTO FILE_TYPE_STEP (FILE_TYPE_ID, STEP_ID) VALUES (18, 100);
INSERT INTO FILE_TYPE_STEP (FILE_TYPE_ID, STEP_ID) VALUES (18, 101);
INSERT INTO FILE_TYPE_STEP (FILE_TYPE_ID, STEP_ID) VALUES (18, 102);
INSERT INTO FILE_TYPE_STEP (FILE_TYPE_ID, STEP_ID) VALUES (18, 103);
INSERT INTO FILE_TYPE_STEP (FILE_TYPE_ID, STEP_ID) VALUES (18, 104);
INSERT INTO FILE_TYPE_STEP (FILE_TYPE_ID, STEP_ID) VALUES (18, 105);
INSERT INTO FILE_TYPE_STEP (FILE_TYPE_ID, STEP_ID) VALUES (18, 106);
INSERT INTO FILE_TYPE_STEP (FILE_TYPE_ID, STEP_ID) VALUES (18, 107);
INSERT INTO FILE_TYPE_STEP (FILE_TYPE_ID, STEP_ID) VALUES (18, 108);
INSERT INTO FILE_TYPE_STEP (FILE_TYPE_ID, STEP_ID) VALUES (18, 109);
INSERT INTO FILE_TYPE_STEP (FILE_TYPE_ID, STEP_ID) VALUES (18, 111);
INSERT INTO FILE_TYPE_STEP (FILE_TYPE_ID, STEP_ID) VALUES (18, 112);
INSERT INTO FILE_TYPE_STEP (FILE_TYPE_ID, STEP_ID) VALUES (18, 113);
INSERT INTO FILE_TYPE_STEP (FILE_TYPE_ID, STEP_ID) VALUES (18, 114);
INSERT INTO FILE_TYPE_STEP (FILE_TYPE_ID, STEP_ID) VALUES (18, 115);
INSERT INTO FILE_TYPE_STEP (FILE_TYPE_ID, STEP_ID) VALUES (18, 116);

/*==============================================================*/
/* Table : FILE_ITEM_FIELD                                      */
/*==============================================================*/

INSERT INTO FILE_ITEM_FIELD (ID,FILE_TYPE_ID,CODE,LABEL_FR,LABEL_EN) VALUES (1, 1, 'PAYS_ORIGINE_CODE','PAYS_ORIGINE_CODE','SPAYS_ORIGINE_CODE');
INSERT INTO FILE_ITEM_FIELD (ID,FILE_TYPE_ID,CODE,LABEL_FR,LABEL_EN) VALUES (2, 1, 'QUANTITE','Nom scientifique','Scientific name');
INSERT INTO FILE_ITEM_FIELD (ID,FILE_TYPE_ID,CODE,LABEL_FR,LABEL_EN) VALUES (3, 1, 'FORMULE_CHIMIQUE','Formule chimique','Chemical formula');
INSERT INTO FILE_ITEM_FIELD (ID,FILE_TYPE_ID,CODE,LABEL_FR,LABEL_EN) VALUES (4, 2, 'SPECIFICATION_TECHNIQUE','Spécification technique','Technical specification');
INSERT INTO FILE_ITEM_FIELD (ID,FILE_TYPE_ID,CODE,LABEL_FR,LABEL_EN) VALUES (5, 2, 'QUANTITE_IMPORTEE','Quantité importée','Imported quantity');
INSERT INTO FILE_ITEM_FIELD (ID,FILE_TYPE_ID,CODE,LABEL_FR,LABEL_EN) VALUES (6, 2, 'MODE_STOCKAGE','Mode de Stockage','Storage mode');

/*==============================================================*/
/* Table : FILE_FIELD                                      */
/*==============================================================*/
INSERT INTO FILE_FIELD (ID,FILE_TYPE_ID,CODE,LABEL_FR,LABEL_EN) VALUES (1, 1,'PAYS_ORIGINE_CODE','Lettre de transport (Numéro scale)','Waybill (Number scale)');
INSERT INTO FILE_FIELD (ID,FILE_TYPE_ID,CODE,LABEL_FR,LABEL_EN) VALUES (2, 1,'QUANTITE','Lettre de transport (Numéro)','Waybill (Number)');
INSERT INTO FILE_FIELD (ID,FILE_TYPE_ID,CODE,LABEL_FR,LABEL_EN) VALUES (3, 1,'LETTRETRANSPORT_DATE','Lettre de transport (Date)','Waybill (Date)');
INSERT INTO FILE_FIELD (ID,FILE_TYPE_ID,CODE,LABEL_FR,LABEL_EN) VALUES (4, 2,'LIEUCHARGEMENT_CODE','Lieu de chargement (Code)','Loading place (Code)');
INSERT INTO FILE_FIELD (ID,FILE_TYPE_ID,CODE,LABEL_FR,LABEL_EN) VALUES (5, 2,'LIEUCHARGEMENT_LIBELLE','Lieu de chargement (Libellé)','Loading place (Label)');
INSERT INTO FILE_FIELD (ID,FILE_TYPE_ID,CODE,LABEL_FR,LABEL_EN) VALUES (6, 2,'LIEUTRANSIT_CODE','Lieu de transit (Code)','Place of transit (Code)');
INSERT INTO FILE_FIELD (ID,FILE_TYPE_ID,CODE,LABEL_FR,LABEL_EN) VALUES (7, 2,'LIEUTRANSIT_LIBELLE','Lieu de transit (Libellé)','Place of transit (Label)');

COMMIT;
