/**
 * Author:  tadzotsa
 * Created: 5 mai 2020
 */

----------------------
-- RFC Statistiques --
----------------------
INSERT INTO AUTHORITY (ID, ROLE, LABEL_FR, LABEL_EN, AUTHORITY_TYPE) VALUES ((SELECT MAX(ID) + 1 FROM AUTHORITY), 'STAT', 'Statistique', 'Statistic', 'STATISTIQUE');

INSERT INTO FILE_FIELD (ID,FILE_TYPE_ID,CODE,LABEL_FR,LABEL_EN,REPEATABLE,GROUP_ID,UPDATABLE) VALUES (FILE_FIELD_SEQ.NEXTVAL,36,'TYPE_DOSSIER_EGUCE','Type de dossier e-GUCE','e-GUCE file type',0,1,1);
INSERT INTO FILE_FIELD (ID,FILE_TYPE_ID,CODE,LABEL_FR,LABEL_EN,REPEATABLE,GROUP_ID,UPDATABLE) VALUES (FILE_FIELD_SEQ.NEXTVAL,37,'TYPE_DOSSIER_EGUCE','Type de dossier e-GUCE','e-GUCE file type',0,1,1);
INSERT INTO FILE_FIELD (ID,FILE_TYPE_ID,CODE,LABEL_FR,LABEL_EN,REPEATABLE,GROUP_ID,UPDATABLE) VALUES (FILE_FIELD_SEQ.NEXTVAL,39,'TYPE_DOSSIER_EGUCE','Type de dossier e-GUCE','e-GUCE file type',0,1,1);

INSERT INTO POSITION_AUTHORITY (POSITION_TYPE, AUTHORITY_ID) VALUES ('AGENT', (SELECT MAX(ID) FROM AUTHORITY WHERE AUTHORITY_TYPE = 'STATISTIQUE'));
INSERT INTO POSITION_AUTHORITY (POSITION_TYPE, AUTHORITY_ID) VALUES ('CHEF_BUREAU', (SELECT MAX(ID) FROM AUTHORITY WHERE AUTHORITY_TYPE = 'STATISTIQUE'));
INSERT INTO POSITION_AUTHORITY (POSITION_TYPE, AUTHORITY_ID) VALUES ('CHEF_SERVICE', (SELECT MAX(ID) FROM AUTHORITY WHERE AUTHORITY_TYPE = 'STATISTIQUE'));
INSERT INTO POSITION_AUTHORITY (POSITION_TYPE, AUTHORITY_ID) VALUES ('SOUS_DIRECTEUR', (SELECT MAX(ID) FROM AUTHORITY WHERE AUTHORITY_TYPE = 'STATISTIQUE'));
INSERT INTO POSITION_AUTHORITY (POSITION_TYPE, AUTHORITY_ID) VALUES ('DIRECTEUR', (SELECT MAX(ID) FROM AUTHORITY WHERE AUTHORITY_TYPE = 'STATISTIQUE'));
INSERT INTO POSITION_AUTHORITY (POSITION_TYPE, AUTHORITY_ID) VALUES ('SECRETAIRE_GENERAL', (SELECT MAX(ID) FROM AUTHORITY WHERE AUTHORITY_TYPE = 'STATISTIQUE'));
INSERT INTO POSITION_AUTHORITY (POSITION_TYPE, AUTHORITY_ID) VALUES ('MINISTRE', (SELECT MAX(ID) FROM AUTHORITY WHERE AUTHORITY_TYPE = 'STATISTIQUE'));

---------------------------------
-- RFC Demande de modification --
---------------------------------

-- Adding news FileField
INSERT INTO FILE_FIELD (ID,FILE_TYPE_ID,CODE,LABEL_FR,LABEL_EN,REPEATABLE,GROUP_ID,UPDATABLE) VALUES (FILE_FIELD_SEQ.NEXTVAL,33,'INFORMATIONS_GENERALES_OBSERVATIONS','Observations','Observations',0,1,1);
INSERT INTO FILE_FIELD (ID,FILE_TYPE_ID,CODE,LABEL_FR,LABEL_EN,REPEATABLE,GROUP_ID,UPDATABLE) VALUES (FILE_FIELD_SEQ.NEXTVAL,33,'INFORMATIONS_GENERALES_REFERENCE_BASE','Référence de Base','Base reference',0,1,1);
INSERT INTO FILE_FIELD (ID,FILE_TYPE_ID,CODE,LABEL_FR,LABEL_EN,REPEATABLE,GROUP_ID,UPDATABLE) VALUES (FILE_FIELD_SEQ.NEXTVAL,36,'INFORMATIONS_GENERALES_OBSERVATIONS','Observations','Observations',0,1,1);
INSERT INTO FILE_FIELD (ID,FILE_TYPE_ID,CODE,LABEL_FR,LABEL_EN,REPEATABLE,GROUP_ID,UPDATABLE) VALUES (FILE_FIELD_SEQ.NEXTVAL,36,'INFORMATIONS_GENERALES_REFERENCE_BASE','Référence de Base','Base reference',0,1,1);
INSERT INTO FILE_FIELD (ID,FILE_TYPE_ID,CODE,LABEL_FR,LABEL_EN,REPEATABLE,GROUP_ID,UPDATABLE) VALUES (FILE_FIELD_SEQ.NEXTVAL,37,'INFORMATIONS_GENERALES_OBSERVATIONS','Observations','Observations',0,1,1);
INSERT INTO FILE_FIELD (ID,FILE_TYPE_ID,CODE,LABEL_FR,LABEL_EN,REPEATABLE,GROUP_ID,UPDATABLE) VALUES (FILE_FIELD_SEQ.NEXTVAL,37,'INFORMATIONS_GENERALES_REFERENCE_BASE','Référence de Base','Base reference',0,1,1);
INSERT INTO FILE_FIELD (ID,FILE_TYPE_ID,CODE,LABEL_FR,LABEL_EN,REPEATABLE,GROUP_ID,UPDATABLE) VALUES (FILE_FIELD_SEQ.NEXTVAL,39,'INFORMATIONS_GENERALES_OBSERVATIONS','Observations','Observations',0,1,1);
INSERT INTO FILE_FIELD (ID,FILE_TYPE_ID,CODE,LABEL_FR,LABEL_EN,REPEATABLE,GROUP_ID,UPDATABLE) VALUES (FILE_FIELD_SEQ.NEXTVAL,39,'INFORMATIONS_GENERALES_REFERENCE_BASE','Référence de Base','Base reference',0,1,1);

--- Create global Steps

INSERT INTO STEP (ID, IS_FINAL, LABELEN, LABELFR, CODE) VALUES (STEP_SEQ.NEXTVAL, 0, 'Demande de modification', 'Demande de modification', 'ST_CT_51');
INSERT INTO STEP (ID, IS_FINAL, LABELEN, LABELFR, CODE) VALUES (STEP_SEQ.NEXTVAL, 0, 'Recevabilité - Demande de modification', 'Recevabilité - Demande de modification', 'ST_CT_52');
INSERT INTO STEP (ID, IS_FINAL, LABELEN, LABELFR, CODE) VALUES (STEP_SEQ.NEXTVAL, 0, 'Cotation - Demande de modification', 'Cotation - Demande de modification', 'ST_CT_53');
INSERT INTO STEP (ID, IS_FINAL, LABELEN, LABELFR, CODE) VALUES (STEP_SEQ.NEXTVAL, 1, 'Rejet - Demande de modification', 'Rejet - Demande de modification', 'ST_CT_54');
INSERT INTO STEP (ID, IS_FINAL, LABELEN, LABELFR, CODE) VALUES (STEP_SEQ.NEXTVAL, 0, 'Traitement - Demande de modification', 'Traitement - Demande de modification', 'ST_CT_55');
INSERT INTO STEP (ID, IS_FINAL, LABELEN, LABELFR, CODE) VALUES (STEP_SEQ.NEXTVAL, 0, 'Signature - Demande de modification', 'Signature - Demande de modification', 'ST_CT_56');

-- Create global Flows

INSERT INTO FLOW (ID, CODE, DURATION, IS_COTA, LABELEN, LABELFR, OUTGOING, FROM_STEP, TO_STEP) VALUES (FLOW_SEQ.NEXTVAL, 'FL_CT_110', 24, 0, 'Demande de modification', 'Demande de modification', 0, (SELECT ID FROM STEP WHERE CODE ='ST_CT_51'), (SELECT ID FROM STEP WHERE CODE ='ST_CT_52'));
INSERT INTO FLOW (ID, CODE, DURATION, IS_COTA, LABELEN, LABELFR, OUTGOING, FROM_STEP, TO_STEP) VALUES (FLOW_SEQ.NEXTVAL, 'FL_CT_111', 24, 0, 'Validation suite recevabilité - Demande de modification', 'Validation suite recevabilité - Demande de modification', 0, (SELECT ID FROM STEP WHERE CODE ='ST_CT_52'), (SELECT ID FROM STEP WHERE CODE ='ST_CT_53'));
INSERT INTO FLOW (ID, CODE, DURATION, IS_COTA, LABELEN, LABELFR, OUTGOING, FROM_STEP, TO_STEP) VALUES (FLOW_SEQ.NEXTVAL, 'FL_CT_108', 24, 0, 'Rejet suite recevabilité - Demande de modification', 'Rejet suite recevabilité - Demande de modification', 1, (SELECT ID FROM STEP WHERE CODE ='ST_CT_52'), 5);
INSERT INTO FLOW (ID, CODE, DURATION, IS_COTA, LABELEN, LABELFR, OUTGOING, FROM_STEP, TO_STEP) VALUES (FLOW_SEQ.NEXTVAL, 'FL_CT_109', 24, 1, 'Cotation - Demande de modification', 'Cotation - Demande de modification', 0, (SELECT ID FROM STEP WHERE CODE ='ST_CT_53'), (SELECT ID FROM STEP WHERE CODE ='ST_CT_55'));
INSERT INTO FLOW (ID, CODE, DURATION, IS_COTA, LABELEN, LABELFR, OUTGOING, FROM_STEP, TO_STEP) VALUES (FLOW_SEQ.NEXTVAL, 'FL_CT_112', 24, 0, 'Validation pour signature - Demande de modification', 'Validation pour signature - Demande de modification', 0, (SELECT ID FROM STEP WHERE CODE ='ST_CT_55'), (SELECT ID FROM STEP WHERE CODE ='ST_CT_56'));
INSERT INTO FLOW (ID, CODE, DURATION, IS_COTA, LABELEN, LABELFR, OUTGOING, FROM_STEP, TO_STEP) VALUES (FLOW_SEQ.NEXTVAL, 'FL_CT_113', 24, 0, 'Rejet suite traitement - Demande de modification', 'Rejet suite traitement - Demande de modification', 1, (SELECT ID FROM STEP WHERE CODE ='ST_CT_55'), 5);
INSERT INTO FLOW (ID, CODE, DURATION, IS_COTA, LABELEN, LABELFR, OUTGOING, FROM_STEP, TO_STEP) VALUES (FLOW_SEQ.NEXTVAL, 'FL_CT_114', 24, 0, 'Signature - Demande de modification', 'Signature - Demande de modification', 1, (SELECT ID FROM STEP WHERE CODE ='ST_CT_56'), 6);
INSERT INTO FLOW (ID, CODE, DURATION, IS_COTA, LABELEN, LABELFR, OUTGOING, FROM_STEP, TO_STEP) VALUES (FLOW_SEQ.NEXTVAL, 'FL_CT_115', 24, 0, 'Refus Signature - Demande de modification', 'Refus Signature - Demande de modification', 0, (SELECT ID FROM STEP WHERE CODE ='ST_CT_56'), (SELECT ID FROM STEP WHERE CODE ='ST_CT_55'));
INSERT INTO FLOW (ID, CODE, DURATION, IS_COTA, LABELEN, LABELFR, OUTGOING, FROM_STEP, TO_STEP) VALUES (FLOW_SEQ.NEXTVAL, 'FL_CT_116', 24, 0, 'Rejet Suite Etude Approfondie - Demande de modification', 'Rejet Suite Etude Approfondie - Demande de modification', 1, (SELECT ID FROM STEP WHERE CODE ='ST_CT_53'), 5);
INSERT INTO FLOW (ID, CODE, DURATION, IS_COTA, LABELEN, LABELFR, OUTGOING, FROM_STEP, TO_STEP) VALUES (FLOW_SEQ.NEXTVAL, 'FL_CT_117', 24, 0, 'Validation Suite Etude Approfondie Cotation - Demande de modification', 'Validation Suite Etude Approfondie Cotation - Demande de modification', 1, (SELECT ID FROM STEP WHERE CODE ='ST_CT_53'), 6);

-- Define global StepAutority
INSERT INTO STEP_AUTHORITY (STEP_ID, AUTHORITY_ID) VALUES ((SELECT ID FROM STEP WHERE CODE ='ST_CT_51'), 12);
INSERT INTO STEP_AUTHORITY (STEP_ID, AUTHORITY_ID) VALUES ((SELECT ID FROM STEP WHERE CODE ='ST_CT_52'), 12);
INSERT INTO STEP_AUTHORITY (STEP_ID, AUTHORITY_ID) VALUES ((SELECT ID FROM STEP WHERE CODE ='ST_CT_53'), 6);
INSERT INTO STEP_AUTHORITY (STEP_ID, AUTHORITY_ID) VALUES ((SELECT ID FROM STEP WHERE CODE ='ST_CT_54'), 13);
INSERT INTO STEP_AUTHORITY (STEP_ID, AUTHORITY_ID) VALUES ((SELECT ID FROM STEP WHERE CODE ='ST_CT_55'), 13);
INSERT INTO STEP_AUTHORITY (STEP_ID, AUTHORITY_ID) VALUES ((SELECT ID FROM STEP WHERE CODE ='ST_CT_56'), 17);

--- Create global DATA_TYPE

INSERT INTO DATA_TYPE (ID, FLOW_ID, LABEL, REQUIRED, TYPE) VALUES (DATA_TYPE_SEQ.NEXTVAL, (SELECT ID FROM FLOW WHERE CODE = 'FL_CT_110'), 'Observation',  0, 'inputTextarea');
INSERT INTO DATA_TYPE (ID, FLOW_ID, LABEL, REQUIRED, TYPE) VALUES (DATA_TYPE_SEQ.NEXTVAL, (SELECT ID FROM FLOW WHERE CODE = 'FL_CT_111'), 'Observation',  0, 'inputTextarea');
INSERT INTO DATA_TYPE (ID, FLOW_ID, LABEL, REQUIRED, TYPE) VALUES (DATA_TYPE_SEQ.NEXTVAL, (SELECT ID FROM FLOW WHERE CODE = 'FL_CT_108'), 'Observation',  1, 'inputTextarea');
INSERT INTO DATA_TYPE (ID, FLOW_ID, LABEL, REQUIRED, TYPE) VALUES (DATA_TYPE_SEQ.NEXTVAL, (SELECT ID FROM FLOW WHERE CODE = 'FL_CT_109'), 'Observation',  0, 'inputTextarea');
INSERT INTO DATA_TYPE (ID, FLOW_ID, LABEL, REQUIRED, TYPE) VALUES (DATA_TYPE_SEQ.NEXTVAL, (SELECT ID FROM FLOW WHERE CODE = 'FL_CT_112'), 'Observation',  0, 'inputTextarea');
INSERT INTO DATA_TYPE (ID, FLOW_ID, LABEL, REQUIRED, TYPE) VALUES (DATA_TYPE_SEQ.NEXTVAL, (SELECT ID FROM FLOW WHERE CODE = 'FL_CT_113'), 'Observation',  1, 'inputTextarea');
INSERT INTO DATA_TYPE (ID, FLOW_ID, LABEL, REQUIRED, TYPE) VALUES (DATA_TYPE_SEQ.NEXTVAL, (SELECT ID FROM FLOW WHERE CODE = 'FL_CT_114'), 'Observation',  0, 'inputTextarea');
INSERT INTO DATA_TYPE (ID, FLOW_ID, LABEL, REQUIRED, TYPE) VALUES (DATA_TYPE_SEQ.NEXTVAL, (SELECT ID FROM FLOW WHERE CODE = 'FL_CT_115'), 'Observation',  1, 'inputTextarea');
INSERT INTO DATA_TYPE (ID, FLOW_ID, LABEL, REQUIRED, TYPE) VALUES (DATA_TYPE_SEQ.NEXTVAL, (SELECT ID FROM FLOW WHERE CODE = 'FL_CT_116'), 'Observation',  1, 'inputTextarea');

-----------------------------------------------------------
----- Specific configuration for cte process (id=33) ------
-----------------------------------------------------------

-- Set FileTypeFlow
INSERT INTO FILE_TYPE_FLOW (LABEL_EN, LABEL_FR, FILE_TYPE_ID, FLOW_ID) VALUES ('Validation Modification du certificat phytosanitaire pour signature', 'Validation Modification du certificat phytosanitaire pour signature', 33, (SELECT MAX(ID) FROM FLOW WHERE CODE='FL_CT_112'));
INSERT INTO FILE_TYPE_FLOW (LABEL_EN, LABEL_FR, FILE_TYPE_ID, FLOW_ID) VALUES ('Rejet Suite Recevabilité - Demande de modification certificat phytosanitaire', 'Rejet Suite Recevabilité - Demande de modification certificat phytosanitaire', 33, (SELECT MAX(ID) FROM FLOW WHERE CODE='FL_CT_108'));
INSERT INTO FILE_TYPE_FLOW (LABEL_EN, LABEL_FR, FILE_TYPE_ID, FLOW_ID) VALUES ('Rejet Suite Etude Approfondie - Demande de modification certificat phytosanitaire', 'Rejet Suite Etude Approfondie - Demande de modification certificat phytosanitaire', 33, (SELECT MAX(ID) FROM FLOW WHERE CODE='FL_CT_113'));
INSERT INTO FILE_TYPE_FLOW (LABEL_EN, LABEL_FR, FILE_TYPE_ID, FLOW_ID) VALUES ('Signature Modification Certificat phytosanitaire', 'Signature Modification Certificat phytosanitaire', 33, (SELECT MAX(ID) FROM FLOW WHERE CODE='FL_CT_114'));
INSERT INTO FILE_TYPE_FLOW (LABEL_EN, LABEL_FR, FILE_TYPE_ID, FLOW_ID) VALUES ('Refus de signature modification certificat phytosanitaire', 'Refus de signature modification certificat phytosanitaire', 33, (SELECT MAX(ID) FROM FLOW WHERE CODE='FL_CT_115'));
INSERT INTO FILE_TYPE_FLOW (LABEL_EN, LABEL_FR, FILE_TYPE_ID, FLOW_ID) VALUES ('Demande de modification certificat phytosanitaire', 'Demande de modification certificat phytosanitaire', 33, (SELECT MAX(ID) FROM FLOW WHERE CODE='FL_CT_110'));
INSERT INTO FILE_TYPE_FLOW (LABEL_EN, LABEL_FR, FILE_TYPE_ID, FLOW_ID) VALUES ('Validation suite recevabilité - Demande de modification certificat phytosanitaire', 'Validation suite recevabilité - Demande de modification certificat phytosanitaire', 33, (SELECT MAX(ID) FROM FLOW WHERE CODE='FL_CT_111'));
INSERT INTO FILE_TYPE_FLOW (LABEL_EN, LABEL_FR, FILE_TYPE_ID, FLOW_ID) VALUES ('Cotation - Demande de modification certificat phytosanitaire', 'Cotation - Demande de modification certificat phytosanitaire', 33, (SELECT MAX(ID) FROM FLOW WHERE CODE='FL_CT_109'));
INSERT INTO FILE_TYPE_FLOW (LABEL_EN, LABEL_FR, FILE_TYPE_ID, FLOW_ID) VALUES ('Rejet Suite Etude Approfondie Cotation - Demande de modification certificat phytosanitaire', 'Rejet Suite Etude Approfondie Cotation - Demande de modification certificat phytosanitaire', 33, (SELECT MAX(ID) FROM FLOW WHERE CODE='FL_CT_116'));
INSERT INTO FILE_TYPE_FLOW (LABEL_EN, LABEL_FR, FILE_TYPE_ID, FLOW_ID) VALUES ('Validation Suite Etude Approfondie Cotation - Demande de modification certificat phytosanitaire', 'Validation Suite Etude Approfondie Cotation - Demande de modification certificat phytosanitaire', 33, (SELECT MAX(ID) FROM FLOW WHERE CODE='FL_CT_117'));

-- Set FlowGuceSiat
INSERT INTO FLOW_GUCE_SIAT(ID, FLOW_GUCE, FLOW_SIAT, FILE_TYPE_ID) VALUES (FLOW_GUCE_SIAT_SEQ.NEXTVAL, 'CTE001M1', 'FL_CT_110', 33);
INSERT INTO FLOW_GUCE_SIAT(ID, FLOW_GUCE, FLOW_SIAT, FILE_TYPE_ID) VALUES (FLOW_GUCE_SIAT_SEQ.NEXTVAL, 'CTE001M3', 'FL_CT_108', 33);
INSERT INTO FLOW_GUCE_SIAT(ID, FLOW_GUCE, FLOW_SIAT, FILE_TYPE_ID) VALUES (FLOW_GUCE_SIAT_SEQ.NEXTVAL, 'CTE001M3', 'FL_CT_113', 33);
INSERT INTO FLOW_GUCE_SIAT(ID, FLOW_GUCE, FLOW_SIAT, FILE_TYPE_ID) VALUES (FLOW_GUCE_SIAT_SEQ.NEXTVAL, 'CTE001M3', 'FL_CT_116', 33);
INSERT INTO FLOW_GUCE_SIAT(ID, FLOW_GUCE, FLOW_SIAT, FILE_TYPE_ID) VALUES (FLOW_GUCE_SIAT_SEQ.NEXTVAL, 'CTE001M4', 'FL_CT_114', 33);
INSERT INTO FLOW_GUCE_SIAT(ID, FLOW_GUCE, FLOW_SIAT, FILE_TYPE_ID) VALUES (FLOW_GUCE_SIAT_SEQ.NEXTVAL, 'CTE001M4', 'FL_CT_117', 33);

-- Set FileTypeStep
INSERT INTO FILE_TYPE_STEP (LABEL_EN,LABEL_FR,FILE_TYPE_ID,STEP_ID) VALUES ('Demande de modification - Certificat phytosanitaire', 'Demande de modification - Certificat phytosanitaire', 33, (SELECT ID FROM STEP WHERE CODE ='ST_CT_51'));
INSERT INTO FILE_TYPE_STEP (LABEL_EN,LABEL_FR,FILE_TYPE_ID,STEP_ID) VALUES ('Recevabilité - Demande de modification certificat phytosanitaire', 'Recevabilité - Demande de modification certificat phytosanitaire', 33, (SELECT ID FROM STEP WHERE CODE ='ST_CT_52'));
INSERT INTO FILE_TYPE_STEP (LABEL_EN,LABEL_FR,FILE_TYPE_ID,STEP_ID) VALUES ('Cotation - Demande de modification certificat phytosanitaire', 'Cotation - Demande de modification certificat phytosanitaire', 33, (SELECT ID FROM STEP WHERE CODE ='ST_CT_53'));
INSERT INTO FILE_TYPE_STEP (LABEL_EN,LABEL_FR,FILE_TYPE_ID,STEP_ID) VALUES ('Rejet - Demande de modification certificat phytosanitaire', 'Rejet - Demande de modification certificat phytosanitaire', 33, (SELECT ID FROM STEP WHERE CODE ='ST_CT_54'));
INSERT INTO FILE_TYPE_STEP (LABEL_EN,LABEL_FR,FILE_TYPE_ID,STEP_ID) VALUES ('Traitement - Demande de modification certificat phytosanitaire', 'Traitement - Demande de modification certificat phytosanitaire', 33, (SELECT ID FROM STEP WHERE CODE ='ST_CT_55'));
INSERT INTO FILE_TYPE_STEP (LABEL_EN,LABEL_FR,FILE_TYPE_ID,STEP_ID) VALUES ('Signature - Demande de modification certificat phytosanitaire', 'Signature - Demande de modification certificat phytosanitaire', 33, (SELECT ID FROM STEP WHERE CODE ='ST_CT_56'));

-- Set FileTypeReport
INSERT INTO FILE_TYPE_FLOW_REPORT (ID, FILE_FIELD_NAME, FILE_TYPE_ID, FLOW_ID, ORGANISM_ID, REPORT_CLASS_NAME, REPORT_NAME) VALUES(FILE_TYPE_FLOW_REPORT_SEQ.NEXTVAL, 'NUMERO_CT_CCT_CP_E', 33, (SELECT MAX(ID) FROM FLOW WHERE CODE = 'FL_CT_114'), 3, 'org.guce.siat.web.reports.exporter.CtCctCpEExporter', 'NUMERO_CT_CCT_CP_E.pdf');
INSERT INTO FILE_TYPE_FLOW_REPORT (ID, FILE_FIELD_NAME, FILE_TYPE_ID, FLOW_ID, ORGANISM_ID, REPORT_CLASS_NAME, REPORT_NAME) VALUES(FILE_TYPE_FLOW_REPORT_SEQ.NEXTVAL, 'NUMERO_CT_CCT_CP_E', 33, (SELECT MAX(ID) FROM FLOW WHERE CODE = 'FL_CT_117'), 3, 'org.guce.siat.web.reports.exporter.CtCctCpEExporter', 'NUMERO_CT_CCT_CP_E.pdf');

---------------------
--- RFC 6 -----------
---------------------

INSERT INTO FIELD_GROUP (ID, LABEL_FR, LABEL_EN) VALUES (64, 'Autre Information', 'Additional information');

INSERT INTO FILE_FIELD (ID,FILE_TYPE_ID,CODE,LABEL_FR,LABEL_EN,REPEATABLE,GROUP_ID,UPDATABLE) VALUES (FILE_FIELD_SEQ.NEXTVAL,33,'AUTRE_INFORMATION_DECLARATION_ADDITIONNELLE','Déclaration additionnelle','Additional declaration',0,64,1);
INSERT INTO FILE_FIELD (ID,FILE_TYPE_ID,CODE,LABEL_FR,LABEL_EN,REPEATABLE,GROUP_ID,UPDATABLE) VALUES (FILE_FIELD_SEQ.NEXTVAL,33,'AUTRE_INFORMATION_DATE_TRAITEMENT','Date de traitement','Treatment date',0,64,1);
INSERT INTO FILE_FIELD (ID,FILE_TYPE_ID,CODE,LABEL_FR,LABEL_EN,REPEATABLE,GROUP_ID,UPDATABLE) VALUES (FILE_FIELD_SEQ.NEXTVAL,33,'AUTRE_INFORMATION_TYPE_TRAITEMENT','Type de traitement','Treatment type',0,64,1);
INSERT INTO FILE_FIELD (ID,FILE_TYPE_ID,CODE,LABEL_FR,LABEL_EN,REPEATABLE,GROUP_ID,UPDATABLE) VALUES (FILE_FIELD_SEQ.NEXTVAL,33,'AUTRE_INFORMATION_DUREE_TRAITEMENT','Durée de traitement','Treatment duration',0,64,1);
INSERT INTO FILE_FIELD (ID,FILE_TYPE_ID,CODE,LABEL_FR,LABEL_EN,REPEATABLE,GROUP_ID,UPDATABLE) VALUES (FILE_FIELD_SEQ.NEXTVAL,33,'AUTRE_INFORMATION_TEMPERATURE','Température','Temperature',0,64,1);
INSERT INTO FILE_FIELD (ID,FILE_TYPE_ID,CODE,LABEL_FR,LABEL_EN,REPEATABLE,GROUP_ID,UPDATABLE) VALUES (FILE_FIELD_SEQ.NEXTVAL,33,'AUTRE_INFORMATION_TRAITEMENT_EFFECTUE','Traitements effectués','Treatments performed',0,64,1);
INSERT INTO FILE_FIELD (ID,FILE_TYPE_ID,CODE,LABEL_FR,LABEL_EN,REPEATABLE,GROUP_ID,UPDATABLE) VALUES (FILE_FIELD_SEQ.NEXTVAL,33,'AUTRE_INFORMATION_PRODUIT_CHIMIQUE','Produit chimique (Matière Active)','Chimical product (Active ingredient)',0,64,1);
INSERT INTO FILE_FIELD (ID,FILE_TYPE_ID,CODE,LABEL_FR,LABEL_EN,REPEATABLE,GROUP_ID,UPDATABLE) VALUES (FILE_FIELD_SEQ.NEXTVAL,33,'AUTRE_INFORMATION_CONCENTRATION','Concentration','Concentration',0,64,1);
INSERT INTO FILE_FIELD (ID,FILE_TYPE_ID,CODE,LABEL_FR,LABEL_EN,REPEATABLE,GROUP_ID,UPDATABLE) VALUES (FILE_FIELD_SEQ.NEXTVAL,33,'AUTRE_INFORMATION_RENSEIGNEMENT_COMPLEMENTAIRE','Renseignement complémentaire','Extra information',0,64,1);
INSERT INTO FILE_FIELD (ID,FILE_TYPE_ID,CODE,LABEL_FR,LABEL_EN,REPEATABLE,GROUP_ID,UPDATABLE) VALUES (FILE_FIELD_SEQ.NEXTVAL,33,'AUTRE_INFORMATION_FUMIGATION','Fumigation','Fumigation',0,64,1);
INSERT INTO FILE_FIELD (ID,FILE_TYPE_ID,CODE,LABEL_FR,LABEL_EN,REPEATABLE,GROUP_ID,UPDATABLE) VALUES (FILE_FIELD_SEQ.NEXTVAL,33,'AUTRE_INFORMATION_DESINFECTION','Désinfection','Disinfection',0,64,1);

-- Autre contact
-- Destinataire
INSERT INTO FILE_FIELD (ID,FILE_TYPE_ID,CODE,LABEL_FR,LABEL_EN,REPEATABLE,GROUP_ID,UPDATABLE) VALUES (FILE_FIELD_SEQ.NEXTVAL,33,'DESTINATAIRE_AUTRE_CONTACT','Autre Contact','Autre Contact',0,8,1);
INSERT INTO FILE_FIELD (ID,FILE_TYPE_ID,CODE,LABEL_FR,LABEL_EN,REPEATABLE,GROUP_ID,UPDATABLE) VALUES (FILE_FIELD_SEQ.NEXTVAL,36,'DESTINATAIRE_AUTRE_CONTACT','Autre Contact','Autre Contact',0,8,1);
INSERT INTO FILE_FIELD (ID,FILE_TYPE_ID,CODE,LABEL_FR,LABEL_EN,REPEATABLE,GROUP_ID,UPDATABLE) VALUES (FILE_FIELD_SEQ.NEXTVAL,37,'DESTINATAIRE_AUTRE_CONTACT','Autre Contact','Autre Contact',0,8,1);
INSERT INTO FILE_FIELD (ID,FILE_TYPE_ID,CODE,LABEL_FR,LABEL_EN,REPEATABLE,GROUP_ID,UPDATABLE) VALUES (FILE_FIELD_SEQ.NEXTVAL,39,'DESTINATAIRE_AUTRE_CONTACT','Autre Contact','Autre Contact',0,8,1);
-- Déclarant
INSERT INTO FILE_FIELD (ID,FILE_TYPE_ID,CODE,LABEL_FR,LABEL_EN,REPEATABLE,GROUP_ID,UPDATABLE) VALUES (FILE_FIELD_SEQ.NEXTVAL,33,'CLIENT_AUTRE_CONTACT','Autre Contact','Autre Contact',0,1,1);
INSERT INTO FILE_FIELD (ID,FILE_TYPE_ID,CODE,LABEL_FR,LABEL_EN,REPEATABLE,GROUP_ID,UPDATABLE) VALUES (FILE_FIELD_SEQ.NEXTVAL,36,'CLIENT_AUTRE_CONTACT','Autre Contact','Autre Contact',0,1,1);
INSERT INTO FILE_FIELD (ID,FILE_TYPE_ID,CODE,LABEL_FR,LABEL_EN,REPEATABLE,GROUP_ID,UPDATABLE) VALUES (FILE_FIELD_SEQ.NEXTVAL,37,'CLIENT_AUTRE_CONTACT','Autre Contact','Autre Contact',0,1,1);
INSERT INTO FILE_FIELD (ID,FILE_TYPE_ID,CODE,LABEL_FR,LABEL_EN,REPEATABLE,GROUP_ID,UPDATABLE) VALUES (FILE_FIELD_SEQ.NEXTVAL,39,'CLIENT_AUTRE_CONTACT','Autre Contact','Autre Contact',0,1,1);

--COMMIT;
